method	path	group	operation_id	published_tools	current_tools	focused_skills	status	deprecated
GET	/1stdibs/categories	1stDibs	firstdibs-categories	firstdibs_categories	firstdibs_categories	luxury-resale-research	focused	false
GET	/1stdibs/designers	1stDibs	firstdibs-designers	firstdibs_designers	firstdibs_designers	luxury-resale-research	focused	false
GET	/1stdibs/product	1stDibs	firstdibs-product	firstdibs_product	firstdibs_product	luxury-resale-research	focused	false
GET	/1stdibs/search	1stDibs	firstdibs-search	firstdibs_search	firstdibs_search	luxury-resale-research	focused	false
GET	/7now/catalog	7NOW	7now-catalog	sevennow_catalog	sevennow_catalog	restaurant-food-delivery-research	focused	false
GET	/7now/categories	7NOW	7now-categories	sevennow_categories	sevennow_categories	restaurant-food-delivery-research	focused	false
GET	/7now/category	7NOW	7now-category	sevennow_category	sevennow_category	restaurant-food-delivery-research	focused	false
GET	/7now/combo	7NOW	7now-combo	sevennow_combo	sevennow_combo	restaurant-food-delivery-research	focused	false
GET	/7now/combos	7NOW	7now-combos	sevennow_combos	sevennow_combos	restaurant-food-delivery-research	focused	false
GET	/7now/deals	7NOW	7now-deals	sevennow_deals	sevennow_deals	restaurant-food-delivery-research	focused	false
GET	/7now/offers	7NOW	7now-offers	sevennow_offers	sevennow_offers	restaurant-food-delivery-research	focused	false
GET	/7now/popular	7NOW	7now-popular	sevennow_popular	sevennow_popular	restaurant-food-delivery-research	focused	false
GET	/7now/product	7NOW	7now-product	sevennow_product	sevennow_product	restaurant-food-delivery-research	focused	false
GET	/7now/promotion	7NOW	7now-promotion	sevennow_promotion	sevennow_promotion	restaurant-food-delivery-research	focused	false
GET	/7now/search	7NOW	7now-search	sevennow_search	sevennow_search	restaurant-food-delivery-research	focused	false
GET	/7now/stores	7NOW	7now-stores	sevennow_stores	sevennow_stores	restaurant-food-delivery-research	focused	false
GET	/7now/suggest	7NOW	7now-suggest	sevennow_suggest	sevennow_suggest	restaurant-food-delivery-research	focused	false
GET	/abcau/article	ABC News Australia	abcau-article	abcau_article	abcau_article	news-media-research	focused	false
GET	/abcau/author	ABC News Australia	abcau-author	abcau_author	abcau_author	news-media-research	focused	false
GET	/abcau/headlines	ABC News Australia	abcau-headlines	abcau_headlines	abcau_headlines	news-media-research	focused	false
GET	/abcau/news	ABC News Australia	abcau-news	abcau_news	abcau_news	news-media-research	focused	false
GET	/abcau/sections	ABC News Australia	abcau-sections	abcau_sections	abcau_sections	news-media-research	focused	false
GET	/abcnews/article	ABC News	abcnews-article	abcnews_article	abcnews_article	news-media-research	focused	false
GET	/abcnews/author	ABC News	abcnews-author	abcnews_author	abcnews_author	news-media-research	focused	false
GET	/abcnews/headlines	ABC News	abcnews-headlines	abcnews_headlines	abcnews_headlines	news-media-research	focused	false
GET	/abcnews/news	ABC News	abcnews-news	abcnews_news	abcnews_news	news-media-research	focused	false
GET	/abcnews/sections	ABC News	abcnews-sections	abcnews_sections	abcnews_sections	news-media-research	focused	false
GET	/accor/amenities	Accor	accor-amenities	accor_amenities	accor_amenities	travel-hotel-research	focused	false
GET	/accor/brands	Accor	accor-brands	accor_brands	accor_brands	travel-hotel-research	focused	false
GET	/accor/catalog/hotels	Accor	accor-catalog-hotels	accor_catalog_hotels	accor_catalog_hotels	travel-hotel-research	focused	false
GET	/accor/destination/hotels	Accor	accor-destination-hotels	accor_destination_hotels	accor_destination_hotels	travel-hotel-research	focused	false
GET	/accor/property	Accor	accor-property	accor_property	accor_property	travel-hotel-research	focused	false
GET	/accor/search	Accor	accor-search	accor_search	accor_search	travel-hotel-research	focused	false
GET	/accor/search/details	Accor	accor-search-details	accor_search_details	accor_search_details	travel-hotel-research	focused	false
GET	/accor/search/suggest	Accor	accor-search-suggest	accor_search_suggest	accor_search_suggest	travel-hotel-research	focused	false
GET	/adidas/product	Adidas	adidas-product	adidas_product	adidas_product	product-price-research	focused	false
GET	/adidas/product/review-topics	Adidas	adidas-product-review-topics	adidas_product_review_topics	adidas_product_review_topics	customer-feedback-analysis, product-price-research	focused	false
GET	/adidas/product/reviews	Adidas	adidas-product-reviews	adidas_product_reviews	adidas_product_reviews	customer-feedback-analysis, product-price-research	focused	false
GET	/adidas/search	Adidas	adidas-search	adidas_search	adidas_search	customer-feedback-analysis, product-price-research	focused	false
GET	/adidas/store	Adidas	adidas-store	adidas_store	adidas_store	product-price-research	focused	false
GET	/adidas/stores	Adidas	adidas-stores	adidas_stores	adidas_stores	product-price-research	focused	false
GET	/adidas/suggest	Adidas	adidas-suggest	adidas_suggest	adidas_suggest	product-price-research	focused	false
GET	/admin/account-deletions	Account Deletion	admin-account-deletions-list				outside-exported-mcp	false
POST	/admin/account-deletions	Account Deletion	admin-account-deletions-create				outside-exported-mcp	false
GET	/admin/account-deletions/{id}	Account Deletion	admin-account-deletions-detail				outside-exported-mcp	false
POST	/admin/account-deletions/{id}/abort	Account Deletion	admin-account-deletions-abort				outside-exported-mcp	false
POST	/admin/account-deletions/{id}/approve	Account Deletion	admin-account-deletions-approve				outside-exported-mcp	false
POST	/admin/account-deletions/{id}/reject	Account Deletion	admin-account-deletions-reject				outside-exported-mcp	false
GET	/admin/billing/analytics/revenue/breakdown	Billing	admin-billing-revenue-breakdown				outside-exported-mcp	false
GET	/admin/billing/analytics/revenue/export.csv	Billing	admin-billing-revenue-export				outside-exported-mcp	false
GET	/admin/billing/analytics/revenue/funnel	Billing	admin-billing-revenue-funnel				outside-exported-mcp	false
GET	/admin/billing/analytics/revenue/summary	Billing	admin-billing-revenue-summary				outside-exported-mcp	false
GET	/admin/billing/analytics/revenue/timeseries	Billing	admin-billing-revenue-timeseries				outside-exported-mcp	false
GET	/admin/billing/audit/invoices/{invoice_id}	Billing	admin-billing-audit-invoice-review				outside-exported-mcp	false
GET	/admin/billing/audit/users/{id}	Billing	admin-billing-audit-user-review				outside-exported-mcp	false
GET	/admin/billing/audits	Billing	admin-billing-audit-runs				outside-exported-mcp	false
POST	/admin/billing/audits	Billing	admin-billing-audit-run				outside-exported-mcp	false
GET	/admin/billing/audits/{run_id}	Billing	admin-billing-audit-detail				outside-exported-mcp	false
POST	/admin/billing/audits/{run_id}/findings/{finding_id}/repair	Billing	admin-billing-audit-finding-repair				outside-exported-mcp	false
GET	/admin/billing/audits/latest	Billing	admin-billing-audit-latest				outside-exported-mcp	false
GET	/admin/billing/consistency	Billing	admin-billing-consistency				outside-exported-mcp	false
GET	/admin/billing/exports/period-ledgers.csv	Billing	admin-billing-period-ledgers-export				outside-exported-mcp	false
GET	/admin/billing/finance/aging	Billing	admin-billing-finance-aging				outside-exported-mcp	false
GET	/admin/billing/finance/overview	Billing	admin-billing-finance-overview				outside-exported-mcp	false
GET	/admin/billing/finance/periods	Billing	admin-billing-finance-periods				outside-exported-mcp	false
GET	/admin/billing/ip-lookup	Billing	admin-billing-ip-lookup				outside-exported-mcp	false
GET	/admin/billing/mismatches	Billing	admin-billing-mismatches				outside-exported-mcp	false
GET	/admin/billing/mismatches/summary	Billing	admin-billing-mismatches-summary				outside-exported-mcp	false
POST	/admin/billing/periods/close-expired	Billing	admin-billing-periods-close-expired				outside-exported-mcp	false
GET	/admin/billing/rejections	Billing	admin-billing-rejections				outside-exported-mcp	false
GET	/admin/billing/statements/{statement_id}/download	Billing	admin-billing-statement-download				outside-exported-mcp	false
GET	/admin/billing/statements/{statement_id}/evidence	Billing	admin-billing-statement-evidence				outside-exported-mcp	false
GET	/admin/billing/statements/{statement_id}/verify	Billing	admin-billing-statement-verify				outside-exported-mcp	false
GET	/admin/billing/stats/requests/timeseries	Billing	admin-billing-stats-requests-timeseries				outside-exported-mcp	false
GET	/admin/billing/stats/users	Billing	admin-billing-stats-users				outside-exported-mcp	false
GET	/admin/billing/stats/users/list	Billing	admin-billing-stats-users-list				outside-exported-mcp	false
GET	/admin/billing/stats/users/timeseries	Billing	admin-billing-stats-users-timeseries				outside-exported-mcp	false
GET	/admin/billing/stripe/adjustment-events	Billing	admin-billing-stripe-adjustment-events				outside-exported-mcp	false
POST	/admin/billing/stripe/adjustment-events/reconcile	Billing	admin-billing-stripe-adjustment-events-reconcile				outside-exported-mcp	false
GET	/admin/billing/stripe/customer-aliases	Billing	admin-billing-stripe-customer-aliases				outside-exported-mcp	false
POST	/admin/billing/stripe/customer-aliases	Billing	admin-billing-stripe-customer-alias-create				outside-exported-mcp	false
POST	/admin/billing/stripe/customer-aliases/{customer_id}/revoke	Billing	admin-billing-stripe-customer-alias-revoke				outside-exported-mcp	false
GET	/admin/billing/stripe/invoice-events	Billing	admin-billing-stripe-invoice-events				outside-exported-mcp	false
POST	/admin/billing/stripe/invoice-events/reconcile	Billing	admin-billing-stripe-invoice-events-reconcile				outside-exported-mcp	false
GET	/admin/billing/stripe/invoices	Billing	admin-billing-stripe-invoices				outside-exported-mcp	false
GET	/admin/billing/stripe/invoices/{invoice_id}	Billing	admin-billing-stripe-invoice				outside-exported-mcp	false
POST	/admin/billing/stripe/invoices/{invoice_id}/refresh	Billing	admin-billing-stripe-invoice-refresh				outside-exported-mcp	false
POST	/admin/billing/stripe/relink-invoices	Billing	admin-billing-stripe-invoice-relink				outside-exported-mcp	false
POST	/admin/billing/stripe/repair	Billing	admin-billing-stripe-repair				outside-exported-mcp	false
POST	/admin/billing/stripe/repair/reset	Billing	admin-billing-stripe-repair-reset				outside-exported-mcp	false
GET	/admin/billing/stripe/repair/summary	Billing	admin-billing-stripe-repair-summary				outside-exported-mcp	false
POST	/admin/billing/stripe/subscriptions/repair	Billing	admin-billing-stripe-subscription-repair				outside-exported-mcp	false
POST	/admin/billing/stripe/sync-overage	Billing	admin-billing-stripe-sync-overage				outside-exported-mcp	false
GET	/admin/billing/summary	Billing	admin-billing-summary				outside-exported-mcp	false
GET	/admin/billing/users/{id}/account	Billing	admin-billing-user-account				outside-exported-mcp	false
POST	/admin/billing/users/{id}/ban	Billing	admin-billing-user-ban				outside-exported-mcp	false
POST	/admin/billing/users/{id}/credits	Billing	admin-billing-user-credits				outside-exported-mcp	false
POST	/admin/billing/users/{id}/credits/revoke	Billing	admin-billing-user-credits-revoke				outside-exported-mcp	false
GET	/admin/billing/users/{id}/events	Billing	admin-billing-user-events				outside-exported-mcp	false
GET	/admin/billing/users/{id}/periods	Billing	admin-billing-user-periods				outside-exported-mcp	false
POST	/admin/billing/users/{id}/periods/{period_key}/rebuild	Billing	admin-billing-user-period-rebuild				outside-exported-mcp	false
GET	/admin/billing/users/{id}/periods/{period_key}/statement	Billing	admin-billing-user-period-statement				outside-exported-mcp	false
POST	/admin/billing/users/{id}/periods/{period_key}/statement/freeze	Billing	admin-billing-user-period-statement-freeze				outside-exported-mcp	false
GET	/admin/billing/users/{id}/periods/{period_key}/statement/snapshots	Billing	admin-billing-user-period-statement-snapshots				outside-exported-mcp	false
POST	/admin/billing/users/{id}/periods/{period_key}/stripe-sync/reset	Billing	admin-billing-user-period-stripe-sync-reset				outside-exported-mcp	false
POST	/admin/billing/users/{id}/plan	Billing	admin-billing-user-plan				outside-exported-mcp	false
GET	/admin/billing/users/{id}/state	Billing	admin-billing-user-state				outside-exported-mcp	false
GET	/admin/billing/users/{id}/subscription-history	Billing	admin-billing-user-subscription-history				outside-exported-mcp	false
POST	/admin/billing/users/{id}/unban	Billing	admin-billing-user-unban				outside-exported-mcp	false
GET	/admin/billing/users/{id}/usage/recent-ips	Billing	admin-billing-user-usage-recent-ips				outside-exported-mcp	false
GET	/admin/referrals	Referrals	admin-referrals-list				outside-exported-mcp	false
GET	/admin/referrals/{id}	Referrals	admin-referrals-detail				outside-exported-mcp	false
POST	/admin/referrals/{id}/approve	Referrals	admin-referrals-approve				outside-exported-mcp	false
POST	/admin/referrals/{id}/hold	Referrals	admin-referrals-hold				outside-exported-mcp	false
POST	/admin/referrals/{id}/reject	Referrals	admin-referrals-reject				outside-exported-mcp	false
POST	/admin/referrals/recover	Referrals	admin-referrals-recover				outside-exported-mcp	false
GET	/admin/referrals/stats	Referrals	admin-referrals-stats				outside-exported-mcp	false
GET	/agoda/activities/{activity_id}	Agoda	agoda-activity-detail	agoda_activity_detail	agoda_activity_detail	travel-accommodation-research, travel-hotel-research	focused	false
GET	/agoda/activities/search	Agoda	agoda-activities-search	agoda_activities_search	agoda_activities_search	travel-accommodation-research, travel-hotel-research	focused	false
POST	/agoda/flights/itinerary-amenities	Agoda	agoda-flights-itinerary-amenities	agoda_flights_itinerary_amenities	agoda_flights_itinerary_amenities	travel-accommodation-research, travel-hotel-research	focused	false
GET	/agoda/flights/search	Agoda	agoda-flights-search	agoda_flights_search	agoda_flights_search	travel-accommodation-research, travel-hotel-research	focused	false
GET	/agoda/flights/search-locations	Agoda	agoda-flights-search-locations	agoda_flights_search_locations	agoda_flights_search_locations	travel-accommodation-research, travel-hotel-research	focused	false
GET	/agoda/homes/search	Agoda	agoda-homes-search	agoda_homes_search	agoda_homes_search	travel-accommodation-research, travel-hotel-research	focused	false
GET	/agoda/hotels/{property_id}	Agoda	agoda-hotel-detail	agoda_hotel_detail	agoda_hotel_detail	travel-accommodation-research, travel-hotel-research	focused	false
GET	/agoda/hotels/search	Agoda	agoda-hotels-search	agoda_hotels_search	agoda_hotels_search	travel-accommodation-research, travel-hotel-research	focused	false
GET	/airbnb/host/{id}	Airbnb	airbnb-host	airbnb_host	airbnb_host	travel-accommodation-research, travel-hotel-research	focused	false
GET	/airbnb/host/{id}/listings	Airbnb	airbnb-host-listings	airbnb_host_listings	airbnb_host_listings	travel-accommodation-research, travel-hotel-research	focused	false
GET	/airbnb/host/{id}/reviews	Airbnb	airbnb-host-reviews	airbnb_host_reviews	airbnb_host_reviews	travel-accommodation-research, travel-hotel-research	focused	false
GET	/airbnb/room/{id}	Airbnb	airbnb-room	airbnb_room	airbnb_room	short-term-rental-market-research, travel-accommodation-research, travel-hotel-research	focused	false
GET	/airbnb/room/{id}/calendar	Airbnb	airbnb-room-calendar	airbnb_room_calendar	airbnb_room_calendar	short-term-rental-market-research, travel-accommodation-research, travel-hotel-research	focused	false
GET	/airbnb/room/{id}/reviews	Airbnb	airbnb-room-reviews	airbnb_room_reviews	airbnb_room_reviews	short-term-rental-market-research, travel-accommodation-research, travel-hotel-research	focused	false
GET	/airbnb/search	Airbnb	airbnb-search	airbnb_search	airbnb_search	short-term-rental-market-research, travel-accommodation-research, travel-hotel-research	focused	false
GET	/alcom/headlines	AL.com	alcom-headlines	alcom_headlines	alcom_headlines	news-media-research	focused	false
GET	/alcom/news	AL.com	alcom-news	alcom_news	alcom_news	news-media-research	focused	false
GET	/alcom/sections	AL.com	alcom-sections	alcom_sections	alcom_sections	news-media-research	focused	false
GET	/aliexpress/reviews	AliExpress	aliexpress-reviews	aliexpress_reviews	aliexpress_reviews	product-price-research	focused	false
GET	/aliexpress/search	AliExpress	aliexpress-search	aliexpress_search	aliexpress_search	product-price-research	focused	false
GET	/aliexpress/search-filters	AliExpress	aliexpress-search-filters	aliexpress_search_filters	aliexpress_search_filters	product-price-research	focused	false
GET	/aljazeera/article	Al Jazeera	aljazeera-article	aljazeera_article	aljazeera_article	news-media-research	focused	false
GET	/aljazeera/author	Al Jazeera	aljazeera-author	aljazeera_author	aljazeera_author	news-media-research	focused	false
GET	/aljazeera/categories	Al Jazeera	aljazeera-categories	aljazeera_categories	aljazeera_categories	news-media-research	focused	false
GET	/aljazeera/headlines	Al Jazeera	aljazeera-headlines	aljazeera_headlines	aljazeera_headlines	news-media-research	focused	false
GET	/aljazeera/topic	Al Jazeera	aljazeera-topic	aljazeera_topic	aljazeera_topic	news-media-research	focused	false
GET	/allbirds/collections	Allbirds	allbirds-collections	allbirds_collections	allbirds_collections	shopify-research	focused	false
GET	/allbirds/collections/{handle}/products	Allbirds	allbirds-collection-products	allbirds_collection_products	allbirds_collection_products	shopify-research	focused	false
GET	/allbirds/pages	Allbirds	allbirds-pages	allbirds_pages	allbirds_pages	shopify-research	focused	false
GET	/allbirds/pages/{handle}	Allbirds	allbirds-page	allbirds_page	allbirds_page	shopify-research	focused	false
GET	/allbirds/products	Allbirds	allbirds-products	allbirds_products	allbirds_products	shopify-research	focused	false
GET	/allbirds/products/{handle}	Allbirds	allbirds-product	allbirds_product	allbirds_product	shopify-research	focused	false
GET	/allbirds/products/{handle}/recommendations	Allbirds	allbirds-product-recommendations	allbirds_product_recommendations	allbirds_product_recommendations	shopify-research	focused	false
GET	/allbirds/search/suggest	Allbirds	allbirds-search-suggest	allbirds_search_suggest	allbirds_search_suggest	shopify-research	focused	false
GET	/allbirds/sitemap/urls	Allbirds	allbirds-sitemap-urls	allbirds_sitemap_urls	allbirds_sitemap_urls	shopify-research	focused	false
GET	/allbirds/sitemaps	Allbirds	allbirds-sitemaps	allbirds_sitemaps	allbirds_sitemaps	shopify-research	focused	false
GET	/allbirds/store	Allbirds	allbirds-store	allbirds_store	allbirds_store	shopify-research	focused	false
GET	/alt/asset	Alt	alt-asset	alt_asset	alt_asset	collectibles-market-research	focused	false
GET	/alt/auctions	Alt	alt-auctions	alt_auctions	alt_auctions	collectibles-market-research	focused	false
GET	/alt/card-search	Alt	alt-card-search	alt_card_search	alt_card_search	collectibles-market-research	focused	false
GET	/alt/categories	Alt	alt-categories	alt_categories	alt_categories	collectibles-market-research	focused	false
GET	/alt/listing	Alt	alt-listing	alt_listing	alt_listing	collectibles-market-research	focused	false
GET	/alt/market-trends	Alt	alt-market-trends	alt_market_trends	alt_market_trends	collectibles-market-research	focused	false
GET	/alt/search	Alt	alt-search	alt_search	alt_search	collectibles-market-research	focused	false
GET	/alt/sold-listings	Alt	alt-sold-listings	alt_sold_listings	alt_sold_listings	collectibles-market-research	focused	false
GET	/alt/top-movers	Alt	alt-top-movers	alt_top_movers	alt_top_movers	collectibles-market-research	focused	false
GET	/amazon-jobs/categories	Amazon Jobs	amazon-jobs-categories	amazon_jobs_categories	amazon_jobs_categories	amazon-jobs-research, job-market-research	focused	false
GET	/amazon-jobs/job	Amazon Jobs	amazon-jobs-job	amazon_jobs_job	amazon_jobs_job	amazon-jobs-research, job-market-research	focused	false
GET	/amazon-jobs/search	Amazon Jobs	amazon-jobs-search	amazon_jobs_search	amazon_jobs_search	amazon-jobs-research, job-market-research	focused	false
GET	/amazon/charts	Amazon	amazon-charts	amazon_charts	amazon_charts	amazon-research, product-price-research	focused	false
GET	/amazon/charts/categories	Amazon	amazon-charts-categories	amazon_charts_categories	amazon_charts_categories	amazon-research, product-price-research	focused	false
GET	/amazon/product/{asin}	Amazon	amazon-product	amazon_product	amazon_product	amazon-research, product-price-research	focused	false
GET	/amazon/search	Amazon	amazon-search	amazon_search	amazon_search	amazon-research, product-price-research	focused	false
GET	/amazon/suggest/{keyword}	Amazon	amazon-suggest	amazon_suggest	amazon_suggest	amazon-research, product-price-research	focused	false
GET	/androidauthority/article	Android Authority	androidauthority-article	androidauthority_article	androidauthority_article	news-media-research	focused	false
GET	/androidauthority/headlines	Android Authority	androidauthority-headlines	androidauthority_headlines	androidauthority_headlines	news-media-research	focused	false
GET	/androidauthority/news	Android Authority	androidauthority-news	androidauthority_news	androidauthority_news	news-media-research	focused	false
GET	/androidauthority/sections	Android Authority	androidauthority-sections	androidauthority_sections	androidauthority_sections	news-media-research	focused	false
GET	/androidpolice/article	Android Police	androidpolice-article	androidpolice_article	androidpolice_article	news-media-research	focused	false
GET	/androidpolice/author	Android Police	androidpolice-author	androidpolice_author	androidpolice_author	news-media-research	focused	false
GET	/androidpolice/headlines	Android Police	androidpolice-headlines	androidpolice_headlines	androidpolice_headlines	news-media-research	focused	false
GET	/androidpolice/news	Android Police	androidpolice-news	androidpolice_news	androidpolice_news	news-media-research	focused	false
GET	/androidpolice/sections	Android Police	androidpolice-sections	androidpolice_sections	androidpolice_sections	news-media-research	focused	false
GET	/anime/airing-schedule	Anime	anime-airing-schedule	anime_airing_schedule	anime_airing_schedule	anime-manga-research	focused	false
GET	/anime/character/{id}	Anime	anime-character	anime_character	anime_character	anime-manga-research	focused	false
GET	/anime/character/search	Anime	anime-character-search	anime_character_search	anime_character_search	anime-manga-research	focused	false
GET	/anime/rankings	Anime	anime-rankings	anime_rankings	anime_rankings	anime-manga-research	focused	false
GET	/anime/search	Anime	anime-search	anime_search	anime_search	anime-manga-research	focused	false
GET	/anime/title/{id}	Anime	anime-title	anime_title	anime_title	anime-manga-research	focused	false
GET	/anime/title/{id}/characters	Anime	anime-title-characters	anime_title_characters	anime_title_characters	anime-manga-research	focused	false
GET	/anime/title/{id}/recommendations	Anime	anime-title-recommendations	anime_title_recommendations	anime_title_recommendations	anime-manga-research	focused	false
GET	/anime/title/{id}/staff	Anime	anime-title-staff	anime_title_staff	anime_title_staff	anime-manga-research	focused	false
GET	/apk-teardown/compare-ownership	AppInsights	apkTeardownCompareOwnership	apk_teardown_compare_ownership	apk_teardown_compare_ownership	apk-teardown-research	focused	false
GET	/apk-teardown/diff	AppInsights	apkTeardownDiff	apk_teardown_diff	apk_teardown_diff	apk-teardown-research	focused	false
POST	/apk-teardown/jobs	AppInsights	apkTeardownSubmit	apk_teardown_submit	apk_teardown_submit	apk-teardown-research	focused	false
DELETE	/apk-teardown/jobs/{job_id}	AppInsights	apkTeardownDeleteJob	apk_teardown_delete_job	apk_teardown_delete_job	apk-teardown-research	focused	false
GET	/apk-teardown/jobs/{job_id}	AppInsights	apkTeardownJobStatus	apk_teardown_job_status	apk_teardown_job_status	apk-teardown-research	focused	false
GET	/apk-teardown/timeline	AppInsights	apkTeardownTimeline	apk_teardown_timeline	apk_teardown_timeline	apk-teardown-research	focused	false
GET	/apnews/article	AP News	apnews-article	apnews_article	apnews_article	news-media-research	focused	false
GET	/apnews/author	AP News	apnews-author	apnews_author	apnews_author	news-media-research	focused	false
GET	/apnews/fact-check	AP News	apnews-fact-check	apnews_fact_check	apnews_fact_check	news-media-research	focused	false
GET	/apnews/headlines	AP News	apnews-headlines	apnews_headlines	apnews_headlines	news-media-research	focused	false
GET	/apnews/news	AP News	apnews-news	apnews_news	apnews_news	news-media-research	focused	false
GET	/apnews/sections	AP News	apnews-sections	apnews_sections	apnews_sections	news-media-research	focused	false
GET	/apple-books/audiobook-series/{id}	AppleBooks	apple-books-audiobook-series	apple_books_audiobook_series	apple_books_audiobook_series	book-research	focused	false
GET	/apple-books/audiobook/{id}	AppleBooks	apple-books-audiobook	apple_books_audiobook	apple_books_audiobook	book-research	focused	false
GET	/apple-books/audiobook/{id}/reviews	AppleBooks	apple-books-audiobook-reviews	apple_books_audiobook_reviews	apple_books_audiobook_reviews	book-research	focused	false
GET	/apple-books/audiobook/{id}/similar	AppleBooks	apple-books-audiobook-similar	apple_books_audiobook_similar	apple_books_audiobook_similar	book-research	focused	false
GET	/apple-books/audiobook/search	AppleBooks	apple-books-audiobook-search	apple_books_audiobook_search	apple_books_audiobook_search	book-research	focused	false
GET	/apple-books/author/{id}	AppleBooks	apple-books-author	apple_books_author	apple_books_author	book-research	focused	false
GET	/apple-books/book/{id}	AppleBooks	apple-books-book	apple_books_book	apple_books_book	book-research	focused	false
GET	/apple-books/book/{id}/reviews	AppleBooks	apple-books-book-reviews	apple_books_book_reviews	apple_books_book_reviews	book-research	focused	false
GET	/apple-books/book/{id}/similar	AppleBooks	apple-books-book-similar	apple_books_book_similar	apple_books_book_similar	book-research	focused	false
GET	/apple-books/charts	AppleBooks	apple-books-charts	apple_books_charts	apple_books_charts	book-research	focused	false
GET	/apple-books/search	AppleBooks	apple-books-search	apple_books_search	apple_books_search	book-research	focused	false
GET	/apple-books/series/{id}	AppleBooks	apple-books-series	apple_books_series	apple_books_series	book-research	focused	false
GET	/apple-jobs/job	Apple Jobs	apple-jobs-job	apple_jobs_job	apple_jobs_job	apple-jobs-research, job-market-research	focused	false
GET	/apple-jobs/locations	Apple Jobs	apple-jobs-locations	apple_jobs_locations	apple_jobs_locations	apple-jobs-research, job-market-research	focused	false
GET	/apple-jobs/search	Apple Jobs	apple-jobs-search	apple_jobs_search	apple_jobs_search	apple-jobs-research, job-market-research	focused	false
GET	/apple-maps/autocomplete	Apple Maps	apple-maps-autocomplete	apple_maps_autocomplete	apple_maps_autocomplete	apple-maps-research	focused	false
GET	/apple-maps/categories	Apple Maps	apple-maps-categories	apple_maps_categories	apple_maps_categories	apple-maps-research	focused	false
GET	/apple-maps/category-search	Apple Maps	apple-maps-category-search	apple_maps_category_search	apple_maps_category_search	apple-maps-research	focused	false
GET	/apple-maps/directions	Apple Maps	apple-maps-directions	apple_maps_directions	apple_maps_directions	apple-maps-research	focused	false
GET	/apple-maps/eta	Apple Maps	apple-maps-eta	apple_maps_eta	apple_maps_eta	apple-maps-research	focused	false
GET	/apple-maps/guides	Apple Maps	apple-maps-guides	apple_maps_guides	apple_maps_guides	apple-maps-research	focused	false
GET	/apple-maps/guides/cities	Apple Maps	apple-maps-guides-cities	apple_maps_guides_cities	apple_maps_guides_cities	apple-maps-research	focused	false
GET	/apple-maps/guides/guide	Apple Maps	apple-maps-guide	apple_maps_guide	apple_maps_guide	apple-maps-research	focused	false
GET	/apple-maps/guides/lookup	Apple Maps	apple-maps-guides-lookup	apple_maps_guides_lookup	apple_maps_guides_lookup	apple-maps-research	focused	false
GET	/apple-maps/guides/nearby	Apple Maps	apple-maps-guides-nearby	apple_maps_guides_nearby	apple_maps_guides_nearby	apple-maps-research	focused	false
GET	/apple-maps/guides/publisher	Apple Maps	apple-maps-guides-publisher	apple_maps_guides_publisher	apple_maps_guides_publisher	apple-maps-research	focused	false
GET	/apple-maps/guides/publishers	Apple Maps	apple-maps-guides-publishers	apple_maps_guides_publishers	apple_maps_guides_publishers	apple-maps-research	focused	false
GET	/apple-maps/place	Apple Maps	apple-maps-place	apple_maps_place	apple_maps_place	apple-maps-research, local-business-prospecting, local-competitive-landscape	focused	false
GET	/apple-maps/place/photos	Apple Maps	apple-maps-place-photos	apple_maps_place_photos	apple_maps_place_photos	apple-maps-research	focused	false
GET	/apple-maps/places	Apple Maps	apple-maps-places	apple_maps_places	apple_maps_places	apple-maps-research	focused	false
GET	/apple-maps/reverse-geocode	Apple Maps	apple-maps-reverse-geocode	apple_maps_reverse_geocode	apple_maps_reverse_geocode	apple-maps-research	focused	false
GET	/apple-maps/search	Apple Maps	apple-maps-search	apple_maps_search	apple_maps_search	apple-maps-research, local-business-prospecting, local-competitive-landscape	focused	false
GET	/apple-maps/transit-departures	Apple Maps	apple-maps-transit-departures	apple_maps_transit_departures	apple_maps_transit_departures	apple-maps-research	focused	false
GET	/apple-maps/venue/browse	Apple Maps	apple-maps-venue-browse	apple_maps_venue_browse	apple_maps_venue_browse	apple-maps-research	focused	false
GET	/apple-podcasts/charts	ApplePodcasts	apple-podcasts-charts	apple_podcasts_charts	apple_podcasts_charts	music-podcast-research, podcast-discovery-research	focused	false
GET	/apple-podcasts/charts/rankings	ApplePodcasts	apple-podcasts-charts-rankings	apple_podcasts_charts_rankings	apple_podcasts_charts_rankings	music-podcast-research, podcast-discovery-research	focused	false
GET	/apple-podcasts/episodes/search	ApplePodcasts	apple-podcasts-episodes-search	apple_podcasts_episodes_search	apple_podcasts_episodes_search	music-podcast-research, podcast-discovery-research, podcast-guest-research	focused	false
GET	/apple-podcasts/new	ApplePodcasts	apple-podcasts-new	apple_podcasts_new	apple_podcasts_new	music-podcast-research, podcast-discovery-research	focused	false
GET	/apple-podcasts/search	ApplePodcasts	apple-podcasts-search	apple_podcasts_search	apple_podcasts_search	music-podcast-research, podcast-discovery-research, podcast-guest-research	focused	false
GET	/apple-podcasts/show/{id}	ApplePodcasts	apple-podcasts-show	apple_podcasts_show	apple_podcasts_show	music-podcast-research, podcast-discovery-research, podcast-guest-research	focused	false
GET	/apple-podcasts/show/{id}/episodes	ApplePodcasts	apple-podcasts-show-episodes	apple_podcasts_show_episodes	apple_podcasts_show_episodes	music-podcast-research, podcast-discovery-research, podcast-guest-research	focused	false
GET	/apple-podcasts/show/{id}/related	ApplePodcasts	apple-podcasts-show-related	apple_podcasts_show_related	apple_podcasts_show_related	music-podcast-research, podcast-discovery-research, podcast-guest-research	focused	false
GET	/appstore/app	AppStore	appstore-app	appstore_app	appstore_app	app-market-opportunity-research, app-review-mining, app-store-research, customer-feedback-analysis	focused	false
GET	/appstore/categories	AppStore	appstore-categories	appstore_categories	appstore_categories	app-review-mining, app-store-research	focused	false
GET	/appstore/collection	AppStore	appstore-collection	appstore_collection	appstore_collection	app-review-mining, app-store-research	focused	false
GET	/appstore/collections	AppStore	appstore-collections	appstore_collections	appstore_collections	app-review-mining, app-store-research	focused	false
GET	/appstore/developer/{dev_id}	AppStore	appstore-developer	appstore_developer	appstore_developer	app-review-mining, app-store-research	focused	false
GET	/appstore/editorial	AppStore	appstore-editorial	appstore_editorial	appstore_editorial	app-review-mining, app-store-research	focused	false
GET	/appstore/editorial/category	AppStore	appstore-editorial-category	appstore_editorial_category	appstore_editorial_category	app-review-mining, app-store-research	focused	false
GET	/appstore/list	AppStore	appstore-list	appstore_list	appstore_list	app-market-opportunity-research, app-review-mining, app-store-research	focused	false
GET	/appstore/privacy/{id}	AppStore	appstore-privacy	appstore_privacy	appstore_privacy	app-review-mining, app-store-research	focused	false
GET	/appstore/ratings	AppStore	appstore-ratings	appstore_ratings	appstore_ratings	app-review-mining, app-store-research	focused	false
GET	/appstore/reviews	AppStore	appstore-reviews	appstore_reviews	appstore_reviews	app-market-opportunity-research, app-review-mining, app-store-research, customer-feedback-analysis	focused	false
GET	/appstore/search	AppStore	appstore-search	appstore_search	appstore_search	app-market-opportunity-research, app-review-mining, app-store-research, customer-feedback-analysis	focused	false
GET	/appstore/similar	AppStore	appstore-similar	appstore_similar	appstore_similar	app-market-opportunity-research, app-review-mining, app-store-research	focused	false
GET	/appstore/suggest/{term}	AppStore	appstore-suggest	appstore_suggest	appstore_suggest	app-review-mining, app-store-research	focused	false
GET	/appstore/version-history/{id}	AppStore	appstore-version-history	appstore_version_history	appstore_version_history	app-market-opportunity-research, app-review-mining, app-store-research	focused	false
GET	/arbys/categories	Arbys	arbys-categories	arbys_categories	arbys_categories	restaurant-food-delivery-research	focused	false
GET	/arbys/directory	Arbys	arbys-directory	arbys_directory	arbys_directory	restaurant-food-delivery-research	focused	false
GET	/arbys/location	Arbys	arbys-location	arbys_location	arbys_location	restaurant-food-delivery-research	focused	false
GET	/arbys/locations	Arbys	arbys-locations	arbys_locations	arbys_locations	restaurant-food-delivery-research	focused	false
GET	/arbys/menu	Arbys	arbys-menu	arbys_menu	arbys_menu	restaurant-food-delivery-research	focused	false
GET	/arstechnica/article	Ars Technica	arstechnica-article	arstechnica_article	arstechnica_article	news-media-research	focused	false
GET	/arstechnica/author	Ars Technica	arstechnica-author	arstechnica_author	arstechnica_author	news-media-research	focused	false
GET	/arstechnica/headlines	Ars Technica	arstechnica-headlines	arstechnica_headlines	arstechnica_headlines	news-media-research	focused	false
GET	/arstechnica/news	Ars Technica	arstechnica-news	arstechnica_news	arstechnica_news	news-media-research	focused	false
GET	/arstechnica/sections	Ars Technica	arstechnica-sections	arstechnica_sections	arstechnica_sections	news-media-research	focused	false
GET	/audible/categories	Audible	audible-categories	audible_categories	audible_categories	book-research	focused	false
GET	/audible/category/{id}	Audible	audible-category	audible_category	audible_category	book-research	focused	false
GET	/audible/charts	Audible	audible-charts	audible_charts	audible_charts	book-research	focused	false
GET	/audible/charts/authors	Audible	audible-author-charts	audible_author_charts	audible_author_charts	book-research	focused	false
GET	/audible/list/{list}	Audible	audible-editorial-list	audible_editorial_list	audible_editorial_list	book-research	focused	false
GET	/audible/product/{asin}	Audible	audible-product	audible_product	audible_product	book-research	focused	false
GET	/audible/product/{asin}/related	Audible	audible-product-related	audible_product_related	audible_product_related	book-research	focused	false
GET	/audible/product/{asin}/reviews	Audible	audible-product-reviews	audible_product_reviews	audible_product_reviews	book-research	focused	false
GET	/audible/products	Audible	audible-products	audible_products	audible_products	book-research	focused	false
GET	/audible/search	Audible	audible-search	audible_search	audible_search	book-research	focused	false
GET	/audible/series/{asin}	Audible	audible-series	audible_series	audible_series	book-research	focused	false
GET	/autotrader/dealer/{id}	Autotrader	autotrader-dealer	autotrader_dealer	autotrader_dealer	real-estate-autos-research	focused	false
GET	/autotrader/search	Autotrader	autotrader-search	autotrader_search	autotrader_search	real-estate-autos-research, used-car-market-comparison	focused	false
GET	/autotrader/vehicle/{id}	Autotrader	autotrader-vehicle	autotrader_vehicle	autotrader_vehicle	real-estate-autos-research, used-car-market-comparison	focused	false
GET	/axios/article	Axios	axios-article	axios_article	axios_article	news-media-research	focused	false
GET	/axios/categories	Axios	axios-categories	axios_categories	axios_categories	news-media-research	focused	false
GET	/axios/headlines	Axios	axios-headlines	axios_headlines	axios_headlines	news-media-research	focused	false
GET	/balenciaga/categories	Balenciaga	balenciaga-categories	balenciaga_categories	balenciaga_categories	luxury-resale-research	focused	false
GET	/balenciaga/category	Balenciaga	balenciaga-category	balenciaga_category	balenciaga_category	luxury-resale-research	focused	false
GET	/balenciaga/product	Balenciaga	balenciaga-product	balenciaga_product	balenciaga_product	luxury-resale-research	focused	false
GET	/balenciaga/product/variants	Balenciaga	balenciaga-product-variants	balenciaga_product_variants	balenciaga_product_variants	luxury-resale-research	focused	false
GET	/balenciaga/search	Balenciaga	balenciaga-search	balenciaga_search	balenciaga_search	luxury-resale-research	focused	false
GET	/balenciaga/store-countries	Balenciaga	balenciaga-store-countries	balenciaga_store_countries	balenciaga_store_countries	luxury-resale-research	focused	false
GET	/balenciaga/stores	Balenciaga	balenciaga-stores	balenciaga_stores	balenciaga_stores	luxury-resale-research	focused	false
GET	/barrons/article	Barrons	barrons-article	barrons_article	barrons_article	news-media-research	focused	false
GET	/barrons/headlines	Barrons	barrons-headlines	barrons_headlines	barrons_headlines	news-media-research	focused	false
GET	/barrons/news	Barrons	barrons-news	barrons_news	barrons_news	news-media-research	focused	false
GET	/barrons/topics	Barrons	barrons-topics	barrons_topics	barrons_topics	news-media-research	focused	false
GET	/bbb/business	BBB	bbb-business	bbb_business	bbb_business	business-review-trust-research, local-business-reputation-research	focused	false
GET	/bbb/business/complaints	BBB	bbb-business-complaints	bbb_business_complaints	bbb_business_complaints	business-review-trust-research, local-business-reputation-research	focused	false
GET	/bbb/business/more-info	BBB	bbb-business-more-info	bbb_business_more_info	bbb_business_more_info	business-review-trust-research, local-business-reputation-research	focused	false
GET	/bbb/business/reviews	BBB	bbb-business-reviews	bbb_business_reviews	bbb_business_reviews	business-review-trust-research, local-business-reputation-research	focused	false
GET	/bbb/category	BBB	bbb-category	bbb_category	bbb_category	business-review-trust-research, local-business-reputation-research	focused	false
GET	/bbb/scamtracker/{id}	BBB	bbb-scamtracker-detail	bbb_scamtracker_detail	bbb_scamtracker_detail	business-review-trust-research, local-business-reputation-research	focused	false
GET	/bbb/scamtracker/search	BBB	bbb-scamtracker-search	bbb_scamtracker_search	bbb_scamtracker_search	business-review-trust-research, local-business-reputation-research	focused	false
GET	/bbb/scamtracker/state-stats	BBB	bbb-scamtracker-state-stats	bbb_scamtracker_state_stats	bbb_scamtracker_state_stats	business-review-trust-research, local-business-reputation-research	focused	false
GET	/bbb/search	BBB	bbb-search	bbb_search	bbb_search	business-review-trust-research, local-business-reputation-research	focused	false
GET	/bbc/article	BBC	bbc-article	bbc_article	bbc_article	news-briefing-research, news-media-research	focused	false
GET	/bbc/author	BBC	bbc-author	bbc_author	bbc_author	news-briefing-research, news-media-research	focused	false
GET	/bbc/headlines	BBC	bbc-headlines	bbc_headlines	bbc_headlines	news-briefing-research, news-media-research	focused	false
GET	/bbc/live	BBC	bbc-live	bbc_live	bbc_live	news-briefing-research, news-media-research	focused	false
GET	/bbc/search	BBC	bbc-search	bbc_search	bbc_search	news-briefing-research, news-media-research	focused	false
GET	/benzinga/article	Benzinga	benzinga-article	benzinga_article	benzinga_article	news-media-research	focused	false
GET	/benzinga/headlines	Benzinga	benzinga-headlines	benzinga_headlines	benzinga_headlines	news-media-research	focused	false
GET	/benzinga/news	Benzinga	benzinga-news	benzinga_news	benzinga_news	news-media-research	focused	false
GET	/benzinga/search	Benzinga	benzinga-search	benzinga_search	benzinga_search	news-media-research	focused	false
GET	/benzinga/sections	Benzinga	benzinga-sections	benzinga_sections	benzinga_sections	news-media-research	focused	false
GET	/bestbuy/brands	Best Buy	bestbuy-brands	bestbuy_brands	bestbuy_brands	product-price-research	focused	false
GET	/bestbuy/categories	Best Buy	bestbuy-categories	bestbuy_categories	bestbuy_categories	product-price-research	focused	false
GET	/bestbuy/categories/trending	Best Buy	bestbuy-categories-trending	bestbuy_categories_trending	bestbuy_categories_trending	product-price-research	focused	false
GET	/bestbuy/category	Best Buy	bestbuy-category	bestbuy_category	bestbuy_category	product-price-research	focused	false
GET	/bestbuy/category/subcategories	Best Buy	bestbuy-category-subcategories	bestbuy_category_subcategories	bestbuy_category_subcategories	product-price-research	focused	false
GET	/bestbuy/product	Best Buy	bestbuy-product	bestbuy_product	bestbuy_product	product-price-research	focused	false
GET	/bestbuy/product/questions	Best Buy	bestbuy-product-questions	bestbuy_product_questions	bestbuy_product_questions	product-price-research	focused	false
GET	/bestbuy/product/related	Best Buy	bestbuy-product-related	bestbuy_product_related	bestbuy_product_related	product-price-research	focused	false
GET	/bestbuy/product/reviews	Best Buy	bestbuy-product-reviews	bestbuy_product_reviews	bestbuy_product_reviews	product-price-research	focused	false
GET	/bestbuy/search	Best Buy	bestbuy-search	bestbuy_search	bestbuy_search	product-price-research	focused	false
GET	/bestbuy/stores	Best Buy	bestbuy-stores	bestbuy_stores	bestbuy_stores	product-price-research	focused	false
GET	/bigcommerce/category	BigCommerce	bigcommerce-category	bigcommerce_category	bigcommerce_category	product-price-research	focused	false
GET	/bigcommerce/product	BigCommerce	bigcommerce-product	bigcommerce_product	bigcommerce_product	product-price-research	focused	false
GET	/bigcommerce/search	BigCommerce	bigcommerce-search	bigcommerce_search	bigcommerce_search	product-price-research	focused	false
GET	/bilibili/anime-home	Bilibili	bilibili-anime-home	bilibili_anime_home	bilibili_anime_home	social-media-research	focused	false
GET	/bilibili/autocomplete	Bilibili	bilibili-autocomplete	bilibili_autocomplete	bilibili_autocomplete	social-media-research	focused	false
GET	/bilibili/guochuang-home	Bilibili	bilibili-guochuang-home	bilibili_guochuang_home	bilibili_guochuang_home	social-media-research	focused	false
GET	/bilibili/must-watch	Bilibili	bilibili-must-watch	bilibili_must_watch	bilibili_must_watch	social-media-research	focused	false
GET	/bilibili/popular	Bilibili	bilibili-popular	bilibili_popular	bilibili_popular	social-media-research	focused	false
GET	/bilibili/ranking	Bilibili	bilibili-ranking	bilibili_ranking	bilibili_ranking	social-media-research	focused	false
GET	/bilibili/vertical-home	Bilibili	bilibili-vertical-home	bilibili_vertical_home	bilibili_vertical_home	social-media-research	focused	false
GET	/bilibili/weekly	Bilibili	bilibili-weekly	bilibili_weekly	bilibili_weekly	social-media-research	focused	false
GET	/billboard/article	Billboard	billboard-article	billboard_article	billboard_article	news-media-research	focused	false
GET	/billboard/author	Billboard	billboard-author	billboard_author	billboard_author	news-media-research	focused	false
GET	/billboard/headlines	Billboard	billboard-headlines	billboard_headlines	billboard_headlines	news-media-research	focused	false
GET	/billboard/news	Billboard	billboard-news	billboard_news	billboard_news	news-media-research	focused	false
GET	/billboard/sections	Billboard	billboard-sections	billboard_sections	billboard_sections	news-media-research	focused	false
GET	/billing/me	Billing	billing-me				outside-exported-mcp	false
POST	/billing/me/checkout	Billing	billing-me-checkout				outside-exported-mcp	false
GET	/billing/me/events	Billing	billing-me-events				outside-exported-mcp	false
GET	/billing/me/periods	Billing	billing-me-periods				outside-exported-mcp	false
GET	/billing/me/periods/{period_key}	Billing	billing-me-period				outside-exported-mcp	false
GET	/billing/me/periods/{period_key}/statement	Billing	billing-me-period-statement				outside-exported-mcp	false
GET	/billing/me/periods/{period_key}/statement/download	Billing	billing-me-period-statement-download				outside-exported-mcp	false
POST	/billing/me/portal	Billing	billing-me-portal				outside-exported-mcp	false
GET	/billing/me/rejections	Billing	billing-me-rejections				outside-exported-mcp	false
POST	/billing/me/subscription/change	Billing	billing-me-subscription-change				outside-exported-mcp	false
POST	/billing/me/subscription/change/cancel	Billing	billing-me-subscription-change-cancel				outside-exported-mcp	false
POST	/billing/me/subscription/preview	Billing	billing-me-subscription-preview				outside-exported-mcp	false
GET	/bing/images	Bing	bing-images	bing_images	bing_images	serp-keyword-research	focused	false
GET	/bing/news	Bing	bing-news	bing_news	bing_news	journalist-media-research, serp-keyword-research	focused	false
GET	/bing/search	Bing	bing-search	bing_search	bing_search	competitor-intelligence, journalist-media-research, podcast-guest-research, serp-keyword-research, software-vendor-shortlisting, startup-acquisition-research, supplier-sourcing-research	focused	false
GET	/bing/suggest	Bing	bing-suggest	bing_suggest	bing_suggest	serp-keyword-research	focused	false
GET	/bing/videos	Bing	bing-videos	bing_videos	bing_videos	serp-keyword-research	focused	false
GET	/birminghammail/article	Birmingham Mail	birminghammail-article	birminghammail_article	birminghammail_article	news-media-research	focused	false
GET	/birminghammail/author	Birmingham Mail	birminghammail-author	birminghammail_author	birminghammail_author	news-media-research	focused	false
GET	/birminghammail/headlines	Birmingham Mail	birminghammail-headlines	birminghammail_headlines	birminghammail_headlines	news-media-research	focused	false
GET	/birminghammail/news	Birmingham Mail	birminghammail-news	birminghammail_news	birminghammail_news	news-media-research	focused	false
GET	/birminghammail/sections	Birmingham Mail	birminghammail-sections	birminghammail_sections	birminghammail_sections	news-media-research	focused	false
GET	/bleacherreport/article	Bleacher Report	bleacherreport-article	bleacherreport_article	bleacherreport_article	news-media-research	focused	false
GET	/bleacherreport/author	Bleacher Report	bleacherreport-author	bleacherreport_author	bleacherreport_author	news-media-research	focused	false
GET	/bleacherreport/headlines	Bleacher Report	bleacherreport-headlines	bleacherreport_headlines	bleacherreport_headlines	news-media-research	focused	false
GET	/bleacherreport/news	Bleacher Report	bleacherreport-news	bleacherreport_news	bleacherreport_news	news-media-research	focused	false
GET	/bleacherreport/sections	Bleacher Report	bleacherreport-sections	bleacherreport_sections	bleacherreport_sections	news-media-research	focused	false
GET	/bloomberg/article	Bloomberg	bloomberg-article	bloomberg_article	bloomberg_article	news-media-research	focused	false
GET	/bloomberg/author	Bloomberg	bloomberg-author	bloomberg_author	bloomberg_author	news-media-research	focused	false
GET	/bloomberg/categories	Bloomberg	bloomberg-categories	bloomberg_categories	bloomberg_categories	news-media-research	focused	false
GET	/bloomberg/headlines	Bloomberg	bloomberg-headlines	bloomberg_headlines	bloomberg_headlines	news-media-research	focused	false
GET	/bloomberg/news	Bloomberg	bloomberg-news	bloomberg_news	bloomberg_news	news-media-research	focused	false
GET	/bloomberg/news-sitemaps	Bloomberg	bloomberg-news-sitemaps	bloomberg_news_sitemaps	bloomberg_news_sitemaps	news-media-research	focused	false
GET	/bluesky/author-feed	Bluesky	bluesky-author-feed	bluesky_author_feed	bluesky_author_feed	bluesky-research, social-media-research	focused	false
GET	/bluesky/followers	Bluesky	bluesky-followers	bluesky_followers	bluesky_followers	bluesky-research, social-media-research	focused	false
GET	/bluesky/follows	Bluesky	bluesky-follows	bluesky_follows	bluesky_follows	bluesky-research, social-media-research	focused	false
GET	/bluesky/post-likes	Bluesky	bluesky-post-likes	bluesky_post_likes	bluesky_post_likes	bluesky-research, social-media-research	focused	false
GET	/bluesky/post-quotes	Bluesky	bluesky-post-quotes	bluesky_post_quotes	bluesky_post_quotes	bluesky-research, social-media-research	focused	false
GET	/bluesky/post-reposted-by	Bluesky	bluesky-post-reposted-by	bluesky_post_reposted_by	bluesky_post_reposted_by	bluesky-research, social-media-research	focused	false
GET	/bluesky/post-thread	Bluesky	bluesky-post-thread	bluesky_post_thread	bluesky_post_thread	bluesky-research, social-media-research	focused	false
GET	/bluesky/posts	Bluesky	bluesky-posts	bluesky_posts	bluesky_posts	bluesky-research, social-media-research	focused	false
GET	/bluesky/profile	Bluesky	bluesky-profile	bluesky_profile	bluesky_profile	bluesky-research, social-media-research	focused	false
GET	/bluesky/search-actors	Bluesky	bluesky-search-actors	bluesky_search_actors	bluesky_search_actors	bluesky-research, social-media-research	focused	false
GET	/bluesky/trending-topics	Bluesky	bluesky-trending-topics	bluesky_trending_topics	bluesky_trending_topics	bluesky-research, social-media-research	focused	false
GET	/bonhams/auctions/{id}	Bonhams	bonhams-auction-detail	bonhams_auction_detail	bonhams_auction_detail	auction-research	focused	false
GET	/bonhams/auctions/{id}/lots	Bonhams	bonhams-auction-lots	bonhams_auction_lots	bonhams_auction_lots	auction-research	focused	false
GET	/bonhams/auctions/search	Bonhams	bonhams-auction-search	bonhams_auction_search	bonhams_auction_search	auction-research	focused	false
GET	/bonhams/lots/{auctionId}/{lotNumber}	Bonhams	bonhams-lot-detail	bonhams_lot_detail	bonhams_lot_detail	auction-research	focused	false
GET	/bonhams/lots/search	Bonhams	bonhams-lot-search	bonhams_lot_search	bonhams_lot_search	auction-research	focused	false
GET	/booking-attractions/detail	Booking	booking-attractions-detail	booking_attractions_detail	booking_attractions_detail	travel-hotel-research	focused	false
GET	/booking-attractions/reviews	Booking	booking-attractions-reviews	booking_attractions_reviews	booking_attractions_reviews	travel-hotel-research	focused	false
GET	/booking-attractions/search	Booking	booking-attractions-search	booking_attractions_search	booking_attractions_search	travel-hotel-research	focused	false
GET	/booking-flights/autocomplete	Booking	booking-flights-autocomplete	booking_flights_autocomplete	booking_flights_autocomplete	travel-hotel-research	focused	false
GET	/booking-flights/search	Booking	booking-flights-search	booking_flights_search	booking_flights_search	travel-hotel-research	focused	false
GET	/booking/hotel-detail	Booking	booking-hotel-detail	booking_hotel_detail	booking_hotel_detail	travel-hotel-research	focused	false
GET	/booking/reviews	Booking	booking-reviews	booking_reviews	booking_reviews	travel-hotel-research	focused	false
GET	/booking/search	Booking	booking-search	booking_search	booking_search	travel-hotel-research	focused	false
GET	/boots/search	Boots	boots-search	boots_search	boots_search	product-price-research	focused	false
GET	/boots/suggest	Boots	boots-suggest	boots_suggest	boots_suggest	product-price-research	focused	false
GET	/bostonglobe/news	Boston Globe	bostonglobe-news	bostonglobe_news	bostonglobe_news	news-media-research	focused	false
GET	/boxofficemojo/brand	Box Office Mojo	boxofficemojo-brand	boxofficemojo_brand	boxofficemojo_brand	movie-tv-research	focused	false
GET	/boxofficemojo/brands	Box Office Mojo	boxofficemojo-brands	boxofficemojo_brands	boxofficemojo_brands	movie-tv-research	focused	false
GET	/boxofficemojo/calendar	Box Office Mojo	boxofficemojo-calendar	boxofficemojo_calendar	boxofficemojo_calendar	movie-tv-research	focused	false
GET	/boxofficemojo/calendar/changes	Box Office Mojo	boxofficemojo-calendar-changes	boxofficemojo_calendar_changes	boxofficemojo_calendar_changes	movie-tv-research	focused	false
GET	/boxofficemojo/calendar/date	Box Office Mojo	boxofficemojo-calendar-date	boxofficemojo_calendar_date	boxofficemojo_calendar_date	movie-tv-research	focused	false
GET	/boxofficemojo/date/domestic	Box Office Mojo	boxofficemojo-date-domestic	boxofficemojo_date_domestic	boxofficemojo_date_domestic	movie-tv-research	focused	false
GET	/boxofficemojo/franchise	Box Office Mojo	boxofficemojo-franchise	boxofficemojo_franchise	boxofficemojo_franchise	movie-tv-research	focused	false
GET	/boxofficemojo/franchises	Box Office Mojo	boxofficemojo-franchises	boxofficemojo_franchises	boxofficemojo_franchises	movie-tv-research	focused	false
GET	/boxofficemojo/genre	Box Office Mojo	boxofficemojo-genre	boxofficemojo_genre	boxofficemojo_genre	movie-tv-research	focused	false
GET	/boxofficemojo/genres	Box Office Mojo	boxofficemojo-genres	boxofficemojo_genres	boxofficemojo_genres	movie-tv-research	focused	false
GET	/boxofficemojo/lifetime-grosses	Box Office Mojo	boxofficemojo-lifetime-grosses	boxofficemojo_lifetime_grosses	boxofficemojo_lifetime_grosses	movie-tv-research	focused	false
GET	/boxofficemojo/release	Box Office Mojo	boxofficemojo-release	boxofficemojo_release	boxofficemojo_release	movie-tv-research	focused	false
GET	/boxofficemojo/release-group	Box Office Mojo	boxofficemojo-release-group	boxofficemojo_release_group	boxofficemojo_release_group	movie-tv-research	focused	false
GET	/boxofficemojo/showdown	Box Office Mojo	boxofficemojo-showdown	boxofficemojo_showdown	boxofficemojo_showdown	movie-tv-research	focused	false
GET	/boxofficemojo/showdowns	Box Office Mojo	boxofficemojo-showdowns	boxofficemojo_showdowns	boxofficemojo_showdowns	movie-tv-research	focused	false
GET	/boxofficemojo/title	Box Office Mojo	boxofficemojo-title	boxofficemojo_title	boxofficemojo_title	movie-tv-research	focused	false
GET	/boxofficemojo/weekend/domestic	Box Office Mojo	boxofficemojo-weekend-domestic	boxofficemojo_weekend_domestic	boxofficemojo_weekend_domestic	movie-tv-research	focused	false
GET	/boxofficemojo/weekend/domestic/by-distributor	Box Office Mojo	boxofficemojo-weekend-domestic-by-distributor	boxofficemojo_weekend_domestic_by_distributor	boxofficemojo_weekend_domestic_by_distributor	movie-tv-research	focused	false
GET	/boxofficemojo/weekend/domestic/estimates	Box Office Mojo	boxofficemojo-weekend-domestic-estimates	boxofficemojo_weekend_domestic_estimates	boxofficemojo_weekend_domestic_estimates	movie-tv-research	focused	false
GET	/boxofficemojo/year/domestic	Box Office Mojo	boxofficemojo-year-domestic	boxofficemojo_year_domestic	boxofficemojo_year_domestic	movie-tv-research	focused	false
GET	/boxofficemojo/year/worldwide	Box Office Mojo	boxofficemojo-year-worldwide	boxofficemojo_year_worldwide	boxofficemojo_year_worldwide	movie-tv-research	focused	false
GET	/brand/retrieve	Brand	brand-retrieve	brand_retrieve	brand_retrieve	techstack-prospecting, web-utilities-research	focused	false
GET	/brave/images	Brave	brave-images	brave_images	brave_images	serp-keyword-research	focused	false
GET	/brave/news	Brave	brave-news	brave_news	brave_news	serp-keyword-research	focused	false
GET	/brave/search	Brave	brave-search	brave_search	brave_search	serp-keyword-research	focused	false
GET	/brave/suggest	Brave	brave-suggest	brave_suggest	brave_suggest	serp-keyword-research	focused	false
GET	/brave/videos	Brave	brave-videos	brave_videos	brave_videos	serp-keyword-research	focused	false
GET	/breitbart/article	Breitbart	breitbart-article	breitbart_article	breitbart_article	news-media-research	focused	false
GET	/breitbart/author	Breitbart	breitbart-author	breitbart_author	breitbart_author	news-media-research	focused	false
GET	/breitbart/headlines	Breitbart	breitbart-headlines	breitbart_headlines	breitbart_headlines	news-media-research	focused	false
GET	/breitbart/news	Breitbart	breitbart-news	breitbart_news	breitbart_news	news-media-research	focused	false
GET	/breitbart/sections	Breitbart	breitbart-sections	breitbart_sections	breitbart_sections	news-media-research	focused	false
GET	/brisbanetimes/article	Brisbane Times	brisbanetimes-article	brisbanetimes_article	brisbanetimes_article	news-media-research	focused	false
GET	/brisbanetimes/author	Brisbane Times	brisbanetimes-author	brisbanetimes_author	brisbanetimes_author	news-media-research	focused	false
GET	/brisbanetimes/headlines	Brisbane Times	brisbanetimes-headlines	brisbanetimes_headlines	brisbanetimes_headlines	news-media-research	focused	false
GET	/brisbanetimes/news	Brisbane Times	brisbanetimes-news	brisbanetimes_news	brisbanetimes_news	news-media-research	focused	false
GET	/brisbanetimes/sections	Brisbane Times	brisbanetimes-sections	brisbanetimes_sections	brisbanetimes_sections	news-media-research	focused	false
GET	/brooklinen/collections	Brooklinen	brooklinen-collections	brooklinen_collections	brooklinen_collections	shopify-research	focused	false
GET	/brooklinen/collections/{handle}/products	Brooklinen	brooklinen-collection-products	brooklinen_collection_products	brooklinen_collection_products	shopify-research	focused	false
GET	/brooklinen/pages	Brooklinen	brooklinen-pages	brooklinen_pages	brooklinen_pages	shopify-research	focused	false
GET	/brooklinen/pages/{handle}	Brooklinen	brooklinen-page	brooklinen_page	brooklinen_page	shopify-research	focused	false
GET	/brooklinen/products	Brooklinen	brooklinen-products	brooklinen_products	brooklinen_products	shopify-research	focused	false
GET	/brooklinen/products/{handle}	Brooklinen	brooklinen-product	brooklinen_product	brooklinen_product	shopify-research	focused	false
GET	/brooklinen/products/{handle}/recommendations	Brooklinen	brooklinen-product-recommendations	brooklinen_product_recommendations	brooklinen_product_recommendations	shopify-research	focused	false
GET	/brooklinen/search/suggest	Brooklinen	brooklinen-search-suggest	brooklinen_search_suggest	brooklinen_search_suggest	shopify-research	focused	false
GET	/brooklinen/sitemap/urls	Brooklinen	brooklinen-sitemap-urls	brooklinen_sitemap_urls	brooklinen_sitemap_urls	shopify-research	focused	false
GET	/brooklinen/sitemaps	Brooklinen	brooklinen-sitemaps	brooklinen_sitemaps	brooklinen_sitemaps	shopify-research	focused	false
GET	/brooklinen/store	Brooklinen	brooklinen-store	brooklinen_store	brooklinen_store	shopify-research	focused	false
GET	/burberry/categories	Burberry	burberry-categories	burberry_categories	burberry_categories	luxury-resale-research	focused	false
GET	/burberry/category	Burberry	burberry-category	burberry_category	burberry_category	luxury-resale-research	focused	false
GET	/burberry/product	Burberry	burberry-product	burberry_product	burberry_product	luxury-resale-research	focused	false
GET	/burberry/related	Burberry	burberry-related	burberry_related	burberry_related	luxury-resale-research	focused	false
GET	/burberry/search	Burberry	burberry-search	burberry_search	burberry_search	luxury-resale-research	focused	false
GET	/burberry/suggest	Burberry	burberry-suggest	burberry_suggest	burberry_suggest	luxury-resale-research	focused	false
GET	/burgerking/availability	Burger King	burgerking-availability	burgerking_availability	burgerking_availability	restaurant-food-delivery-research	focused	false
GET	/burgerking/locations	Burger King	burgerking-locations	burgerking_locations	burgerking_locations	restaurant-food-delivery-research	focused	false
GET	/burgerking/menu	Burger King	burgerking-menu	burgerking_menu	burgerking_menu	restaurant-food-delivery-research	focused	false
GET	/burgerking/product	Burger King	burgerking-product	burgerking_product	burgerking_product	restaurant-food-delivery-research	focused	false
GET	/businessinsider/article	Business Insider	businessinsider-article	businessinsider_article	businessinsider_article	news-media-research	focused	false
GET	/businessinsider/author	Business Insider	businessinsider-author	businessinsider_author	businessinsider_author	news-media-research	focused	false
GET	/businessinsider/headlines	Business Insider	businessinsider-headlines	businessinsider_headlines	businessinsider_headlines	news-media-research	focused	false
GET	/businessinsider/news	Business Insider	businessinsider-news	businessinsider_news	businessinsider_news	news-media-research	focused	false
GET	/businessinsider/sections	Business Insider	businessinsider-sections	businessinsider_sections	businessinsider_sections	news-media-research	focused	false
GET	/businessstandard/article	Business Standard	businessstandard-article	businessstandard_article	businessstandard_article	news-media-research	focused	false
GET	/businessstandard/author	Business Standard	businessstandard-author	businessstandard_author	businessstandard_author	news-media-research	focused	false
GET	/businessstandard/headlines	Business Standard	businessstandard-headlines	businessstandard_headlines	businessstandard_headlines	news-media-research	focused	false
GET	/businessstandard/news	Business Standard	businessstandard-news	businessstandard_news	businessstandard_news	news-media-research	focused	false
GET	/businessstandard/sections	Business Standard	businessstandard-sections	businessstandard_sections	businessstandard_sections	news-media-research	focused	false
GET	/capterra/product	Capterra	capterra-product	capterra_product	capterra_product	business-review-trust-research, competitor-intelligence, customer-feedback-analysis, software-vendor-shortlisting	focused	false
GET	/capterra/product/reviews	Capterra	capterra-reviews	capterra_reviews	capterra_reviews	business-review-trust-research, competitor-intelligence, customer-feedback-analysis, software-vendor-shortlisting	focused	false
GET	/capterra/search	Capterra	capterra-search	capterra_search	capterra_search	business-review-trust-research, competitor-intelligence, customer-feedback-analysis, software-vendor-shortlisting	focused	false
GET	/carmax/search	CarMax	carmax-search	carmax_search	carmax_search	real-estate-autos-research, used-car-market-comparison	focused	false
GET	/carmax/search/suggestions	CarMax	carmax-search-suggestions	carmax_search_suggestions	carmax_search_suggestions	real-estate-autos-research	focused	false
GET	/carmax/shop-by-brand	CarMax	carmax-shop-by-brand	carmax_shop_by_brand	carmax_shop_by_brand	real-estate-autos-research	focused	false
GET	/carmax/store/{id}	CarMax	carmax-store	carmax_store	carmax_store	real-estate-autos-research, used-car-market-comparison	focused	false
GET	/carmax/stores	CarMax	carmax-stores	carmax_stores	carmax_stores	real-estate-autos-research, used-car-market-comparison	focused	false
GET	/carmax/vehicle/{stock_number}	CarMax	carmax-vehicle	carmax_vehicle	carmax_vehicle	real-estate-autos-research, used-car-market-comparison	focused	false
GET	/carmax/vehicle/{stock_number}/recommendations	CarMax	carmax-vehicle-recommendations	carmax_vehicle_recommendations	carmax_vehicle_recommendations	real-estate-autos-research	focused	false
GET	/carsdotcom/search	Cars.com	carsdotcom-search	carsdotcom_search	carsdotcom_search	real-estate-autos-research, used-car-market-comparison	focused	false
GET	/carsdotcom/vehicle/{listing_id}	Cars.com	carsdotcom-vehicle	carsdotcom_vehicle	carsdotcom_vehicle	real-estate-autos-research, used-car-market-comparison	focused	false
GET	/cbc/article	CBC News	cbc-article	cbc_article	cbc_article	news-media-research	focused	false
GET	/cbc/author	CBC News	cbc-author	cbc_author	cbc_author	news-media-research	focused	false
GET	/cbc/headlines	CBC News	cbc-headlines	cbc_headlines	cbc_headlines	news-media-research	focused	false
GET	/cbc/news	CBC News	cbc-news	cbc_news	cbc_news	news-media-research	focused	false
GET	/cbc/sections	CBC News	cbc-sections	cbc_sections	cbc_sections	news-media-research	focused	false
GET	/cbr/article	CBR	cbr-article	cbr_article	cbr_article	news-media-research	focused	false
GET	/cbr/author	CBR	cbr-author	cbr_author	cbr_author	news-media-research	focused	false
GET	/cbr/headlines	CBR	cbr-headlines	cbr_headlines	cbr_headlines	news-media-research	focused	false
GET	/cbr/news	CBR	cbr-news	cbr_news	cbr_news	news-media-research	focused	false
GET	/cbr/sections	CBR	cbr-sections	cbr_sections	cbr_sections	news-media-research	focused	false
GET	/cbsnews/article	CBS News	cbsnews-article	cbsnews_article	cbsnews_article	news-media-research	focused	false
GET	/cbsnews/author	CBS News	cbsnews-author	cbsnews_author	cbsnews_author	news-media-research	focused	false
GET	/cbsnews/headlines	CBS News	cbsnews-headlines	cbsnews_headlines	cbsnews_headlines	news-media-research	focused	false
GET	/cbsnews/news	CBS News	cbsnews-news	cbsnews_news	cbsnews_news	news-media-research	focused	false
GET	/cbsnews/sections	CBS News	cbsnews-sections	cbsnews_sections	cbsnews_sections	news-media-research	focused	false
GET	/cbssports/article	CBS Sports	cbssports-article	cbssports_article	cbssports_article	news-media-research	focused	false
GET	/cbssports/author	CBS Sports	cbssports-author	cbssports_author	cbssports_author	news-media-research	focused	false
GET	/cbssports/headlines	CBS Sports	cbssports-headlines	cbssports_headlines	cbssports_headlines	news-media-research	focused	false
GET	/cbssports/news	CBS Sports	cbssports-news	cbssports_news	cbssports_news	news-media-research	focused	false
GET	/cbssports/sections	CBS Sports	cbssports-sections	cbssports_sections	cbssports_sections	news-media-research	focused	false
GET	/chewy/brands	Chewy	chewy-brands	chewy_brands	chewy_brands	product-price-research	focused	false
GET	/chewy/categories	Chewy	chewy-categories	chewy_categories	chewy_categories	product-price-research	focused	false
GET	/chewy/category	Chewy	chewy-category	chewy_category	chewy_category	product-price-research	focused	false
GET	/chewy/facets	Chewy	chewy-facets	chewy_facets	chewy_facets	product-price-research	focused	false
GET	/chewy/gtin-lookup	Chewy	chewy-gtin-lookup	chewy_gtin_lookup	chewy_gtin_lookup	product-price-research	focused	false
GET	/chewy/inventory	Chewy	chewy-inventory	chewy_inventory	chewy_inventory	product-price-research	focused	false
GET	/chewy/item-attributes	Chewy	chewy-item-attributes	chewy_item_attributes	chewy_item_attributes	product-price-research	focused	false
GET	/chewy/product	Chewy	chewy-product	chewy_product	chewy_product	product-price-research	focused	false
GET	/chewy/product-questions	Chewy	chewy-product-questions	chewy_product_questions	chewy_product_questions	product-price-research	focused	false
GET	/chewy/product-reviews	Chewy	chewy-product-reviews	chewy_product_reviews	chewy_product_reviews	product-price-research	focused	false
GET	/chewy/products	Chewy	chewy-products	chewy_products	chewy_products	product-price-research	focused	false
GET	/chewy/search	Chewy	chewy-search	chewy_search	chewy_search	product-price-research	focused	false
GET	/chewy/suggest	Chewy	chewy-suggest	chewy_suggest	chewy_suggest	product-price-research	focused	false
GET	/chewy/variants	Chewy	chewy-variants	chewy_variants	chewy_variants	product-price-research	focused	false
GET	/chicagotribune/article	Chicago Tribune	chicagotribune-article	chicagotribune_article	chicagotribune_article	news-media-research	focused	false
GET	/chicagotribune/author	Chicago Tribune	chicagotribune-author	chicagotribune_author	chicagotribune_author	news-media-research	focused	false
GET	/chicagotribune/headlines	Chicago Tribune	chicagotribune-headlines	chicagotribune_headlines	chicagotribune_headlines	news-media-research	focused	false
GET	/chicagotribune/news	Chicago Tribune	chicagotribune-news	chicagotribune_news	chicagotribune_news	news-media-research	focused	false
GET	/chicagotribune/sections	Chicago Tribune	chicagotribune-sections	chicagotribune_sections	chicagotribune_sections	news-media-research	focused	false
GET	/chick-fil-a/content	Chick-fil-A	chick-fil-a-content	chick_fil_a_content	chick_fil_a_content	restaurant-food-delivery-research	focused	false
GET	/chick-fil-a/content-taxonomy	Chick-fil-A	chick-fil-a-content-taxonomy	chick_fil_a_content_taxonomy	chick_fil_a_content_taxonomy	restaurant-food-delivery-research	focused	false
GET	/chick-fil-a/faq	Chick-fil-A	chick-fil-a-faq	chick_fil_a_faq	chick_fil_a_faq	restaurant-food-delivery-research	focused	false
GET	/chick-fil-a/location	Chick-fil-A	chick-fil-a-location	chick_fil_a_location	chick_fil_a_location	restaurant-food-delivery-research	focused	false
GET	/chick-fil-a/locations	Chick-fil-A	chick-fil-a-locations	chick_fil_a_locations	chick_fil_a_locations	restaurant-food-delivery-research	focused	false
GET	/chick-fil-a/menu	Chick-fil-A	chick-fil-a-menu	chick_fil_a_menu	chick_fil_a_menu	restaurant-food-delivery-research	focused	false
GET	/chick-fil-a/menu-item	Chick-fil-A	chick-fil-a-menu-item	chick_fil_a_menu_item	chick_fil_a_menu_item	restaurant-food-delivery-research	focused	false
GET	/chick-fil-a/menu-taxonomy	Chick-fil-A	chick-fil-a-menu-taxonomy	chick_fil_a_menu_taxonomy	chick_fil_a_menu_taxonomy	restaurant-food-delivery-research	focused	false
GET	/chipotle/ingredients	Chipotle	chipotle-ingredients	chipotle_ingredients	chipotle_ingredients	restaurant-food-delivery-research	focused	false
GET	/chipotle/meals	Chipotle	chipotle-meals	chipotle_meals	chipotle_meals	restaurant-food-delivery-research	focused	false
GET	/chipotle/menu	Chipotle	chipotle-menu	chipotle_menu	chipotle_menu	restaurant-food-delivery-research, restaurant-menu-benchmarking	focused	false
GET	/chipotle/menu/metadata	Chipotle	chipotle-menu-metadata	chipotle_menu_metadata	chipotle_menu_metadata	restaurant-food-delivery-research	focused	false
GET	/chipotle/restaurant	Chipotle	chipotle-restaurant	chipotle_restaurant	chipotle_restaurant	restaurant-food-delivery-research	focused	false
GET	/chipotle/restaurant/meals	Chipotle	chipotle-restaurant-meals	chipotle_restaurant_meals	chipotle_restaurant_meals	restaurant-food-delivery-research	focused	false
GET	/chipotle/restaurant/menu	Chipotle	chipotle-restaurant-menu	chipotle_restaurant_menu	chipotle_restaurant_menu	restaurant-food-delivery-research, restaurant-menu-benchmarking	focused	false
GET	/chipotle/restaurants	Chipotle	chipotle-restaurants	chipotle_restaurants	chipotle_restaurants	restaurant-food-delivery-research, restaurant-menu-benchmarking	focused	false
GET	/chromewebstore/categories	ChromeWebStore	chromewebstore-categories	chromewebstore_categories	chromewebstore_categories	app-store-research, chrome-extension-research, developer-oss-research	focused	false
GET	/chromewebstore/category	ChromeWebStore	chromewebstore-category	chromewebstore_category	chromewebstore_category	app-store-research, chrome-extension-research, developer-oss-research	focused	false
GET	/chromewebstore/charts	ChromeWebStore	chromewebstore-charts	chromewebstore_charts	chromewebstore_charts	app-store-research, chrome-extension-research, developer-oss-research	focused	false
GET	/chromewebstore/collection	ChromeWebStore	chromewebstore-collection	chromewebstore_collection	chromewebstore_collection	app-store-research, chrome-extension-research, developer-oss-research	focused	false
GET	/chromewebstore/developer	ChromeWebStore	chromewebstore-developer	chromewebstore_developer	chromewebstore_developer	app-store-research, chrome-extension-research, developer-oss-research	focused	false
GET	/chromewebstore/item	ChromeWebStore	chromewebstore-item	chromewebstore_item	chromewebstore_item	app-store-research, chrome-extension-research, developer-oss-research	focused	false
GET	/chromewebstore/permissions	ChromeWebStore	chromewebstore-permissions	chromewebstore_permissions	chromewebstore_permissions	app-store-research, chrome-extension-research, developer-oss-research	focused	false
GET	/chromewebstore/privacy	ChromeWebStore	chromewebstore-privacy	chromewebstore_privacy	chromewebstore_privacy	app-store-research, chrome-extension-research, developer-oss-research	focused	false
GET	/chromewebstore/reviews	ChromeWebStore	chromewebstore-reviews	chromewebstore_reviews	chromewebstore_reviews	app-store-research, chrome-extension-research, developer-oss-research	focused	false
GET	/chromewebstore/search	ChromeWebStore	chromewebstore-search	chromewebstore_search	chromewebstore_search	app-store-research, chrome-extension-research, developer-oss-research	focused	false
GET	/chromewebstore/similar	ChromeWebStore	chromewebstore-similar	chromewebstore_similar	chromewebstore_similar	app-store-research, chrome-extension-research, developer-oss-research	focused	false
GET	/chromewebstore/suggest	ChromeWebStore	chromewebstore-suggest	chromewebstore_suggest	chromewebstore_suggest	app-store-research, chrome-extension-research, developer-oss-research	focused	false
GET	/chrono24/autocomplete	Chrono24	chrono24-autocomplete	chrono24_autocomplete	chrono24_autocomplete	luxury-resale-research	focused	false
GET	/chrono24/brands	Chrono24	chrono24-brands	chrono24_brands	chrono24_brands	luxury-resale-research	focused	false
GET	/chrono24/dealer	Chrono24	chrono24-dealer	chrono24_dealer	chrono24_dealer	luxury-resale-research	focused	false
GET	/chrono24/dealer/reviews	Chrono24	chrono24-dealer-reviews	chrono24_dealer_reviews	chrono24_dealer_reviews	luxury-resale-research	focused	false
GET	/chrono24/facets	Chrono24	chrono24-facets	chrono24_facets	chrono24_facets	luxury-resale-research	focused	false
GET	/chrono24/listing	Chrono24	chrono24-listing	chrono24_listing	chrono24_listing	luxury-resale-research	focused	false
GET	/chrono24/models	Chrono24	chrono24-models	chrono24_models	chrono24_models	luxury-resale-research	focused	false
GET	/chrono24/search	Chrono24	chrono24-search	chrono24_search	chrono24_search	luxury-resale-research	focused	false
GET	/clevelandcom/news	Cleveland.com	clevelandcom-news	clevelandcom_news	clevelandcom_news	news-media-research	focused	false
GET	/cna/article	CNA	cna-article	cna_article	cna_article	news-media-research	focused	false
GET	/cna/author	CNA	cna-author	cna_author	cna_author	news-media-research	focused	false
GET	/cna/headlines	CNA	cna-headlines	cna_headlines	cna_headlines	news-media-research	focused	false
GET	/cna/news	CNA	cna-news	cna_news	cna_news	news-media-research	focused	false
GET	/cna/sections	CNA	cna-sections	cna_sections	cna_sections	news-media-research	focused	false
GET	/cnbc/article	CNBC	cnbc-article	cnbc_article	cnbc_article	news-media-research	focused	false
GET	/cnbc/author	CNBC	cnbc-author	cnbc_author	cnbc_author	news-media-research	focused	false
GET	/cnbc/categories	CNBC	cnbc-categories	cnbc_categories	cnbc_categories	news-media-research	focused	false
GET	/cnbc/headlines	CNBC	cnbc-headlines	cnbc_headlines	cnbc_headlines	news-media-research	focused	false
GET	/cnet/article	CNET	cnet-article	cnet_article	cnet_article	news-media-research	focused	false
GET	/cnet/author	CNET	cnet-author	cnet_author	cnet_author	news-media-research	focused	false
GET	/cnet/headlines	CNET	cnet-headlines	cnet_headlines	cnet_headlines	news-media-research	focused	false
GET	/cnet/news	CNET	cnet-news	cnet_news	cnet_news	news-media-research	focused	false
GET	/cnet/sections	CNET	cnet-sections	cnet_sections	cnet_sections	news-media-research	focused	false
GET	/cnn/article	CNN	cnn-article	cnn_article	cnn_article	news-briefing-research, news-media-research	focused	false
GET	/cnn/author	CNN	cnn-author	cnn_author	cnn_author	news-briefing-research, news-media-research	focused	false
GET	/cnn/headlines	CNN	cnn-headlines	cnn_headlines	cnn_headlines	news-briefing-research, news-media-research	focused	false
GET	/cnn/live-story	CNN	cnn-live-story	cnn_live_story	cnn_live_story	news-briefing-research, news-media-research	focused	false
GET	/coingecko/categories	CoinGecko	coingecko-categories	coingecko_categories	coingecko_categories	crypto-market-research, finance-markets-research	focused	false
GET	/coingecko/category/{slug}/coins	CoinGecko	coingecko-category-coins	coingecko_category_coins	coingecko_category_coins	crypto-market-research, finance-markets-research	focused	false
GET	/coingecko/chains	CoinGecko	coingecko-chains	coingecko_chains	coingecko_chains	crypto-market-research, finance-markets-research	focused	false
GET	/coingecko/chains/{id}	CoinGecko	coingecko-chain	coingecko_chain	coingecko_chain	crypto-market-research, finance-markets-research	focused	false
GET	/coingecko/coin/{id}	CoinGecko	coingecko-coin	coingecko_coin	coingecko_coin	crypto-market-research, finance-markets-research	focused	false
GET	/coingecko/coin/{id}/analysis	CoinGecko	coingecko-coin-analysis	coingecko_coin_analysis	coingecko_coin_analysis	crypto-market-research, finance-markets-research	focused	false
GET	/coingecko/exchange/{id}	CoinGecko	coingecko-exchange	coingecko_exchange	coingecko_exchange	crypto-market-research, finance-markets-research	focused	false
GET	/coingecko/exchanges	CoinGecko	coingecko-exchanges	coingecko_exchanges	coingecko_exchanges	crypto-market-research, finance-markets-research	focused	false
GET	/coingecko/gainers-losers	CoinGecko	coingecko-gainers-losers	coingecko_gainers_losers	coingecko_gainers_losers	crypto-market-research, finance-markets-research	focused	false
GET	/coingecko/global	CoinGecko	coingecko-global	coingecko_global	coingecko_global	crypto-market-research, finance-markets-research	focused	false
GET	/coingecko/global/charts	CoinGecko	coingecko-global-charts	coingecko_global_charts	coingecko_global_charts	crypto-market-research, finance-markets-research	focused	false
GET	/coingecko/learn/articles	CoinGecko	coingecko-learn-articles	coingecko_learn_articles	coingecko_learn_articles	crypto-market-research, finance-markets-research	focused	false
GET	/coingecko/markets	CoinGecko	coingecko-markets	coingecko_markets	coingecko_markets	crypto-market-research, finance-markets-research	focused	false
GET	/coingecko/new-coins	CoinGecko	coingecko-new-coins	coingecko_new_coins	coingecko_new_coins	crypto-market-research, finance-markets-research	focused	false
GET	/coingecko/news	CoinGecko	coingecko-news	coingecko_news	coingecko_news	crypto-market-research, finance-markets-research	focused	false
GET	/coingecko/nft/category/{slug}	CoinGecko	coingecko-nft-category	coingecko_nft_category	coingecko_nft_category	crypto-market-research, finance-markets-research	focused	false
GET	/coingecko/nfts	CoinGecko	coingecko-nfts	coingecko_nfts	coingecko_nfts	crypto-market-research, finance-markets-research	focused	false
GET	/coingecko/search	CoinGecko	coingecko-search	coingecko_search	coingecko_search	crypto-market-research, finance-markets-research	focused	false
GET	/coingecko/token-unlocks	CoinGecko	coingecko-token-unlocks	coingecko_token_unlocks	coingecko_token_unlocks	crypto-market-research, finance-markets-research	focused	false
GET	/coingecko/treasuries	CoinGecko	coingecko-treasuries	coingecko_treasuries	coingecko_treasuries	crypto-market-research, finance-markets-research	focused	false
GET	/coingecko/trending	CoinGecko	coingecko-trending	coingecko_trending	coingecko_trending	crypto-market-research, finance-markets-research	focused	false
GET	/colehaan/collections	Cole Haan	colehaan-collections	colehaan_collections	colehaan_collections	shopify-research	focused	false
GET	/colehaan/collections/{handle}/products	Cole Haan	colehaan-collection-products	colehaan_collection_products	colehaan_collection_products	shopify-research	focused	false
GET	/colehaan/pages	Cole Haan	colehaan-pages	colehaan_pages	colehaan_pages	shopify-research	focused	false
GET	/colehaan/pages/{handle}	Cole Haan	colehaan-page	colehaan_page	colehaan_page	shopify-research	focused	false
GET	/colehaan/products	Cole Haan	colehaan-products	colehaan_products	colehaan_products	shopify-research	focused	false
GET	/colehaan/products/{handle}	Cole Haan	colehaan-product	colehaan_product	colehaan_product	shopify-research	focused	false
GET	/colehaan/products/{handle}/recommendations	Cole Haan	colehaan-product-recommendations	colehaan_product_recommendations	colehaan_product_recommendations	shopify-research	focused	false
GET	/colehaan/search/suggest	Cole Haan	colehaan-search-suggest	colehaan_search_suggest	colehaan_search_suggest	shopify-research	focused	false
GET	/colehaan/sitemap/urls	Cole Haan	colehaan-sitemap-urls	colehaan_sitemap_urls	colehaan_sitemap_urls	shopify-research	focused	false
GET	/colehaan/sitemaps	Cole Haan	colehaan-sitemaps	colehaan_sitemaps	colehaan_sitemaps	shopify-research	focused	false
GET	/colehaan/store	Cole Haan	colehaan-store	colehaan_store	colehaan_store	shopify-research	focused	false
GET	/collider/article	Collider	collider-article	collider_article	collider_article	news-media-research	focused	false
GET	/collider/author	Collider	collider-author	collider_author	collider_author	news-media-research	focused	false
GET	/collider/headlines	Collider	collider-headlines	collider_headlines	collider_headlines	news-media-research	focused	false
GET	/collider/news	Collider	collider-news	collider_news	collider_news	news-media-research	focused	false
GET	/collider/sections	Collider	collider-sections	collider_sections	collider_sections	news-media-research	focused	false
GET	/comc/categories	COMC	comc-categories	comc_categories	comc_categories	collectibles-market-research	focused	false
GET	/comc/listing	COMC	comc-listing	comc_listing	comc_listing	collectibles-market-research	focused	false
GET	/comc/search	COMC	comc-search	comc_search	comc_search	collectibles-market-research	focused	false
GET	/congress/report	Congress	congress-report	congress_report	congress_report	finance-markets-research	focused	false
GET	/congress/stock-disclosures	Congress	congress-stock-disclosures	congress_stock_disclosures	congress_stock_disclosures	finance-markets-research	focused	false
POST	/contact	Web	contact				outside-exported-mcp	false
GET	/costco/categories	Costco	costco-categories	costco_categories	costco_categories	costco-research, product-price-research	focused	false
GET	/costco/product/{id}	Costco	costco-product	costco_product	costco_product	costco-research, product-price-research	focused	false
GET	/costco/product/{id}/availability	Costco	costco-product-availability	costco_product_availability	costco_product_availability	costco-research, product-price-research	focused	false
GET	/costco/product/{id}/reviews	Costco	costco-product-reviews	costco_product_reviews	costco_product_reviews	costco-research, product-price-research	focused	false
GET	/costco/search	Costco	costco-search	costco_search	costco_search	costco-research, product-price-research	focused	false
GET	/costco/warehouses	Costco	costco-warehouses	costco_warehouses	costco_warehouses	costco-research, product-price-research	focused	false
GET	/courtlistener/courts	CourtListener	courtlistener-courts	courtlistener_courts	courtlistener_courts	courtlistener-research	focused	false
GET	/courtlistener/people	CourtListener	courtlistener-people	courtlistener_people	courtlistener_people	courtlistener-research	focused	false
GET	/courtlistener/search	CourtListener	courtlistener-search	courtlistener_search	courtlistener_search	courtlistener-research	focused	false
GET	/cricinfo/calendar	Cricinfo	cricinfo-calendar	cricinfo_calendar	cricinfo_calendar	sports-scores-research	focused	false
GET	/cricinfo/commentary	Cricinfo	cricinfo-commentary	cricinfo_commentary	cricinfo_commentary	sports-scores-research	focused	false
GET	/cricinfo/grounds	Cricinfo	cricinfo-grounds	cricinfo_grounds	cricinfo_grounds	sports-scores-research	focused	false
GET	/cricinfo/live	Cricinfo	cricinfo-live-matches	cricinfo_live_matches	cricinfo_live_matches	sports-scores-research	focused	false
GET	/cricinfo/match	Cricinfo	cricinfo-match	cricinfo_match	cricinfo_match	sports-scores-research	focused	false
GET	/cricinfo/news	Cricinfo	cricinfo-news	cricinfo_news	cricinfo_news	sports-scores-research	focused	false
GET	/cricinfo/photos	Cricinfo	cricinfo-photos	cricinfo_photos	cricinfo_photos	sports-scores-research	focused	false
GET	/cricinfo/rankings	Cricinfo	cricinfo-rankings	cricinfo_rankings	cricinfo_rankings	sports-scores-research	focused	false
GET	/cricinfo/records	Cricinfo	cricinfo-records	cricinfo_records	cricinfo_records	sports-scores-research	focused	false
GET	/cricinfo/records/index	Cricinfo	cricinfo-records-index	cricinfo_records_index	cricinfo_records_index	sports-scores-research	focused	false
GET	/cricinfo/rss	Cricinfo	cricinfo-rss	cricinfo_rss	cricinfo_rss	sports-scores-research	focused	false
GET	/cricinfo/scores	Cricinfo	cricinfo-scores	cricinfo_scores	cricinfo_scores	sports-scores-research	focused	false
GET	/cricinfo/series	Cricinfo	cricinfo-series	cricinfo_series	cricinfo_series	sports-scores-research	focused	false
GET	/cricinfo/squads	Cricinfo	cricinfo-squads	cricinfo_squads	cricinfo_squads	sports-scores-research	focused	false
GET	/cricinfo/stats	Cricinfo	cricinfo-stats	cricinfo_stats	cricinfo_stats	sports-scores-research	focused	false
GET	/cricinfo/story	Cricinfo	cricinfo-story	cricinfo_story	cricinfo_story	sports-scores-research	focused	false
GET	/cricinfo/team	Cricinfo	cricinfo-team	cricinfo_team	cricinfo_team	sports-scores-research	focused	false
GET	/cricinfo/team/schedule	Cricinfo	cricinfo-team-schedule	cricinfo_team_schedule	cricinfo_team_schedule	sports-scores-research	focused	false
GET	/cricinfo/teams	Cricinfo	cricinfo-teams	cricinfo_teams	cricinfo_teams	sports-scores-research	focused	false
GET	/cricinfo/venue	Cricinfo	cricinfo-venue	cricinfo_venue	cricinfo_venue	sports-scores-research	focused	false
GET	/cricinfo/venue/matches	Cricinfo	cricinfo-venue-matches	cricinfo_venue_matches	cricinfo_venue_matches	sports-scores-research	focused	false
GET	/cricinfo/videos	Cricinfo	cricinfo-videos	cricinfo_videos	cricinfo_videos	sports-scores-research	focused	false
GET	/crunchbase/organization/{id}	Crunchbase	crunchbase-organization				outside-exported-mcp	true
GET	/crunchbase/person/{id}	Crunchbase	crunchbase-person				outside-exported-mcp	true
GET	/ctvnews/article	CTV News	ctvnews-article	ctvnews_article	ctvnews_article	news-media-research	focused	false
GET	/ctvnews/author	CTV News	ctvnews-author	ctvnews_author	ctvnews_author	news-media-research	focused	false
GET	/ctvnews/headlines	CTV News	ctvnews-headlines	ctvnews_headlines	ctvnews_headlines	news-media-research	focused	false
GET	/ctvnews/news	CTV News	ctvnews-news	ctvnews_news	ctvnews_news	news-media-research	focused	false
GET	/ctvnews/sections	CTV News	ctvnews-sections	ctvnews_sections	ctvnews_sections	news-media-research	focused	false
GET	/culvers/calendar	Culvers	culvers-calendar	culvers_calendar	culvers_calendar	restaurant-food-delivery-research	focused	false
GET	/culvers/categories	Culvers	culvers-categories	culvers_categories	culvers_categories	restaurant-food-delivery-research	focused	false
GET	/culvers/directory	Culvers	culvers-directory	culvers_directory	culvers_directory	restaurant-food-delivery-research	focused	false
GET	/culvers/flavor	Culvers	culvers-flavor	culvers_flavor	culvers_flavor	restaurant-food-delivery-research	focused	false
GET	/culvers/item	Culvers	culvers-item	culvers_item	culvers_item	restaurant-food-delivery-research	focused	false
GET	/culvers/menu	Culvers	culvers-menu	culvers_menu	culvers_menu	restaurant-food-delivery-research	focused	false
GET	/culvers/store	Culvers	culvers-store	culvers_store	culvers_store	restaurant-food-delivery-research	focused	false
GET	/cvs/brands	CVS	cvs-brands	cvs_brands	cvs_brands	product-price-research	focused	false
GET	/cvs/categories	CVS	cvs-categories	cvs_categories	cvs_categories	product-price-research	focused	false
GET	/cvs/category	CVS	cvs-category	cvs_category	cvs_category	product-price-research	focused	false
GET	/cvs/product-ingredients/{slug}	CVS	cvs-product-ingredients	cvs_product_ingredients	cvs_product_ingredients	product-price-research	focused	false
GET	/cvs/product/{slug}	CVS	cvs-product	cvs_product	cvs_product	product-price-research	focused	false
GET	/cvs/search	CVS	cvs-search	cvs_search	cvs_search	product-price-research	focused	false
GET	/cvs/store-locator	CVS	cvs-store-locator	cvs_store_locator	cvs_store_locator	product-price-research	focused	false
GET	/dailycaller/article	The Daily Caller	dailycaller-article	dailycaller_article	dailycaller_article	news-media-research	focused	false
GET	/dailycaller/author	The Daily Caller	dailycaller-author	dailycaller_author	dailycaller_author	news-media-research	focused	false
GET	/dailycaller/headlines	The Daily Caller	dailycaller-headlines	dailycaller_headlines	dailycaller_headlines	news-media-research	focused	false
GET	/dailycaller/news	The Daily Caller	dailycaller-news	dailycaller_news	dailycaller_news	news-media-research	focused	false
GET	/dailycaller/sections	The Daily Caller	dailycaller-sections	dailycaller_sections	dailycaller_sections	news-media-research	focused	false
GET	/dailyexpress/article	Daily Express	dailyexpress-article	dailyexpress_article	dailyexpress_article	news-media-research	focused	false
GET	/dailyexpress/author	Daily Express	dailyexpress-author	dailyexpress_author	dailyexpress_author	news-media-research	focused	false
GET	/dailyexpress/headlines	Daily Express	dailyexpress-headlines	dailyexpress_headlines	dailyexpress_headlines	news-media-research	focused	false
GET	/dailyexpress/news	Daily Express	dailyexpress-news	dailyexpress_news	dailyexpress_news	news-media-research	focused	false
GET	/dailyexpress/sections	Daily Express	dailyexpress-sections	dailyexpress_sections	dailyexpress_sections	news-media-research	focused	false
GET	/dailykos/article	Daily Kos	dailykos-article	dailykos_article	dailykos_article	news-media-research	focused	false
GET	/dailykos/headlines	Daily Kos	dailykos-headlines	dailykos_headlines	dailykos_headlines	news-media-research	focused	false
GET	/dailykos/news	Daily Kos	dailykos-news	dailykos_news	dailykos_news	news-media-research	focused	false
GET	/dailykos/sections	Daily Kos	dailykos-sections	dailykos_sections	dailykos_sections	news-media-research	focused	false
GET	/dailymail/article	Daily Mail	dailymail-article	dailymail_article	dailymail_article	news-media-research	focused	false
GET	/dailymail/author	Daily Mail	dailymail-author	dailymail_author	dailymail_author	news-media-research	focused	false
GET	/dailymail/headlines	Daily Mail	dailymail-headlines	dailymail_headlines	dailymail_headlines	news-media-research	focused	false
GET	/dailymail/news	Daily Mail	dailymail-news	dailymail_news	dailymail_news	news-media-research	focused	false
GET	/dailymail/sections	Daily Mail	dailymail-sections	dailymail_sections	dailymail_sections	news-media-research	focused	false
GET	/dailymaverick/article	Daily Maverick	dailymaverick-article	dailymaverick_article	dailymaverick_article	news-media-research	focused	false
GET	/dailymaverick/headlines	Daily Maverick	dailymaverick-headlines	dailymaverick_headlines	dailymaverick_headlines	news-media-research	focused	false
GET	/dailymaverick/news	Daily Maverick	dailymaverick-news	dailymaverick_news	dailymaverick_news	news-media-research	focused	false
GET	/dailymaverick/sections	Daily Maverick	dailymaverick-sections	dailymaverick_sections	dailymaverick_sections	news-media-research	focused	false
GET	/dailyrecord/article	Daily Record	dailyrecord-article	dailyrecord_article	dailyrecord_article	news-media-research	focused	false
GET	/dailyrecord/author	Daily Record	dailyrecord-author	dailyrecord_author	dailyrecord_author	news-media-research	focused	false
GET	/dailyrecord/headlines	Daily Record	dailyrecord-headlines	dailyrecord_headlines	dailyrecord_headlines	news-media-research	focused	false
GET	/dailyrecord/news	Daily Record	dailyrecord-news	dailyrecord_news	dailyrecord_news	news-media-research	focused	false
GET	/dailyrecord/sections	Daily Record	dailyrecord-sections	dailyrecord_sections	dailyrecord_sections	news-media-research	focused	false
GET	/dailystaruk/article	Daily Star UK	dailystaruk-article	dailystaruk_article	dailystaruk_article	news-media-research	focused	false
GET	/dailystaruk/author	Daily Star UK	dailystaruk-author	dailystaruk_author	dailystaruk_author	news-media-research	focused	false
GET	/dailystaruk/headlines	Daily Star UK	dailystaruk-headlines	dailystaruk_headlines	dailystaruk_headlines	news-media-research	focused	false
GET	/dailystaruk/news	Daily Star UK	dailystaruk-news	dailystaruk_news	dailystaruk_news	news-media-research	focused	false
GET	/dailystaruk/sections	Daily Star UK	dailystaruk-sections	dailystaruk_sections	dailystaruk_sections	news-media-research	focused	false
GET	/dailywire/article	DailyWire	dailywire-article	dailywire_article	dailywire_article	news-media-research	focused	false
GET	/dailywire/author	DailyWire	dailywire-author	dailywire_author	dailywire_author	news-media-research	focused	false
GET	/dailywire/headlines	DailyWire	dailywire-headlines	dailywire_headlines	dailywire_headlines	news-media-research	focused	false
GET	/dailywire/news	DailyWire	dailywire-news	dailywire_news	dailywire_news	news-media-research	focused	false
GET	/dailywire/sections	DailyWire	dailywire-sections	dailywire_sections	dailywire_sections	news-media-research	focused	false
GET	/datasets	Datasets	datasets-list	datasets_list	datasets_list	crawlora-datasets	focused	false
GET	/datasets/airbnb-markets/facets	Datasets	datasets-airbnb-markets-facets	datasets_airbnb_facets	datasets_airbnb_facets	crawlora-datasets, short-term-rental-market-research	focused	false
GET	/datasets/airbnb-markets/items/{country}	Datasets	datasets-airbnb-markets-item	datasets_airbnb_item	datasets_airbnb_item	crawlora-datasets, short-term-rental-market-research	focused	false
GET	/datasets/airbnb-markets/nearby	Datasets	datasets-airbnb-markets-nearby	datasets_airbnb_nearby	datasets_airbnb_nearby	crawlora-datasets, short-term-rental-market-research	focused	false
GET	/datasets/airbnb-markets/search	Datasets	datasets-airbnb-markets-search	datasets_airbnb_search	datasets_airbnb_search	crawlora-datasets, short-term-rental-market-research	focused	false
GET	/datasets/apple-podcasts-shows/facets	Datasets	datasets-apple-podcasts-shows-facets	datasets_apple_podcasts_shows_facets	datasets_apple_podcasts_shows_facets	crawlora-datasets, podcast-guest-research	focused	false
GET	/datasets/apple-podcasts-shows/items/{id}	Datasets	datasets-apple-podcasts-shows-item	datasets_apple_podcasts_shows_item	datasets_apple_podcasts_shows_item	crawlora-datasets, podcast-guest-research	focused	false
GET	/datasets/apple-podcasts-shows/search	Datasets	datasets-apple-podcasts-shows-search	datasets_apple_podcasts_shows_search	datasets_apple_podcasts_shows_search	crawlora-datasets, podcast-guest-research	focused	false
GET	/datasets/apps-charts/search	Datasets	datasets-apps-charts-search	datasets_apps_charts_search	datasets_apps_charts_search	app-market-opportunity-research, crawlora-datasets	focused	false
GET	/datasets/apps-reviews/search	Datasets	datasets-apps-reviews-search	datasets_apps_reviews_search	datasets_apps_reviews_search	app-market-opportunity-research, crawlora-datasets, customer-feedback-analysis	focused	false
GET	/datasets/apps/search	Datasets	datasets-apps-search	datasets_apps_search	datasets_apps_search	app-market-opportunity-research, crawlora-datasets	focused	false
GET	/datasets/bbb-businesses/facets	Datasets	datasets-bbb-businesses-facets	datasets_bbb_businesses_facets	datasets_bbb_businesses_facets	crawlora-datasets	focused	false
GET	/datasets/bbb-businesses/items/{id}	Datasets	datasets-bbb-businesses-item	datasets_bbb_businesses_item	datasets_bbb_businesses_item	crawlora-datasets	focused	false
GET	/datasets/bbb-businesses/search	Datasets	datasets-bbb-businesses-search	datasets_bbb_businesses_search	datasets_bbb_businesses_search	crawlora-datasets	focused	false
GET	/datasets/boxofficemojo/facets	Datasets	datasets-boxofficemojo-facets	datasets_boxofficemojo_facets	datasets_boxofficemojo_facets	crawlora-datasets	focused	false
GET	/datasets/boxofficemojo/items/{title_id}	Datasets	datasets-boxofficemojo-item	datasets_boxofficemojo_item	datasets_boxofficemojo_item	crawlora-datasets	focused	false
GET	/datasets/boxofficemojo/search	Datasets	datasets-boxofficemojo-search	datasets_boxofficemojo_search	datasets_boxofficemojo_search	crawlora-datasets	focused	false
GET	/datasets/chrome-extensions/changes	Datasets	datasets-chrome-extensions-changes	datasets_chrome_extensions_changes	datasets_chrome_extensions_changes	chrome-extension-research, crawlora-datasets	focused	false
GET	/datasets/chrome-extensions/facets	Datasets	datasets-chrome-extensions-facets	datasets_chrome_extensions_facets	datasets_chrome_extensions_facets	chrome-extension-research, crawlora-datasets	focused	false
GET	/datasets/chrome-extensions/history/{id}	Datasets	datasets-chrome-extensions-history	datasets_chrome_extensions_history	datasets_chrome_extensions_history	chrome-extension-research, crawlora-datasets	focused	false
GET	/datasets/chrome-extensions/items/{id}	Datasets	datasets-chrome-extensions-item	datasets_chrome_extensions_item	datasets_chrome_extensions_item	chrome-extension-research, crawlora-datasets	focused	false
GET	/datasets/chrome-extensions/metrics	Datasets	datasets-chrome-extensions-metrics	datasets_chrome_extensions_metrics	datasets_chrome_extensions_metrics	chrome-extension-research, crawlora-datasets	focused	false
GET	/datasets/chrome-extensions/search	Datasets	datasets-chrome-extensions-search	datasets_chrome_extensions_search	datasets_chrome_extensions_search	chrome-extension-research, crawlora-datasets	focused	false
GET	/datasets/chrome-extensions/trending	Datasets	datasets-chrome-extensions-trending	datasets_chrome_extensions_trending	datasets_chrome_extensions_trending	chrome-extension-research, crawlora-datasets	focused	false
GET	/datasets/creators/search	Datasets	datasets-creators-search	datasets_creators_search	datasets_creators_search	crawlora-datasets, influencer-discovery	focused	false
GET	/datasets/doordash-stores/facets	Datasets	datasets-doordash-stores-facets	datasets_doordash_stores_facets	datasets_doordash_stores_facets	crawlora-datasets	focused	false
GET	/datasets/doordash-stores/items/{store_id}	Datasets	datasets-doordash-stores-item	datasets_doordash_stores_item	datasets_doordash_stores_item	crawlora-datasets	focused	false
GET	/datasets/doordash-stores/nearby	Datasets	datasets-doordash-stores-nearby	datasets_doordash_stores_nearby	datasets_doordash_stores_nearby	crawlora-datasets	focused	false
GET	/datasets/doordash-stores/search	Datasets	datasets-doordash-stores-search	datasets_doordash_stores_search	datasets_doordash_stores_search	crawlora-datasets	focused	false
GET	/datasets/facebook-pages/facets	Datasets	datasets-facebook-pages-facets	datasets_facebook_pages_facets	datasets_facebook_pages_facets	crawlora-datasets	focused	false
GET	/datasets/facebook-pages/items/{page_id}	Datasets	datasets-facebook-pages-item	datasets_facebook_pages_item	datasets_facebook_pages_item	crawlora-datasets	focused	false
GET	/datasets/facebook-pages/search	Datasets	datasets-facebook-pages-search	datasets_facebook_pages_search	datasets_facebook_pages_search	crawlora-datasets	focused	false
GET	/datasets/github-users/facets	Datasets	datasets-github-users-facets	datasets_github_users_facets	datasets_github_users_facets	crawlora-datasets	focused	false
GET	/datasets/github-users/items/{login}	Datasets	datasets-github-users-item	datasets_github_users_item	datasets_github_users_item	crawlora-datasets	focused	false
GET	/datasets/github-users/nearby	Datasets	datasets-github-users-nearby	datasets_github_users_nearby	datasets_github_users_nearby	crawlora-datasets	focused	false
GET	/datasets/github-users/search	Datasets	datasets-github-users-search	datasets_github_users_search	datasets_github_users_search	crawlora-datasets	focused	false
GET	/datasets/goodreads-authors/facets	Datasets	datasets-goodreads-authors-facets	datasets_goodreads_authors_facets	datasets_goodreads_authors_facets	crawlora-datasets	focused	false
GET	/datasets/goodreads-authors/items/{id}	Datasets	datasets-goodreads-authors-item	datasets_goodreads_authors_item	datasets_goodreads_authors_item	crawlora-datasets	focused	false
GET	/datasets/goodreads-authors/search	Datasets	datasets-goodreads-authors-search	datasets_goodreads_authors_search	datasets_goodreads_authors_search	crawlora-datasets	focused	false
GET	/datasets/goodreads-books/facets	Datasets	datasets-goodreads-books-facets	datasets_goodreads_books_facets	datasets_goodreads_books_facets	crawlora-datasets	focused	false
GET	/datasets/goodreads-books/items/{id}	Datasets	datasets-goodreads-books-item	datasets_goodreads_books_item	datasets_goodreads_books_item	crawlora-datasets	focused	false
GET	/datasets/goodreads-books/search	Datasets	datasets-goodreads-books-search	datasets_goodreads_books_search	datasets_goodreads_books_search	crawlora-datasets	focused	false
GET	/datasets/google-map-businesses/facets	Datasets	datasets-google-map-businesses-facets	datasets_google_map_facets	datasets_google_map_facets	crawlora-datasets, local-business-prospecting, local-competitive-landscape	focused	false
GET	/datasets/google-map-businesses/items/{place_id}	Datasets	datasets-google-map-businesses-item	datasets_google_map_item	datasets_google_map_item	crawlora-datasets, local-business-prospecting, local-competitive-landscape	focused	false
GET	/datasets/google-map-businesses/nearby	Datasets	datasets-google-map-businesses-nearby	datasets_google_map_nearby	datasets_google_map_nearby	crawlora-datasets, local-business-prospecting	focused	false
GET	/datasets/google-map-businesses/search	Datasets	datasets-google-map-businesses-search	datasets_google_map_search	datasets_google_map_search	crawlora-datasets, local-business-prospecting, local-competitive-landscape	focused	false
GET	/datasets/housing-markets/facets	Datasets	datasets-housing-markets-facets	datasets_housing_markets_facets	datasets_housing_markets_facets	crawlora-datasets, housing-market-research	focused	false
GET	/datasets/housing-markets/items/{region_type}/{table_id}	Datasets	datasets-housing-markets-item	datasets_housing_markets_item	datasets_housing_markets_item	crawlora-datasets, housing-market-research	focused	false
GET	/datasets/housing-markets/search	Datasets	datasets-housing-markets-search	datasets_housing_markets_search	datasets_housing_markets_search	crawlora-datasets, housing-market-research	focused	false
GET	/datasets/instagram-users/facets	Datasets	datasets-instagram-users-facets	datasets_instagram_users_facets	datasets_instagram_users_facets	crawlora-datasets, influencer-discovery	focused	false
GET	/datasets/instagram-users/items/{username}	Datasets	datasets-instagram-users-item	datasets_instagram_users_item	datasets_instagram_users_item	crawlora-datasets, influencer-discovery	focused	false
GET	/datasets/instagram-users/search	Datasets	datasets-instagram-users-search	datasets_instagram_users_search	datasets_instagram_users_search	crawlora-datasets, influencer-discovery	focused	false
GET	/datasets/jobs/companies	Datasets	datasets-jobs-companies	datasets_jobs_companies	datasets_jobs_companies	competitor-intelligence, crawlora-datasets, hiring-demand-analysis	focused	false
GET	/datasets/jobs/companies/{id}	Datasets	datasets-jobs-company-item	datasets_jobs_company_item	datasets_jobs_company_item	crawlora-datasets, hiring-demand-analysis	focused	false
GET	/datasets/jobs/facets	Datasets	datasets-jobs-facets	datasets_jobs_facets	datasets_jobs_facets	crawlora-datasets, hiring-demand-analysis	focused	false
GET	/datasets/jobs/items/{id}	Datasets	datasets-jobs-item	datasets_jobs_item	datasets_jobs_item	crawlora-datasets, hiring-demand-analysis	focused	false
GET	/datasets/jobs/nearby	Datasets	datasets-jobs-nearby	datasets_jobs_nearby	datasets_jobs_nearby	crawlora-datasets	focused	false
GET	/datasets/jobs/search	Datasets	datasets-jobs-search	datasets_jobs_search	datasets_jobs_search	competitor-intelligence, crawlora-datasets, hiring-demand-analysis	focused	false
GET	/datasets/journalists/facets	Datasets	datasets-journalists-facets	datasets_journalists_facets	datasets_journalists_facets	crawlora-datasets, journalist-media-research	focused	false
GET	/datasets/journalists/items/{outlet}/{slug}	Datasets	datasets-journalists-item	datasets_journalists_item	datasets_journalists_item	crawlora-datasets, journalist-media-research	focused	false
GET	/datasets/journalists/search	Datasets	datasets-journalists-search	datasets_journalists_search	datasets_journalists_search	crawlora-datasets, journalist-media-research	focused	false
GET	/datasets/numbeo-cities/facets	Datasets	datasets-numbeo-cities-facets	datasets_numbeo_cities_facets	datasets_numbeo_cities_facets	crawlora-datasets	focused	false
GET	/datasets/numbeo-cities/items/{slug}	Datasets	datasets-numbeo-cities-item	datasets_numbeo_cities_item	datasets_numbeo_cities_item	crawlora-datasets	focused	false
GET	/datasets/numbeo-cities/search	Datasets	datasets-numbeo-cities-search	datasets_numbeo_cities_search	datasets_numbeo_cities_search	crawlora-datasets	focused	false
GET	/datasets/numbeo-countries/items/{country}	Datasets	datasets-numbeo-countries-item	datasets_numbeo_countries_item	datasets_numbeo_countries_item	crawlora-datasets	focused	false
GET	/datasets/numbeo-countries/search	Datasets	datasets-numbeo-countries-search	datasets_numbeo_countries_search	datasets_numbeo_countries_search	crawlora-datasets	focused	false
GET	/datasets/pitchbook-advisors/facets	Datasets	datasets-pitchbook-advisors-facets	datasets_pitchbook_advisors_facets	datasets_pitchbook_advisors_facets	crawlora-datasets	focused	false
GET	/datasets/pitchbook-advisors/items/{id}	Datasets	datasets-pitchbook-advisors-item	datasets_pitchbook_advisors_item	datasets_pitchbook_advisors_item	crawlora-datasets	focused	false
GET	/datasets/pitchbook-advisors/search	Datasets	datasets-pitchbook-advisors-search	datasets_pitchbook_advisors_search	datasets_pitchbook_advisors_search	crawlora-datasets	focused	false
GET	/datasets/pitchbook-companies/facets	Datasets	datasets-pitchbook-companies-facets	datasets_pitchbook_companies_facets	datasets_pitchbook_companies_facets	crawlora-datasets	focused	false
GET	/datasets/pitchbook-companies/items/{id}	Datasets	datasets-pitchbook-companies-item	datasets_pitchbook_companies_item	datasets_pitchbook_companies_item	crawlora-datasets	focused	false
GET	/datasets/pitchbook-companies/search	Datasets	datasets-pitchbook-companies-search	datasets_pitchbook_companies_search	datasets_pitchbook_companies_search	crawlora-datasets	focused	false
GET	/datasets/pitchbook-funds/facets	Datasets	datasets-pitchbook-funds-facets	datasets_pitchbook_funds_facets	datasets_pitchbook_funds_facets	crawlora-datasets	focused	false
GET	/datasets/pitchbook-funds/items/{id}	Datasets	datasets-pitchbook-funds-item	datasets_pitchbook_funds_item	datasets_pitchbook_funds_item	crawlora-datasets	focused	false
GET	/datasets/pitchbook-funds/search	Datasets	datasets-pitchbook-funds-search	datasets_pitchbook_funds_search	datasets_pitchbook_funds_search	crawlora-datasets	focused	false
GET	/datasets/pitchbook-investors/facets	Datasets	datasets-pitchbook-investors-facets	datasets_pitchbook_investors_facets	datasets_pitchbook_investors_facets	crawlora-datasets	focused	false
GET	/datasets/pitchbook-investors/items/{id}	Datasets	datasets-pitchbook-investors-item	datasets_pitchbook_investors_item	datasets_pitchbook_investors_item	crawlora-datasets	focused	false
GET	/datasets/pitchbook-investors/search	Datasets	datasets-pitchbook-investors-search	datasets_pitchbook_investors_search	datasets_pitchbook_investors_search	crawlora-datasets	focused	false
GET	/datasets/pitchbook-limited-partners/facets	Datasets	datasets-pitchbook-limited-partners-facets	datasets_pitchbook_limited_partners_facets	datasets_pitchbook_limited_partners_facets	crawlora-datasets	focused	false
GET	/datasets/pitchbook-limited-partners/items/{id}	Datasets	datasets-pitchbook-limited-partners-item	datasets_pitchbook_limited_partners_item	datasets_pitchbook_limited_partners_item	crawlora-datasets	focused	false
GET	/datasets/pitchbook-limited-partners/search	Datasets	datasets-pitchbook-limited-partners-search	datasets_pitchbook_limited_partners_search	datasets_pitchbook_limited_partners_search	crawlora-datasets	focused	false
GET	/datasets/playstation-games/facets	Datasets	datasets-playstation-games-facets	datasets_playstation_games_facets	datasets_playstation_games_facets	crawlora-datasets	focused	false
GET	/datasets/playstation-games/items/{product_id}	Datasets	datasets-playstation-games-item	datasets_playstation_games_item	datasets_playstation_games_item	crawlora-datasets	focused	false
GET	/datasets/playstation-games/search	Datasets	datasets-playstation-games-search	datasets_playstation_games_search	datasets_playstation_games_search	crawlora-datasets	focused	false
GET	/datasets/producthunt-makers/facets	Datasets	datasets-producthunt-makers-facets	datasets_producthunt_makers_facets	datasets_producthunt_makers_facets	crawlora-datasets	focused	false
GET	/datasets/producthunt-makers/items/{username}	Datasets	datasets-producthunt-makers-item	datasets_producthunt_makers_item	datasets_producthunt_makers_item	crawlora-datasets	focused	false
GET	/datasets/producthunt-makers/search	Datasets	datasets-producthunt-makers-search	datasets_producthunt_makers_search	datasets_producthunt_makers_search	crawlora-datasets	focused	false
GET	/datasets/producthunt-products/facets	Datasets	datasets-producthunt-products-facets	datasets_producthunt_products_facets	datasets_producthunt_products_facets	crawlora-datasets	focused	false
GET	/datasets/producthunt-products/items/{slug}	Datasets	datasets-producthunt-products-item	datasets_producthunt_products_item	datasets_producthunt_products_item	crawlora-datasets	focused	false
GET	/datasets/producthunt-products/search	Datasets	datasets-producthunt-products-search	datasets_producthunt_products_search	datasets_producthunt_products_search	crawlora-datasets	focused	false
GET	/datasets/producthunt-trends/facets	Datasets	datasets-producthunt-trends-facets	datasets_producthunt_trends_facets	datasets_producthunt_trends_facets	crawlora-datasets	focused	false
GET	/datasets/producthunt-trends/search	Datasets	datasets-producthunt-trends-search	datasets_producthunt_trends_search	datasets_producthunt_trends_search	crawlora-datasets	focused	false
GET	/datasets/reddit-trending/search	Datasets	datasets-reddit-trending-search	datasets_reddit_trending_search	datasets_reddit_trending_search	crawlora-datasets	focused	false
GET	/datasets/sec-companies/facets	Datasets	datasets-sec-companies-facets	datasets_sec_companies_facets	datasets_sec_companies_facets	crawlora-datasets, sec-filings-research	focused	false
GET	/datasets/sec-companies/financials/{cik}	Datasets	datasets-sec-companies-financials	datasets_sec_companies_financials	datasets_sec_companies_financials	crawlora-datasets, sec-filings-research	focused	false
GET	/datasets/sec-companies/insider/{cik}	Datasets	datasets-sec-companies-insider	datasets_sec_companies_insider	datasets_sec_companies_insider	crawlora-datasets, sec-filings-research	focused	false
GET	/datasets/sec-companies/items/{cik}	Datasets	datasets-sec-companies-item	datasets_sec_companies_item	datasets_sec_companies_item	crawlora-datasets, sec-filings-research	focused	false
GET	/datasets/sec-companies/search	Datasets	datasets-sec-companies-search	datasets_sec_companies_search	datasets_sec_companies_search	crawlora-datasets, sec-filings-research	focused	false
GET	/datasets/sec-institutional-positions/facets	Datasets	datasets-sec-institutional-positions-facets	datasets_sec_institutional_positions_facets	datasets_sec_institutional_positions_facets	crawlora-datasets, sec-filings-research	focused	false
GET	/datasets/sec-institutional-positions/search	Datasets	datasets-sec-institutional-positions-search	datasets_sec_institutional_positions_search	datasets_sec_institutional_positions_search	crawlora-datasets, sec-filings-research	focused	false
GET	/datasets/starbucks-stores/facets	Datasets	datasets-starbucks-stores-facets	datasets_starbucks_stores_facets	datasets_starbucks_stores_facets	crawlora-datasets	focused	false
GET	/datasets/starbucks-stores/items/{store_number}	Datasets	datasets-starbucks-stores-item	datasets_starbucks_stores_item	datasets_starbucks_stores_item	crawlora-datasets	focused	false
GET	/datasets/starbucks-stores/nearby	Datasets	datasets-starbucks-stores-nearby	datasets_starbucks_stores_nearby	datasets_starbucks_stores_nearby	crawlora-datasets	focused	false
GET	/datasets/starbucks-stores/search	Datasets	datasets-starbucks-stores-search	datasets_starbucks_stores_search	datasets_starbucks_stores_search	crawlora-datasets	focused	false
GET	/datasets/steam-achievements/search	Datasets	datasets-steam-achievements-search	datasets_steam_achievements_search	datasets_steam_achievements_search	crawlora-datasets	focused	false
GET	/datasets/steam-charts/search	Datasets	datasets-steam-charts-search	datasets_steam_charts_search	datasets_steam_charts_search	crawlora-datasets, steam-market-opportunity-research	focused	false
GET	/datasets/steam-games/facets	Datasets	datasets-steam-games-facets	datasets_steam_games_facets	datasets_steam_games_facets	crawlora-datasets, steam-market-opportunity-research	focused	false
GET	/datasets/steam-games/items/{appid}	Datasets	datasets-steam-games-item	datasets_steam_games_item	datasets_steam_games_item	crawlora-datasets, steam-market-opportunity-research	focused	false
GET	/datasets/steam-games/search	Datasets	datasets-steam-games-search	datasets_steam_games_search	datasets_steam_games_search	crawlora-datasets, steam-market-opportunity-research	focused	false
GET	/datasets/steam-news/search	Datasets	datasets-steam-news-search	datasets_steam_news_search	datasets_steam_news_search	crawlora-datasets, steam-market-opportunity-research	focused	false
GET	/datasets/steam-playercounts/search	Datasets	datasets-steam-playercounts-search	datasets_steam_playercounts_search	datasets_steam_playercounts_search	crawlora-datasets, steam-market-opportunity-research	focused	false
GET	/datasets/steam-prices/search	Datasets	datasets-steam-prices-search	datasets_steam_prices_search	datasets_steam_prices_search	crawlora-datasets	focused	false
GET	/datasets/steam-reviews/search	Datasets	datasets-steam-reviews-search	datasets_steam_reviews_search	datasets_steam_reviews_search	crawlora-datasets, steam-market-opportunity-research	focused	false
GET	/datasets/techstack/facets	Datasets	datasets-techstack-facets	datasets_techstack_facets	datasets_techstack_facets	crawlora-datasets, techstack-prospecting	focused	false
GET	/datasets/techstack/items/{domain}	Datasets	datasets-techstack-item	datasets_techstack_item	datasets_techstack_item	crawlora-datasets, techstack-prospecting	focused	false
GET	/datasets/techstack/search	Datasets	datasets-techstack-search	datasets_techstack_search	datasets_techstack_search	crawlora-datasets, techstack-prospecting	focused	false
GET	/datasets/trustmrr/facets	Datasets	datasets-trustmrr-facets	datasets_trustmrr_facets	datasets_trustmrr_facets	crawlora-datasets, startup-acquisition-research	focused	false
GET	/datasets/trustmrr/history/{slug}	Datasets	datasets-trustmrr-history	datasets_trustmrr_history	datasets_trustmrr_history	crawlora-datasets, startup-acquisition-research	focused	false
GET	/datasets/trustmrr/items/{slug}	Datasets	datasets-trustmrr-item	datasets_trustmrr_item	datasets_trustmrr_item	crawlora-datasets, startup-acquisition-research	focused	false
GET	/datasets/trustmrr/search	Datasets	datasets-trustmrr-search	datasets_trustmrr_search	datasets_trustmrr_search	crawlora-datasets, startup-acquisition-research	focused	false
GET	/datasets/vehicle-listings/facets	Datasets	datasets-vehicle-listings-facets	datasets_vehicle_listings_facets	datasets_vehicle_listings_facets	crawlora-datasets	focused	false
GET	/datasets/vehicle-listings/items/{id}	Datasets	datasets-vehicle-listings-item	datasets_vehicle_listings_item	datasets_vehicle_listings_item	crawlora-datasets	focused	false
GET	/datasets/vehicle-listings/price-history/{id}	Datasets	datasets-vehicle-listings-price-history	datasets_vehicle_listings_price_history	datasets_vehicle_listings_price_history	crawlora-datasets	focused	false
GET	/datasets/vehicle-listings/search	Datasets	datasets-vehicle-listings-search	datasets_vehicle_listings_search	datasets_vehicle_listings_search	crawlora-datasets	focused	false
GET	/datasets/x-users/facets	Datasets	datasets-x-users-facets	datasets_x_users_facets	datasets_x_users_facets	crawlora-datasets	focused	false
GET	/datasets/x-users/items/{username}	Datasets	datasets-x-users-item	datasets_x_users_item	datasets_x_users_item	crawlora-datasets	focused	false
GET	/datasets/x-users/search	Datasets	datasets-x-users-search	datasets_x_users_search	datasets_x_users_search	crawlora-datasets	focused	false
GET	/datasets/youtube-creators/facets	Datasets	datasets-youtube-creators-facets	datasets_youtube_creators_facets	datasets_youtube_creators_facets	crawlora-datasets, influencer-discovery	focused	false
GET	/datasets/youtube-creators/items/{channel_id}	Datasets	datasets-youtube-creators-item	datasets_youtube_creators_item	datasets_youtube_creators_item	crawlora-datasets, influencer-discovery	focused	false
GET	/datasets/youtube-creators/search	Datasets	datasets-youtube-creators-search	datasets_youtube_creators_search	datasets_youtube_creators_search	crawlora-datasets, influencer-discovery	focused	false
GET	/dawn/article	Dawn	dawn-article	dawn_article	dawn_article	news-media-research	focused	false
GET	/dawn/author	Dawn	dawn-author	dawn_author	dawn_author	news-media-research	focused	false
GET	/dawn/headlines	Dawn	dawn-headlines	dawn_headlines	dawn_headlines	news-media-research	focused	false
GET	/dawn/news	Dawn	dawn-news	dawn_news	dawn_news	news-media-research	focused	false
GET	/dawn/sections	Dawn	dawn-sections	dawn_sections	dawn_sections	news-media-research	focused	false
GET	/deadline/article	Deadline	deadline-article	deadline_article	deadline_article	news-media-research	focused	false
GET	/deadline/author	Deadline	deadline-author	deadline_author	deadline_author	news-media-research	focused	false
GET	/deadline/headlines	Deadline	deadline-headlines	deadline_headlines	deadline_headlines	news-media-research	focused	false
GET	/deadline/news	Deadline	deadline-news	deadline_news	deadline_news	news-media-research	focused	false
GET	/deadline/sections	Deadline	deadline-sections	deadline_sections	deadline_sections	news-media-research	focused	false
GET	/deliveroo/fulfillment-times	Deliveroo	deliveroo-fulfillment-times	deliveroo_fulfillment_times	deliveroo_fulfillment_times	restaurant-food-delivery-research	focused	false
GET	/deliveroo/restaurant	Deliveroo	deliveroo-restaurant	deliveroo_restaurant	deliveroo_restaurant	restaurant-food-delivery-research	focused	false
GET	/deliveroo/restaurant/menu	Deliveroo	deliveroo-restaurant-menu	deliveroo_restaurant_menu	deliveroo_restaurant_menu	restaurant-food-delivery-research	focused	false
GET	/deliveroo/search	Deliveroo	deliveroo-search	deliveroo_search	deliveroo_search	restaurant-food-delivery-research	focused	false
GET	/deliveroo/search/filters	Deliveroo	deliveroo-search-filters	deliveroo_search_filters	deliveroo_search_filters	restaurant-food-delivery-research	focused	false
GET	/denverpost/article	The Denver Post	denverpost-article	denverpost_article	denverpost_article	news-media-research	focused	false
GET	/denverpost/author	The Denver Post	denverpost-author	denverpost_author	denverpost_author	news-media-research	focused	false
GET	/denverpost/headlines	The Denver Post	denverpost-headlines	denverpost_headlines	denverpost_headlines	news-media-research	focused	false
GET	/denverpost/news	The Denver Post	denverpost-news	denverpost_news	denverpost_news	news-media-research	focused	false
GET	/denverpost/sections	The Denver Post	denverpost-sections	denverpost_sections	denverpost_sections	news-media-research	focused	false
GET	/depop/brands	Depop	depop-brands	depop_brands	depop_brands	luxury-resale-research, resale-secondhand-research	focused	false
GET	/depop/categories	Depop	depop-categories	depop_categories	depop_categories	luxury-resale-research, resale-secondhand-research	focused	false
GET	/depop/item/{slug}	Depop	depop-item	depop_item	depop_item	luxury-resale-research, resale-secondhand-research	focused	false
GET	/depop/item/{slug}/similar	Depop	depop-item-similar	depop_item_similar	depop_item_similar	luxury-resale-research, resale-secondhand-research	focused	false
GET	/depop/search	Depop	depop-search	depop_search	depop_search	luxury-resale-research, resale-secondhand-research	focused	false
GET	/depop/search-sellers	Depop	depop-search-sellers	depop_search_sellers	depop_search_sellers	luxury-resale-research, resale-secondhand-research	focused	false
GET	/depop/search/facets	Depop	depop-search-facets	depop_search_facets	depop_search_facets	luxury-resale-research, resale-secondhand-research	focused	false
GET	/depop/shop/{username}	Depop	depop-shop	depop_shop	depop_shop	luxury-resale-research, resale-secondhand-research	focused	false
GET	/depop/sizes	Depop	depop-sizes	depop_sizes	depop_sizes	luxury-resale-research, resale-secondhand-research	focused	false
GET	/depop/suggest	Depop	depop-suggest	depop_suggest	depop_suggest	luxury-resale-research, resale-secondhand-research	focused	false
POST	/diagnostics/antibot-check	Web	antibot-check				outside-exported-mcp	false
GET	/discogs/artist/{id}	Discogs	discogs-artist	discogs_artist	discogs_artist	music-podcast-research	focused	false
GET	/discogs/artist/{id}/releases	Discogs	discogs-artist-releases	discogs_artist_releases	discogs_artist_releases	music-podcast-research	focused	false
GET	/discogs/label/{id}	Discogs	discogs-label	discogs_label	discogs_label	music-podcast-research	focused	false
GET	/discogs/label/{id}/releases	Discogs	discogs-label-releases	discogs_label_releases	discogs_label_releases	music-podcast-research	focused	false
GET	/discogs/master/{id}	Discogs	discogs-master	discogs_master	discogs_master	music-podcast-research	focused	false
GET	/discogs/release/{id}	Discogs	discogs-release	discogs_release	discogs_release	music-podcast-research	focused	false
GET	/discogs/search	Discogs	discogs-search	discogs_search	discogs_search	music-podcast-research	focused	false
GET	/dominos/coupons	Dominos	dominos-coupons	dominos_coupons	dominos_coupons	restaurant-food-delivery-research	focused	false
GET	/dominos/customization	Dominos	dominos-customization	dominos_customization	dominos_customization	restaurant-food-delivery-research	focused	false
GET	/dominos/menu	Dominos	dominos-menu	dominos_menu	dominos_menu	restaurant-food-delivery-research	focused	false
GET	/dominos/nutrition	Dominos	dominos-nutrition	dominos_nutrition	dominos_nutrition	restaurant-food-delivery-research	focused	false
GET	/dominos/store	Dominos	dominos-store	dominos_store	dominos_store	restaurant-food-delivery-research	focused	false
GET	/dominos/store-locator	Dominos	dominos-store-locator	dominos_store_locator	dominos_store_locator	restaurant-food-delivery-research	focused	false
GET	/doordash/explore	DoorDash	doordash-explore	doordash_explore	doordash_explore	restaurant-food-delivery-research	focused	false
GET	/doordash/feed	DoorDash	doordash-feed	doordash_feed	doordash_feed	restaurant-food-delivery-research	focused	false
GET	/doordash/search	DoorDash	doordash-search	doordash_search	doordash_search	restaurant-food-delivery-research, restaurant-menu-benchmarking	focused	false
GET	/doordash/search/autocomplete	DoorDash	doordash-search-autocomplete	doordash_search_autocomplete	doordash_search_autocomplete	restaurant-food-delivery-research	focused	false
GET	/doordash/search/filters	DoorDash	doordash-search-filters	doordash_search_filters	doordash_search_filters	restaurant-food-delivery-research	focused	false
GET	/doordash/search/items	DoorDash	doordash-search-items	doordash_search_items	doordash_search_items	restaurant-food-delivery-research	focused	false
GET	/doordash/store/{store_id}	DoorDash	doordash-store	doordash_store	doordash_store	restaurant-food-delivery-research, restaurant-menu-benchmarking	focused	false
GET	/doordash/store/{store_id}/fulfillment	DoorDash	doordash-store-fulfillment	doordash_store_fulfillment	doordash_store_fulfillment	restaurant-food-delivery-research	focused	false
GET	/doordash/store/{store_id}/info	DoorDash	doordash-store-info	doordash_store_info	doordash_store_info	restaurant-food-delivery-research	focused	false
GET	/doordash/store/{store_id}/item/{item_id}	DoorDash	doordash-store-item	doordash_store_item	doordash_store_item	restaurant-food-delivery-research	focused	false
GET	/doordash/store/{store_id}/menu	DoorDash	doordash-store-menu	doordash_store_menu	doordash_store_menu	restaurant-food-delivery-research, restaurant-menu-benchmarking	focused	false
GET	/doordash/store/{store_id}/reviews	DoorDash	doordash-store-reviews	doordash_store_reviews	doordash_store_reviews	restaurant-food-delivery-research	focused	false
GET	/draftkings/sportsbook/event	DraftKings Sportsbook	draftkings-event	draftkings_event	draftkings_event	sports-betting-research, sports-scores-research	focused	false
GET	/draftkings/sportsbook/event-context	DraftKings Sportsbook	draftkings-event-context	draftkings_event_context	draftkings_event_context	sports-betting-research, sports-scores-research	focused	false
GET	/draftkings/sportsbook/event-markets	DraftKings Sportsbook	draftkings-event-markets	draftkings_event_markets	draftkings_event_markets	sports-betting-research, sports-scores-research	focused	false
GET	/draftkings/sportsbook/featured-leagues	DraftKings Sportsbook	draftkings-featured-leagues	draftkings_featured_leagues	draftkings_featured_leagues	sports-betting-research, sports-scores-research	focused	false
GET	/draftkings/sportsbook/futures	DraftKings Sportsbook	draftkings-futures	draftkings_futures	draftkings_futures	sports-betting-research, sports-scores-research	focused	false
GET	/draftkings/sportsbook/league-events	DraftKings Sportsbook	draftkings-league-events	draftkings_league_events	draftkings_league_events	sports-betting-research, sports-scores-research	focused	false
GET	/draftkings/sportsbook/leagues	DraftKings Sportsbook	draftkings-leagues	draftkings_leagues	draftkings_leagues	sports-betting-research, sports-scores-research	focused	false
GET	/draftkings/sportsbook/live	DraftKings Sportsbook	draftkings-live	draftkings_live	draftkings_live	sports-betting-research, sports-scores-research	focused	false
GET	/draftkings/sportsbook/odds	DraftKings Sportsbook	draftkings-odds	draftkings_odds	draftkings_odds	sports-betting-research, sports-scores-research	focused	false
GET	/draftkings/sportsbook/quick-links	DraftKings Sportsbook	draftkings-quick-links	draftkings_quick_links	draftkings_quick_links	sports-betting-research, sports-scores-research	focused	false
GET	/draftkings/sportsbook/team	DraftKings Sportsbook	draftkings-team	draftkings_team	draftkings_team	sports-betting-research, sports-scores-research	focused	false
GET	/draftkings/sportsbook/teams	DraftKings Sportsbook	draftkings-teams	draftkings_teams	draftkings_teams	sports-betting-research, sports-scores-research	focused	false
GET	/duckduckgo/image	DuckDuckGo Search	duckduckgo-image	duckduckgo_image	duckduckgo_image	serp-keyword-research	focused	false
GET	/duckduckgo/news	DuckDuckGo Search	duckduckgo-news	duckduckgo_news	duckduckgo_news	serp-keyword-research	focused	false
GET	/duckduckgo/search	DuckDuckGo Search	duckduckgo-search	duckduckgo_search	duckduckgo_search	serp-keyword-research	focused	false
GET	/duckduckgo/shopping	DuckDuckGo Search	duckduckgo-shopping	duckduckgo_shopping	duckduckgo_shopping	serp-keyword-research	focused	false
GET	/duckduckgo/video	DuckDuckGo Search	duckduckgo-video	duckduckgo_video	duckduckgo_video	serp-keyword-research	focused	false
GET	/dunkin/directory	Dunkin	dunkin-directory	dunkin_directory	dunkin_directory	restaurant-food-delivery-research	focused	false
GET	/dunkin/menu	Dunkin	dunkin-menu	dunkin_menu	dunkin_menu	restaurant-food-delivery-research	focused	false
GET	/dunkin/nearby	Dunkin	dunkin-nearby	dunkin_nearby	dunkin_nearby	restaurant-food-delivery-research	focused	false
GET	/dunkin/store	Dunkin	dunkin-store	dunkin_store	dunkin_store	restaurant-food-delivery-research	focused	false
GET	/dw/article	DW	dw-article	dw_article	dw_article	news-media-research	focused	false
GET	/dw/author	DW	dw-author	dw_author	dw_author	news-media-research	focused	false
GET	/dw/headlines	DW	dw-headlines	dw_headlines	dw_headlines	news-media-research	focused	false
GET	/dw/news	DW	dw-news	dw_news	dw_news	news-media-research	focused	false
GET	/dw/sections	DW	dw-sections	dw_sections	dw_sections	news-media-research	focused	false
GET	/ebay/item/{item_id}	eBay	ebay-item	ebay_item	ebay_item	ebay-research, product-price-research	focused	false
GET	/ebay/live/streams	eBay	ebay-live-streams	ebay_live_streams	ebay_live_streams	ebay-research, product-price-research	focused	false
GET	/ebay/live/streams/{id}	eBay	ebay-live-stream	ebay_live_stream	ebay_live_stream	ebay-research, product-price-research	focused	false
GET	/ebay/live/streams/{id}/items	eBay	ebay-live-stream-items	ebay_live_stream_items	ebay_live_stream_items	ebay-research, product-price-research	focused	false
GET	/ebay/live/streams/batch	eBay	ebay-live-streams-batch	ebay_live_streams_batch	ebay_live_streams_batch	ebay-research, product-price-research	focused	false
POST	/ebay/search	eBay	ebay-search	ebay_search	ebay_search	ebay-research, product-price-research	focused	false
GET	/ebay/seller/{seller}	eBay	ebay-seller	ebay_seller	ebay_seller	ebay-research, product-price-research	focused	false
GET	/ebay/seller/{seller}/about	eBay	ebay-seller-about	ebay_seller_about	ebay_seller_about	ebay-research, product-price-research	focused	false
GET	/ebay/seller/{seller}/feedback	eBay	ebay-seller-feedback	ebay_seller_feedback	ebay_seller_feedback	ebay-research, product-price-research	focused	false
GET	/ebay/seller/{seller}/shop	eBay	ebay-seller-shop	ebay_seller_shop	ebay_seller_shop	ebay-research, product-price-research	focused	false
GET	/economictimes/article	Economic Times	economictimes-article	economictimes_article	economictimes_article	news-media-research	focused	false
GET	/economictimes/author	Economic Times	economictimes-author	economictimes_author	economictimes_author	news-media-research	focused	false
GET	/economictimes/headlines	Economic Times	economictimes-headlines	economictimes_headlines	economictimes_headlines	news-media-research	focused	false
GET	/economictimes/news	Economic Times	economictimes-news	economictimes_news	economictimes_news	news-media-research	focused	false
GET	/economictimes/sections	Economic Times	economictimes-sections	economictimes_sections	economictimes_sections	news-media-research	focused	false
POST	/email/verify	Web	email-verify				outside-exported-mcp	false
GET	/engadget/article	Engadget	engadget-article	engadget_article	engadget_article	news-media-research	focused	false
GET	/engadget/author	Engadget	engadget-author	engadget_author	engadget_author	news-media-research	focused	false
GET	/engadget/headlines	Engadget	engadget-headlines	engadget_headlines	engadget_headlines	news-media-research	focused	false
GET	/engadget/news	Engadget	engadget-news	engadget_news	engadget_news	news-media-research	focused	false
GET	/engadget/sections	Engadget	engadget-sections	engadget_sections	engadget_sections	news-media-research	focused	false
GET	/eonline/article	E! News	eonline-article	eonline_article	eonline_article	news-media-research	focused	false
GET	/eonline/author	E! News	eonline-author	eonline_author	eonline_author	news-media-research	focused	false
GET	/eonline/headlines	E! News	eonline-headlines	eonline_headlines	eonline_headlines	news-media-research	focused	false
GET	/eonline/news	E! News	eonline-news	eonline_news	eonline_news	news-media-research	focused	false
GET	/eonline/sections	E! News	eonline-sections	eonline_sections	eonline_sections	news-media-research	focused	false
GET	/espn/athlete	ESPN	espn-athlete	espn_athlete	espn_athlete	sports-betting-research, sports-scores-research	focused	false
GET	/espn/game-summary	ESPN	espn-game-summary	espn_game_summary	espn_game_summary	sports-betting-research, sports-scores-research	focused	false
GET	/espn/news	ESPN	espn-news	espn_news	espn_news	sports-betting-research, sports-scores-research	focused	false
GET	/espn/rankings	ESPN	espn-rankings	espn_rankings	espn_rankings	sports-betting-research, sports-scores-research	focused	false
GET	/espn/scoreboard	ESPN	espn-scoreboard	espn_scoreboard	espn_scoreboard	sports-betting-research, sports-scores-research	focused	false
GET	/espn/standings	ESPN	espn-standings	espn_standings	espn_standings	sports-betting-research, sports-scores-research	focused	false
GET	/espn/team	ESPN	espn-team	espn_team	espn_team	sports-betting-research, sports-scores-research	focused	false
GET	/espn/team-roster	ESPN	espn-team-roster	espn_team_roster	espn_team_roster	sports-betting-research, sports-scores-research	focused	false
GET	/espn/teams	ESPN	espn-teams	espn_teams	espn_teams	sports-betting-research, sports-scores-research	focused	false
GET	/etsy/listing/{id}	Etsy	etsy-listing	etsy_listing	etsy_listing	resale-secondhand-research	focused	false
GET	/etsy/listing/{id}/reviews	Etsy	etsy-listing-reviews	etsy_listing_reviews	etsy_listing_reviews	resale-secondhand-research	focused	false
GET	/etsy/search	Etsy	etsy-search	etsy_search	etsy_search	resale-secondhand-research	focused	false
GET	/etsy/shop/{id}	Etsy	etsy-shop	etsy_shop	etsy_shop	resale-secondhand-research	focused	false
GET	/etsy/shop/{id}/listings	Etsy	etsy-shop-listings	etsy_shop_listings	etsy_shop_listings	resale-secondhand-research	focused	false
GET	/etsy/shop/{id}/reviews	Etsy	etsy-shop-reviews	etsy_shop_reviews	etsy_shop_reviews	resale-secondhand-research	focused	false
GET	/etsy/shop/search	Etsy	etsy-shop-search	etsy_shop_search	etsy_shop_search	resale-secondhand-research	focused	false
GET	/euronews/article	Euronews	euronews-article	euronews_article	euronews_article	news-media-research	focused	false
GET	/euronews/author	Euronews	euronews-author	euronews_author	euronews_author	news-media-research	focused	false
GET	/euronews/headlines	Euronews	euronews-headlines	euronews_headlines	euronews_headlines	news-media-research	focused	false
GET	/euronews/news	Euronews	euronews-news	euronews_news	euronews_news	news-media-research	focused	false
GET	/euronews/sections	Euronews	euronews-sections	euronews_sections	euronews_sections	news-media-research	focused	false
GET	/everlane/collections	Everlane	everlane-collections	everlane_collections	everlane_collections	shopify-research	focused	false
GET	/everlane/collections/{handle}/products	Everlane	everlane-collection-products	everlane_collection_products	everlane_collection_products	shopify-research	focused	false
GET	/everlane/pages	Everlane	everlane-pages	everlane_pages	everlane_pages	shopify-research	focused	false
GET	/everlane/pages/{handle}	Everlane	everlane-page	everlane_page	everlane_page	shopify-research	focused	false
GET	/everlane/products	Everlane	everlane-products	everlane_products	everlane_products	shopify-research	focused	false
GET	/everlane/products/{handle}	Everlane	everlane-product	everlane_product	everlane_product	shopify-research	focused	false
GET	/everlane/products/{handle}/recommendations	Everlane	everlane-product-recommendations	everlane_product_recommendations	everlane_product_recommendations	shopify-research	focused	false
GET	/everlane/search/suggest	Everlane	everlane-search-suggest	everlane_search_suggest	everlane_search_suggest	shopify-research	focused	false
GET	/everlane/sitemap/urls	Everlane	everlane-sitemap-urls	everlane_sitemap_urls	everlane_sitemap_urls	shopify-research	focused	false
GET	/everlane/sitemaps	Everlane	everlane-sitemaps	everlane_sitemaps	everlane_sitemaps	shopify-research	focused	false
GET	/everlane/store	Everlane	everlane-store	everlane_store	everlane_store	shopify-research	focused	false
GET	/ew/article	Entertainment Weekly	ew-article	ew_article	ew_article	news-media-research	focused	false
GET	/ew/author	Entertainment Weekly	ew-author	ew_author	ew_author	news-media-research	focused	false
GET	/ew/headlines	Entertainment Weekly	ew-headlines	ew_headlines	ew_headlines	news-media-research	focused	false
GET	/ew/news	Entertainment Weekly	ew-news	ew_news	ew_news	news-media-research	focused	false
GET	/ew/sections	Entertainment Weekly	ew-sections	ew_sections	ew_sections	news-media-research	focused	false
POST	/expedia/activities/search	Expedia	expedia-activities-search	expedia_activities_search	expedia_activities_search	travel-hotel-research	focused	false
POST	/expedia/flights/search	Expedia	expedia-flights-search	expedia_flights_search	expedia_flights_search	travel-hotel-research	focused	false
POST	/expedia/locations/search	Expedia	expedia-locations-search	expedia_locations_search	expedia_locations_search	travel-hotel-research	focused	false
POST	/expedia/properties/detail	Expedia	expedia-properties-detail	expedia_properties_detail	expedia_properties_detail	travel-hotel-research	focused	false
POST	/expedia/properties/filters	Expedia	expedia-properties-filters	expedia_properties_filters	expedia_properties_filters	travel-hotel-research	focused	false
POST	/expedia/properties/reviews	Expedia	expedia-properties-reviews	expedia_properties_reviews	expedia_properties_reviews	travel-hotel-research	focused	false
POST	/expedia/properties/search	Expedia	expedia-properties-search	expedia_properties_search	expedia_properties_search	travel-hotel-research	focused	false
GET	/expresstribune/article	The Express Tribune	expresstribune-article	expresstribune_article	expresstribune_article	news-media-research	focused	false
GET	/expresstribune/author	The Express Tribune	expresstribune-author	expresstribune_author	expresstribune_author	news-media-research	focused	false
GET	/expresstribune/headlines	The Express Tribune	expresstribune-headlines	expresstribune_headlines	expresstribune_headlines	news-media-research	focused	false
GET	/expresstribune/news	The Express Tribune	expresstribune-news	expresstribune_news	expresstribune_news	news-media-research	focused	false
GET	/expresstribune/sections	The Express Tribune	expresstribune-sections	expresstribune_sections	expresstribune_sections	news-media-research	focused	false
POST	/extract	Web	extract	extract	extract	competitor-intelligence, local-business-prospecting, supplier-sourcing-research, web-utilities-research	focused	false
GET	/facebook/{page}	Facebook	facebook-page	facebook_page	facebook_page	facebook-research, social-media-research	focused	false
GET	/facebook/marketplace/search	Facebook	facebook-marketplace-search	facebook_marketplace_search	facebook_marketplace_search	facebook-research, social-media-research	focused	false
GET	/fanatics/categories	Fanatics	fanatics-categories	fanatics_categories	fanatics_categories	collectibles-market-research	focused	false
GET	/fanatics/category	Fanatics	fanatics-category	fanatics_category	fanatics_category	collectibles-market-research	focused	false
GET	/fanatics/product	Fanatics	fanatics-product	fanatics_product	fanatics_product	collectibles-market-research	focused	false
GET	/fanatics/search	Fanatics	fanatics-search	fanatics_search	fanatics_search	collectibles-market-research	focused	false
GET	/fanaticscollect/auctions	Fanatics Collect	fanaticscollect-auctions	fanaticscollect_auctions	fanaticscollect_auctions	collectibles-market-research	focused	false
GET	/fanaticscollect/categories	Fanatics Collect	fanaticscollect-categories	fanaticscollect_categories	fanaticscollect_categories	collectibles-market-research	focused	false
GET	/fanaticscollect/instant-rips/categories	Fanatics Collect	fanaticscollect-instant-rips-categories	fanaticscollect_instant_rips_categories	fanaticscollect_instant_rips_categories	collectibles-market-research	focused	false
GET	/fanaticscollect/listing/{id}	Fanatics Collect	fanaticscollect-listing	fanaticscollect_listing	fanaticscollect_listing	collectibles-market-research	focused	false
GET	/fanaticscollect/search	Fanatics Collect	fanaticscollect-search	fanaticscollect_search	fanaticscollect_search	collectibles-market-research	focused	false
GET	/fanaticscollect/sold-items	Fanatics Collect	fanaticscollect-sold-items	fanaticscollect_sold_items	fanaticscollect_sold_items	collectibles-market-research	focused	false
GET	/fanaticscollect/trending-searches	Fanatics Collect	fanaticscollect-trending-searches	fanaticscollect_trending_searches	fanaticscollect_trending_searches	collectibles-market-research	focused	false
GET	/fanaticslive/browse	Fanatics Live	fanaticslive-browse	fanaticslive_browse	fanaticslive_browse	collectibles-market-research	focused	false
GET	/fanaticslive/channel/{id}	Fanatics Live	fanaticslive-channel	fanaticslive_channel	fanaticslive_channel	collectibles-market-research	focused	false
GET	/fanaticslive/leagues	Fanatics Live	fanaticslive-leagues	fanaticslive_leagues	fanaticslive_leagues	collectibles-market-research	focused	false
GET	/fanaticslive/shop/{slug}	Fanatics Live	fanaticslive-shop	fanaticslive_shop	fanaticslive_shop	collectibles-market-research	focused	false
GET	/fanaticslive/shop/{slug}/shows	Fanatics Live	fanaticslive-shop-shows	fanaticslive_shop_shows	fanaticslive_shop_shows	collectibles-market-research	focused	false
GET	/fanaticslive/shops	Fanatics Live	fanaticslive-shops	fanaticslive_shops	fanaticslive_shops	collectibles-market-research	focused	false
GET	/fanaticslive/show/{id}	Fanatics Live	fanaticslive-show	fanaticslive_show	fanaticslive_show	collectibles-market-research	focused	false
GET	/fanaticslive/show/{id}/instant-rips	Fanatics Live	fanaticslive-instant-rips	fanaticslive_instant_rips	fanaticslive_instant_rips	collectibles-market-research	focused	false
GET	/farfetch/categories	Farfetch	farfetch-categories	farfetch_categories	farfetch_categories	luxury-resale-research	focused	false
GET	/farfetch/designers	Farfetch	farfetch-designers	farfetch_designers	farfetch_designers	luxury-resale-research	focused	false
GET	/farfetch/product	Farfetch	farfetch-product	farfetch_product	farfetch_product	luxury-resale-research	focused	false
GET	/farfetch/search	Farfetch	farfetch-search	farfetch_search	farfetch_search	luxury-resale-research	focused	false
GET	/fashionnova/collections	Fashion Nova	fashionnova-collections	fashionnova_collections	fashionnova_collections	shopify-research	focused	false
GET	/fashionnova/collections/{handle}/products	Fashion Nova	fashionnova-collection-products	fashionnova_collection_products	fashionnova_collection_products	shopify-research	focused	false
GET	/fashionnova/pages	Fashion Nova	fashionnova-pages	fashionnova_pages	fashionnova_pages	shopify-research	focused	false
GET	/fashionnova/pages/{handle}	Fashion Nova	fashionnova-page	fashionnova_page	fashionnova_page	shopify-research	focused	false
GET	/fashionnova/products	Fashion Nova	fashionnova-products	fashionnova_products	fashionnova_products	shopify-research	focused	false
GET	/fashionnova/products/{handle}	Fashion Nova	fashionnova-product	fashionnova_product	fashionnova_product	shopify-research	focused	false
GET	/fashionnova/products/{handle}/recommendations	Fashion Nova	fashionnova-product-recommendations	fashionnova_product_recommendations	fashionnova_product_recommendations	shopify-research	focused	false
GET	/fashionnova/search/suggest	Fashion Nova	fashionnova-search-suggest	fashionnova_search_suggest	fashionnova_search_suggest	shopify-research	focused	false
GET	/fashionnova/sitemap/urls	Fashion Nova	fashionnova-sitemap-urls	fashionnova_sitemap_urls	fashionnova_sitemap_urls	shopify-research	focused	false
GET	/fashionnova/sitemaps	Fashion Nova	fashionnova-sitemaps	fashionnova_sitemaps	fashionnova_sitemaps	shopify-research	focused	false
GET	/fashionnova/store	Fashion Nova	fashionnova-store	fashionnova_store	fashionnova_store	shopify-research	focused	false
GET	/fashionphile/collections	Fashionphile	fashionphile-collections	fashionphile_collections	fashionphile_collections	luxury-resale-research	focused	false
GET	/fashionphile/collections/{handle}/products	Fashionphile	fashionphile-collection-products	fashionphile_collection_products	fashionphile_collection_products	luxury-resale-research	focused	false
GET	/fashionphile/pages	Fashionphile	fashionphile-pages	fashionphile_pages	fashionphile_pages	luxury-resale-research	focused	false
GET	/fashionphile/pages/{handle}	Fashionphile	fashionphile-page	fashionphile_page	fashionphile_page	luxury-resale-research	focused	false
GET	/fashionphile/products	Fashionphile	fashionphile-products	fashionphile_products	fashionphile_products	luxury-resale-research	focused	false
GET	/fashionphile/products/{handle}	Fashionphile	fashionphile-product	fashionphile_product	fashionphile_product	luxury-resale-research	focused	false
GET	/fashionphile/products/{handle}/recommendations	Fashionphile	fashionphile-product-recommendations	fashionphile_product_recommendations	fashionphile_product_recommendations	luxury-resale-research	focused	false
GET	/fashionphile/search	Fashionphile	fashionphile-search	fashionphile_search	fashionphile_search	luxury-resale-research	focused	false
GET	/fashionphile/search/suggest	Fashionphile	fashionphile-search-suggest	fashionphile_search_suggest	fashionphile_search_suggest	luxury-resale-research	focused	false
GET	/fashionphile/sitemap/urls	Fashionphile	fashionphile-sitemap-urls	fashionphile_sitemap_urls	fashionphile_sitemap_urls	luxury-resale-research	focused	false
GET	/fashionphile/sitemaps	Fashionphile	fashionphile-sitemaps	fashionphile_sitemaps	fashionphile_sitemaps	luxury-resale-research	focused	false
GET	/fashionphile/store	Fashionphile	fashionphile-store	fashionphile_store	fashionphile_store	luxury-resale-research	focused	false
GET	/fastcompany/article	Fast Company	fastcompany-article	fastcompany_article	fastcompany_article	news-media-research	focused	false
GET	/fastcompany/author	Fast Company	fastcompany-author	fastcompany_author	fastcompany_author	news-media-research	focused	false
GET	/fastcompany/headlines	Fast Company	fastcompany-headlines	fastcompany_headlines	fastcompany_headlines	news-media-research	focused	false
GET	/fastcompany/news	Fast Company	fastcompany-news	fastcompany_news	fastcompany_news	news-media-research	focused	false
GET	/fastcompany/sections	Fast Company	fastcompany-sections	fastcompany_sections	fastcompany_sections	news-media-research	focused	false
GET	/fiveguys/directory	FiveGuys	fiveguys-directory	fiveguys_directory	fiveguys_directory	restaurant-food-delivery-research	focused	false
GET	/fiveguys/faq	FiveGuys	fiveguys-faq	fiveguys_faq	fiveguys_faq	restaurant-food-delivery-research	focused	false
GET	/fiveguys/faq-categories	FiveGuys	fiveguys-faq-categories	fiveguys_faq_categories	fiveguys_faq_categories	restaurant-food-delivery-research	focused	false
GET	/fiveguys/menu	FiveGuys	fiveguys-menu	fiveguys_menu	fiveguys_menu	restaurant-food-delivery-research	focused	false
GET	/fiveguys/nearby	FiveGuys	fiveguys-nearby	fiveguys_nearby	fiveguys_nearby	restaurant-food-delivery-research	focused	false
GET	/fiveguys/nutrition	FiveGuys	fiveguys-nutrition	fiveguys_nutrition	fiveguys_nutrition	restaurant-food-delivery-research	focused	false
GET	/fiveguys/ordering-locations	FiveGuys	fiveguys-ordering-locations	fiveguys_ordering_locations	fiveguys_ordering_locations	restaurant-food-delivery-research	focused	false
GET	/fiveguys/ordering-menu	FiveGuys	fiveguys-ordering-menu	fiveguys_ordering_menu	fiveguys_ordering_menu	restaurant-food-delivery-research	focused	false
GET	/fiveguys/search	FiveGuys	fiveguys-search	fiveguys_search	fiveguys_search	restaurant-food-delivery-research	focused	false
GET	/fiveguys/store	FiveGuys	fiveguys-store	fiveguys_store	fiveguys_store	restaurant-food-delivery-research	focused	false
GET	/fiverr/gig/{username}/{slug}	Fiverr	fiverr-gig	fiverr_gig	fiverr_gig	fiverr-research, job-market-research	focused	false
GET	/fiverr/search	Fiverr	fiverr-search	fiverr_search	fiverr_search	fiverr-research, job-market-research	focused	false
GET	/fiverr/seller/{username}	Fiverr	fiverr-seller	fiverr_seller	fiverr_seller	fiverr-research, job-market-research	focused	false
GET	/flashscore/calendar	Flashscore	flashscore-calendar	flashscore_calendar	flashscore_calendar	multi-sport-match-research	focused	false
GET	/flashscore/calendar-categories	Flashscore	flashscore-calendar-categories	flashscore_calendar_categories	flashscore_calendar_categories	multi-sport-match-research	focused	false
GET	/flashscore/competitions	Flashscore	flashscore-competitions	flashscore_competitions	flashscore_competitions	multi-sport-match-research	focused	false
GET	/flashscore/match-h2h	Flashscore	flashscore-match-h2h	flashscore_match_h2h	flashscore_match_h2h	multi-sport-match-research	focused	false
GET	/flashscore/match-highlights	Flashscore	flashscore-match-highlights	flashscore_match_highlights	flashscore_match_highlights	multi-sport-match-research	focused	false
GET	/flashscore/match-info	Flashscore	flashscore-match-info	flashscore_match_info	flashscore_match_info	multi-sport-match-research	focused	false
GET	/flashscore/match-lineups	Flashscore	flashscore-match-lineups	flashscore_match_lineups	flashscore_match_lineups	multi-sport-match-research	focused	false
GET	/flashscore/match-news	Flashscore	flashscore-match-news	flashscore_match_news	flashscore_match_news	multi-sport-match-research	focused	false
GET	/flashscore/match-standings	Flashscore	flashscore-match-standings	flashscore_match_standings	flashscore_match_standings	multi-sport-match-research	focused	false
GET	/flashscore/match-stats	Flashscore	flashscore-match-stats	flashscore_match_stats	flashscore_match_stats	multi-sport-match-research	focused	false
GET	/flashscore/navigation	Flashscore	flashscore-navigation	flashscore_navigation	flashscore_navigation	multi-sport-match-research	focused	false
GET	/flashscore/news	Flashscore	flashscore-news	flashscore_news	flashscore_news	multi-sport-match-research	focused	false
GET	/flashscore/news-article	Flashscore	flashscore-news-article	flashscore_news_article	flashscore_news_article	multi-sport-match-research	focused	false
GET	/flashscore/news-categories	Flashscore	flashscore-news-categories	flashscore_news_categories	flashscore_news_categories	multi-sport-match-research	focused	false
GET	/flashscore/ranking-categories	Flashscore	flashscore-ranking-categories	flashscore_ranking_categories	flashscore_ranking_categories	multi-sport-match-research	focused	false
GET	/flashscore/rankings	Flashscore	flashscore-rankings	flashscore_rankings	flashscore_rankings	multi-sport-match-research	focused	false
GET	/flashscore/scores	Flashscore	flashscore-scores	flashscore_scores	flashscore_scores	multi-sport-match-research	focused	false
GET	/flashscore/search	Flashscore	flashscore-search	flashscore_search	flashscore_search	multi-sport-match-research	focused	false
GET	/flashscore/sports	Flashscore	flashscore-sports	flashscore_sports	flashscore_sports	multi-sport-match-research	focused	false
GET	/flashscore/top-search	Flashscore	flashscore-top-search	flashscore_top_search	flashscore_top_search	multi-sport-match-research	focused	false
GET	/flashscore/tournament-events	Flashscore	flashscore-tournament-events	flashscore_tournament_events	flashscore_tournament_events	multi-sport-match-research	focused	false
GET	/flashscore/tournament-seasons	Flashscore	flashscore-tournament-seasons	flashscore_tournament_seasons	flashscore_tournament_seasons	multi-sport-match-research	focused	false
GET	/flashscore/tournament-standings	Flashscore	flashscore-tournament-standings	flashscore_tournament_standings	flashscore_tournament_standings	multi-sport-match-research	focused	false
GET	/flashscore/tournament-standings-views	Flashscore	flashscore-tournament-standings-views	flashscore_tournament_standings_views	flashscore_tournament_standings_views	multi-sport-match-research	focused	false
GET	/foodpanda/restaurant	Foodpanda	foodpanda-restaurant	foodpanda_restaurant	foodpanda_restaurant	restaurant-food-delivery-research	focused	false
GET	/foodpanda/restaurant/menu	Foodpanda	foodpanda-restaurant-menu	foodpanda_restaurant_menu	foodpanda_restaurant_menu	restaurant-food-delivery-research	focused	false
GET	/foodpanda/restaurant/reviews	Foodpanda	foodpanda-restaurant-reviews	foodpanda_restaurant_reviews	foodpanda_restaurant_reviews	restaurant-food-delivery-research	focused	false
GET	/foodpanda/search	Foodpanda	foodpanda-search	foodpanda_search	foodpanda_search	restaurant-food-delivery-research	focused	false
GET	/foodpanda/search/cuisines	Foodpanda	foodpanda-search-cuisines	foodpanda_search_cuisines	foodpanda_search_cuisines	restaurant-food-delivery-research	focused	false
GET	/forbes/article	Forbes	forbes-article	forbes_article	forbes_article	company-ranking-research	focused	false
GET	/forbes/author	Forbes	forbes-author	forbes_author	forbes_author	company-ranking-research	focused	false
GET	/forbes/billionaires	Forbes	forbes-billionaires	forbes_billionaires	forbes_billionaires	company-ranking-research	focused	false
GET	/forbes/categories	Forbes	forbes-categories	forbes_categories	forbes_categories	company-ranking-research	focused	false
GET	/forbes/headlines	Forbes	forbes-headlines	forbes_headlines	forbes_headlines	company-ranking-research	focused	false
GET	/forbes/person	Forbes	forbes-person	forbes_person	forbes_person	company-ranking-research	focused	false
GET	/foreignaffairs/article	ForeignAffairs	foreignaffairs-article	foreignaffairs_article	foreignaffairs_article	news-media-research	focused	false
GET	/foreignaffairs/author	ForeignAffairs	foreignaffairs-author	foreignaffairs_author	foreignaffairs_author	news-media-research	focused	false
GET	/foreignaffairs/headlines	ForeignAffairs	foreignaffairs-headlines	foreignaffairs_headlines	foreignaffairs_headlines	news-media-research	focused	false
GET	/foreignaffairs/topic	ForeignAffairs	foreignaffairs-topic	foreignaffairs_topic	foreignaffairs_topic	news-media-research	focused	false
GET	/foreignaffairs/topics	ForeignAffairs	foreignaffairs-topics	foreignaffairs_topics	foreignaffairs_topics	news-media-research	focused	false
GET	/foreignpolicy/article	ForeignPolicy	foreignpolicy-article	foreignpolicy_article	foreignpolicy_article	news-media-research	focused	false
GET	/foreignpolicy/author	ForeignPolicy	foreignpolicy-author	foreignpolicy_author	foreignpolicy_author	news-media-research	focused	false
GET	/foreignpolicy/headlines	ForeignPolicy	foreignpolicy-headlines	foreignpolicy_headlines	foreignpolicy_headlines	news-media-research	focused	false
GET	/foreignpolicy/live	ForeignPolicy	foreignpolicy-live	foreignpolicy_live	foreignpolicy_live	news-media-research	focused	false
GET	/foreignpolicy/live-detail	ForeignPolicy	foreignpolicy-live-detail	foreignpolicy_live_detail	foreignpolicy_live_detail	news-media-research	focused	false
GET	/foreignpolicy/project	ForeignPolicy	foreignpolicy-project	foreignpolicy_project	foreignpolicy_project	news-media-research	focused	false
GET	/foreignpolicy/projects	ForeignPolicy	foreignpolicy-projects	foreignpolicy_projects	foreignpolicy_projects	news-media-research	focused	false
GET	/foreignpolicy/topic	ForeignPolicy	foreignpolicy-topic	foreignpolicy_topic	foreignpolicy_topic	news-media-research	focused	false
GET	/fortune/article	Fortune	fortune-article	fortune_article	fortune_article	company-ranking-research	focused	false
GET	/fortune/author	Fortune	fortune-author	fortune_author	fortune_author	company-ranking-research	focused	false
GET	/fortune/companies	Fortune	fortune-companies	fortune_companies	fortune_companies	company-ranking-research	focused	false
GET	/fortune/companies/filters	Fortune	fortune-company-filters	fortune_company_filters	fortune_company_filters	company-ranking-research	focused	false
GET	/fortune/company	Fortune	fortune-company	fortune_company	fortune_company	company-ranking-research	focused	false
GET	/fortune/headlines	Fortune	fortune-headlines	fortune_headlines	fortune_headlines	company-ranking-research	focused	false
GET	/fortune/news	Fortune	fortune-news	fortune_news	fortune_news	company-ranking-research	focused	false
GET	/fortune/ranking	Fortune	fortune-ranking	fortune_ranking	fortune_ranking	company-ranking-research	focused	false
GET	/fortune/ranking/filters	Fortune	fortune-ranking-filters	fortune_ranking_filters	fortune_ranking_filters	company-ranking-research	focused	false
GET	/fortune/ranking/lists	Fortune	fortune-ranking-lists	fortune_ranking_lists	fortune_ranking_lists	company-ranking-research	focused	false
GET	/fortune/ranking/years	Fortune	fortune-ranking-years	fortune_ranking_years	fortune_ranking_years	company-ranking-research	focused	false
GET	/fortune/sections	Fortune	fortune-sections	fortune_sections	fortune_sections	company-ranking-research	focused	false
GET	/fotmob/audio-matches	FotMob	fotmob-audio-matches	fotmob_audio_matches	fotmob_audio_matches	fotmob-research	focused	false
GET	/fotmob/fifa-ranking-periods	FotMob	fotmob-fifa-ranking-periods	fotmob_fifa_ranking_periods	fotmob_fifa_ranking_periods	fotmob-research	focused	false
GET	/fotmob/fifa-rankings	FotMob	fotmob-fifa-rankings	fotmob_fifa_rankings	fotmob_fifa_rankings	fotmob-research	focused	false
GET	/fotmob/latest-news	FotMob	fotmob-latest-news	fotmob_latest_news	fotmob_latest_news	fotmob-research	focused	false
GET	/fotmob/league	FotMob	fotmob-league	fotmob_league	fotmob_league	fotmob-research	focused	false
GET	/fotmob/leagues	FotMob	fotmob-leagues	fotmob_leagues	fotmob_leagues	fotmob-research	focused	false
GET	/fotmob/lineup-builder-players	FotMob	fotmob-lineup-builder-players	fotmob_lineup_builder_players	fotmob_lineup_builder_players	fotmob-research	focused	false
GET	/fotmob/lineup-builder-team	FotMob	fotmob-lineup-builder-team	fotmob_lineup_builder_team	fotmob_lineup_builder_team	fotmob-research	focused	false
GET	/fotmob/match	FotMob	fotmob-match	fotmob_match	fotmob_match	fotmob-research	focused	false
GET	/fotmob/match-media	FotMob	fotmob-match-media	fotmob_match_media	fotmob_match_media	fotmob-research	focused	false
GET	/fotmob/matches	FotMob	fotmob-matches	fotmob_matches	fotmob_matches	fotmob-research	focused	false
GET	/fotmob/news	FotMob	fotmob-news	fotmob_news	fotmob_news	fotmob-research	focused	false
GET	/fotmob/news-article	FotMob	fotmob-news-article	fotmob_news_article	fotmob_news_article	fotmob-research	focused	false
GET	/fotmob/player	FotMob	fotmob-player	fotmob_player	fotmob_player	fotmob-research	focused	false
GET	/fotmob/player-match-stats	FotMob	fotmob-player-match-stats	fotmob_player_match_stats	fotmob_player_match_stats	fotmob-research	focused	false
GET	/fotmob/player-matches	FotMob	fotmob-player-matches	fotmob_player_matches	fotmob_player_matches	fotmob-research	focused	false
GET	/fotmob/player-stats	FotMob	fotmob-player-stats	fotmob_player_stats	fotmob_player_stats	fotmob-research	focused	false
GET	/fotmob/search	FotMob	fotmob-search	fotmob_search	fotmob_search	fotmob-research	focused	false
GET	/fotmob/seasons	FotMob	fotmob-seasons	fotmob_seasons	fotmob_seasons	fotmob-research	focused	false
GET	/fotmob/stats	FotMob	fotmob-stats	fotmob_stats	fotmob_stats	fotmob-research	focused	false
GET	/fotmob/stats-categories	FotMob	fotmob-stats-categories	fotmob_stats_categories	fotmob_stats_categories	fotmob-research	focused	false
GET	/fotmob/table	FotMob	fotmob-table	fotmob_table	fotmob_table	fotmob-research	focused	false
GET	/fotmob/team	FotMob	fotmob-team	fotmob_team	fotmob_team	fotmob-research	focused	false
GET	/fotmob/team-fixtures	FotMob	fotmob-team-fixtures	fotmob_team_fixtures	fotmob_team_fixtures	fotmob-research	focused	false
GET	/fotmob/team-news	FotMob	fotmob-team-news	fotmob_team_news	fotmob_team_news	fotmob-research	focused	false
GET	/fotmob/transfers	FotMob	fotmob-transfers	fotmob_transfers	fotmob_transfers	fotmob-research	focused	false
GET	/fotmob/trending-news	FotMob	fotmob-trending-news	fotmob_trending_news	fotmob_trending_news	fotmob-research	focused	false
GET	/fotmob/trending-searches	FotMob	fotmob-trending-searches	fotmob_trending_searches	fotmob_trending_searches	fotmob-research	focused	false
GET	/fotmob/tv-guide	FotMob	fotmob-tv-guide	fotmob_tv_guide	fotmob_tv_guide	fotmob-research	focused	false
GET	/fotmob/tv-guide-channels	FotMob	fotmob-tv-guide-channels	fotmob_tv_guide_channels	fotmob_tv_guide_channels	fotmob-research	focused	false
GET	/fotmob/tv-guide-countries	FotMob	fotmob-tv-guide-countries	fotmob_tv_guide_countries	fotmob_tv_guide_countries	fotmob-research	focused	false
GET	/foxnews/article	Fox News	foxnews-article	foxnews_article	foxnews_article	news-media-research	focused	false
GET	/foxnews/author	Fox News	foxnews-author	foxnews_author	foxnews_author	news-media-research	focused	false
GET	/foxnews/headlines	Fox News	foxnews-headlines	foxnews_headlines	foxnews_headlines	news-media-research	focused	false
GET	/foxnews/news	Fox News	foxnews-news	foxnews_news	foxnews_news	news-media-research	focused	false
GET	/foxnews/search	Fox News	foxnews-search	foxnews_search	foxnews_search	news-media-research	focused	false
GET	/foxnews/sections	Fox News	foxnews-sections	foxnews_sections	foxnews_sections	news-media-research	focused	false
GET	/foxsports/article	FOX Sports	foxsports-article	foxsports_article	foxsports_article	news-media-research	focused	false
GET	/foxsports/headlines	FOX Sports	foxsports-headlines	foxsports_headlines	foxsports_headlines	news-media-research	focused	false
GET	/foxsports/news	FOX Sports	foxsports-news	foxsports_news	foxsports_news	news-media-research	focused	false
GET	/foxsports/sections	FOX Sports	foxsports-sections	foxsports_sections	foxsports_sections	news-media-research	focused	false
GET	/france24/article	France 24	france24-article	france24_article	france24_article	news-media-research	focused	false
GET	/france24/author	France 24	france24-author	france24_author	france24_author	news-media-research	focused	false
GET	/france24/headlines	France 24	france24-headlines	france24_headlines	france24_headlines	news-media-research	focused	false
GET	/france24/news	France 24	france24-news	france24_news	france24_news	news-media-research	focused	false
GET	/france24/sections	France 24	france24-sections	france24_sections	france24_sections	news-media-research	focused	false
GET	/freemalaysiatoday/news	Free Malaysia Today	freemalaysiatoday-news	freemalaysiatoday_news	freemalaysiatoday_news	news-media-research	focused	false
GET	/freemalaysiatoday/sections	Free Malaysia Today	freemalaysiatoday-sections	freemalaysiatoday_sections	freemalaysiatoday_sections	news-media-research	focused	false
GET	/ft/article	FT	ft-article	ft_article	ft_article	news-media-research	focused	false
GET	/ft/author	FT	ft-author	ft_author	ft_author	news-media-research	focused	false
GET	/ft/categories	FT	ft-categories	ft_categories	ft_categories	news-media-research	focused	false
GET	/ft/headlines	FT	ft-headlines	ft_headlines	ft_headlines	news-media-research	focused	false
GET	/ft/news	FT	ft-news	ft_news	ft_news	news-media-research	focused	false
GET	/ft/search	FT	ft-search	ft_search	ft_search	news-media-research	focused	false
GET	/gamerant/article	Game Rant	gamerant-article	gamerant_article	gamerant_article	news-media-research	focused	false
GET	/gamerant/author	Game Rant	gamerant-author	gamerant_author	gamerant_author	news-media-research	focused	false
GET	/gamerant/headlines	Game Rant	gamerant-headlines	gamerant_headlines	gamerant_headlines	news-media-research	focused	false
GET	/gamerant/news	Game Rant	gamerant-news	gamerant_news	gamerant_news	news-media-research	focused	false
GET	/gamerant/sections	Game Rant	gamerant-sections	gamerant_sections	gamerant_sections	news-media-research	focused	false
GET	/gamesradar/article	GamesRadar+	gamesradar-article	gamesradar_article	gamesradar_article	news-media-research	focused	false
GET	/gamesradar/author	GamesRadar+	gamesradar-author	gamesradar_author	gamesradar_author	news-media-research	focused	false
GET	/gamesradar/headlines	GamesRadar+	gamesradar-headlines	gamesradar_headlines	gamesradar_headlines	news-media-research	focused	false
GET	/gamesradar/news	GamesRadar+	gamesradar-news	gamesradar_news	gamesradar_news	news-media-research	focused	false
GET	/gamesradar/sections	GamesRadar+	gamesradar-sections	gamesradar_sections	gamesradar_sections	news-media-research	focused	false
GET	/gbnews/article	GB News	gbnews-article	gbnews_article	gbnews_article	news-media-research	focused	false
GET	/gbnews/author	GB News	gbnews-author	gbnews_author	gbnews_author	news-media-research	focused	false
GET	/gbnews/headlines	GB News	gbnews-headlines	gbnews_headlines	gbnews_headlines	news-media-research	focused	false
GET	/gbnews/news	GB News	gbnews-news	gbnews_news	gbnews_news	news-media-research	focused	false
GET	/gbnews/sections	GB News	gbnews-sections	gbnews_sections	gbnews_sections	news-media-research	focused	false
GET	/gdelt/context	GDELT	gdelt-context	gdelt_context	gdelt_context	gdelt-research, news-briefing-research	focused	false
GET	/gdelt/search	GDELT	gdelt-search	gdelt_search	gdelt_search	gdelt-research, news-briefing-research	focused	false
GET	/gdelt/timeline	GDELT	gdelt-timeline	gdelt_timeline	gdelt_timeline	gdelt-research, news-briefing-research	focused	false
GET	/gdelt/tonechart	GDELT	gdelt-tonechart	gdelt_tonechart	gdelt_tonechart	gdelt-research, news-briefing-research	focused	false
GET	/gdelt/tv-concept-entities	GDELT	gdelt-tv-concept-entities	gdelt_tv_concept_entities	gdelt_tv_concept_entities	gdelt-research, news-briefing-research	focused	false
GET	/gdelt/tv-search	GDELT	gdelt-tv-search	gdelt_tv_search	gdelt_tv_search	gdelt-research, news-briefing-research	focused	false
GET	/gdelt/tv-showchart	GDELT	gdelt-tv-showchart	gdelt_tv_showchart	gdelt_tv_showchart	gdelt-research, news-briefing-research	focused	false
GET	/gdelt/tv-stationchart	GDELT	gdelt-tv-stationchart	gdelt_tv_stationchart	gdelt_tv_stationchart	gdelt-research, news-briefing-research	focused	false
GET	/gdelt/tv-stationdetails	GDELT	gdelt-tv-stationdetails	gdelt_tv_stationdetails	gdelt_tv_stationdetails	gdelt-research, news-briefing-research	focused	false
GET	/gdelt/tv-timeline	GDELT	gdelt-tv-timeline	gdelt_tv_timeline	gdelt_tv_timeline	gdelt-research, news-briefing-research	focused	false
GET	/gdelt/tv-visual-entities	GDELT	gdelt-tv-visual-entities	gdelt_tv_visual_entities	gdelt_tv_visual_entities	gdelt-research, news-briefing-research	focused	false
GET	/gdelt/tv-wordcloud	GDELT	gdelt-tv-wordcloud	gdelt_tv_wordcloud	gdelt_tv_wordcloud	gdelt-research, news-briefing-research	focused	false
GET	/geocoding/lookup	Geocoding	geocoding-lookup	geocoding_lookup	geocoding_lookup	web-utilities-research	focused	false
GET	/geocoding/reverse	Geocoding	geocoding-reverse	geocoding_reverse	geocoding_reverse	web-utilities-research	focused	false
GET	/geocoding/search	Geocoding	geocoding-search	geocoding_search	geocoding_search	web-utilities-research	focused	false
GET	/ghanaweb/archive	GhanaWeb	ghanaweb-archive	ghanaweb_archive	ghanaweb_archive	news-media-research	focused	false
GET	/ghanaweb/archive/months	GhanaWeb	ghanaweb-archive-months	ghanaweb_archive_months	ghanaweb_archive_months	news-media-research	focused	false
GET	/ghanaweb/article	GhanaWeb	ghanaweb-article	ghanaweb_article	ghanaweb_article	news-media-research	focused	false
GET	/ghanaweb/headlines	GhanaWeb	ghanaweb-headlines	ghanaweb_headlines	ghanaweb_headlines	news-media-research	focused	false
GET	/ghanaweb/news	GhanaWeb	ghanaweb-news	ghanaweb_news	ghanaweb_news	news-media-research	focused	false
GET	/ghanaweb/sections	GhanaWeb	ghanaweb-sections	ghanaweb_sections	ghanaweb_sections	news-media-research	focused	false
GET	/ghanaweb/video	GhanaWeb	ghanaweb-video	ghanaweb_video	ghanaweb_video	news-media-research	focused	false
GET	/ghanaweb/video-sections	GhanaWeb	ghanaweb-video-sections	ghanaweb_video_sections	ghanaweb_video_sections	news-media-research	focused	false
GET	/ghanaweb/videos	GhanaWeb	ghanaweb-videos	ghanaweb_videos	ghanaweb_videos	news-media-research	focused	false
GET	/github/org/{org}	GitHub	github-org	github_org	github_org	developer-oss-research	focused	false
GET	/github/org/{org}/repos	GitHub	github-org-repos	github_org_repos	github_org_repos	developer-oss-research	focused	false
GET	/github/repo/{owner}/{repo}	GitHub	github-repo	github_repo	github_repo	developer-oss-research	focused	false
GET	/github/repo/{owner}/{repo}/contributors	GitHub	github-repo-contributors	github_repo_contributors	github_repo_contributors	developer-oss-research	focused	false
GET	/github/repo/{owner}/{repo}/forks	GitHub	github-repo-forks	github_repo_forks	github_repo_forks	developer-oss-research	focused	false
GET	/github/repo/{owner}/{repo}/languages	GitHub	github-repo-languages	github_repo_languages	github_repo_languages	developer-oss-research	focused	false
GET	/github/repo/{owner}/{repo}/releases	GitHub	github-repo-releases	github_repo_releases	github_repo_releases	developer-oss-research	focused	false
GET	/github/repo/{owner}/{repo}/stargazers	GitHub	github-repo-stargazers				outside-exported-mcp	true
GET	/github/search/repositories	GitHub	github-search-repositories	github_search_repositories	github_search_repositories	developer-oss-research	focused	false
GET	/github/search/users	GitHub	github-search-users	github_search_users	github_search_users	developer-oss-research	focused	false
GET	/github/trending	GitHub	github-trending	github_trending	github_trending	developer-oss-research	focused	false
GET	/github/trending/developers	GitHub	github-trending-developers	github_trending_developers	github_trending_developers	developer-oss-research	focused	false
GET	/github/user/{username}	GitHub	github-user	github_user	github_user	developer-oss-research	focused	false
GET	/github/user/{username}/events	GitHub	github-user-events	github_user_events	github_user_events	developer-oss-research	focused	false
GET	/github/user/{username}/followers	GitHub	github-user-followers	github_user_followers	github_user_followers	developer-oss-research	focused	false
GET	/github/user/{username}/following	GitHub	github-user-following	github_user_following	github_user_following	developer-oss-research	focused	false
GET	/github/user/{username}/pinned	GitHub	github-user-pinned	github_user_pinned	github_user_pinned	developer-oss-research	focused	false
GET	/github/user/{username}/repos	GitHub	github-user-repos	github_user_repos	github_user_repos	developer-oss-research	focused	false
GET	/gizmodo/article	Gizmodo	gizmodo-article	gizmodo_article	gizmodo_article	news-media-research	focused	false
GET	/gizmodo/author	Gizmodo	gizmodo-author	gizmodo_author	gizmodo_author	news-media-research	focused	false
GET	/gizmodo/headlines	Gizmodo	gizmodo-headlines	gizmodo_headlines	gizmodo_headlines	news-media-research	focused	false
GET	/gizmodo/news	Gizmodo	gizmodo-news	gizmodo_news	gizmodo_news	news-media-research	focused	false
GET	/gizmodo/sections	Gizmodo	gizmodo-sections	gizmodo_sections	gizmodo_sections	news-media-research	focused	false
GET	/globalnews/article	Global News	globalnews-article	globalnews_article	globalnews_article	news-media-research	focused	false
GET	/globalnews/author	Global News	globalnews-author	globalnews_author	globalnews_author	news-media-research	focused	false
GET	/globalnews/headlines	Global News	globalnews-headlines	globalnews_headlines	globalnews_headlines	news-media-research	focused	false
GET	/globalnews/news	Global News	globalnews-news	globalnews_news	globalnews_news	news-media-research	focused	false
GET	/globalnews/sections	Global News	globalnews-sections	globalnews_sections	globalnews_sections	news-media-research	focused	false
GET	/globeandmail/article	GlobeAndMail	globeandmail-article	globeandmail_article	globeandmail_article	news-media-research	focused	false
GET	/globeandmail/author	GlobeAndMail	globeandmail-author	globeandmail_author	globeandmail_author	news-media-research	focused	false
GET	/globeandmail/headlines	GlobeAndMail	globeandmail-headlines	globeandmail_headlines	globeandmail_headlines	news-media-research	focused	false
GET	/globeandmail/news	GlobeAndMail	globeandmail-news	globeandmail_news	globeandmail_news	news-media-research	focused	false
GET	/globeandmail/sections	GlobeAndMail	globeandmail-sections	globeandmail_sections	globeandmail_sections	news-media-research	focused	false
GET	/gmanews/article	GMA News	gmanews-article	gmanews_article	gmanews_article	news-media-research	focused	false
GET	/gmanews/headlines	GMA News	gmanews-headlines	gmanews_headlines	gmanews_headlines	news-media-research	focused	false
GET	/gmanews/news	GMA News	gmanews-news	gmanews_news	gmanews_news	news-media-research	focused	false
GET	/gmanews/sections	GMA News	gmanews-sections	gmanews_sections	gmanews_sections	news-media-research	focused	false
GET	/goat/collection	GOAT	goat-collection	goat_collection	goat_collection	luxury-resale-research, resale-secondhand-research	focused	false
GET	/goat/countries	GOAT	goat-countries	goat_countries	goat_countries	luxury-resale-research, resale-secondhand-research	focused	false
GET	/goat/curated	GOAT	goat-curated	goat_curated	goat_curated	luxury-resale-research, resale-secondhand-research	focused	false
GET	/goat/listings/count	GOAT	goat-listings-count	goat_listings_count	goat_listings_count	luxury-resale-research, resale-secondhand-research	focused	false
GET	/goat/product/{slug}	GOAT	goat-product	goat_product	goat_product	luxury-resale-research, resale-secondhand-research	focused	false
GET	/goat/product/{slug}/recommended	GOAT	goat-product-recommended	goat_product_recommended	goat_product_recommended	luxury-resale-research, resale-secondhand-research	focused	false
GET	/goat/search	GOAT	goat-search	goat_search	goat_search	luxury-resale-research, resale-secondhand-research	focused	false
GET	/goat/search/facets	GOAT	goat-search-facets	goat_search_facets	goat_search_facets	luxury-resale-research, resale-secondhand-research	focused	false
GET	/goat/searches/trending	GOAT	goat-trending-searches	goat_trending_searches	goat_trending_searches	luxury-resale-research, resale-secondhand-research	focused	false
GET	/goat/suggest	GOAT	goat-suggest	goat_suggest	goat_suggest	luxury-resale-research, resale-secondhand-research	focused	false
GET	/goldin/auctions	Goldin	goldin-auctions	goldin_auctions	goldin_auctions	collectibles-market-research	focused	false
GET	/goldin/categories	Goldin	goldin-categories	goldin_categories	goldin_categories	collectibles-market-research	focused	false
GET	/goldin/listing	Goldin	goldin-listing	goldin_listing	goldin_listing	collectibles-market-research	focused	false
GET	/goldin/search	Goldin	goldin-search	goldin_search	goldin_search	collectibles-market-research	focused	false
GET	/goldin/suggest	Goldin	goldin-suggest	goldin_suggest	goldin_suggest	collectibles-market-research	focused	false
GET	/goodreads/author/{id}	Goodreads	goodreads-author	goodreads_author	goodreads_author	book-research	focused	false
GET	/goodreads/author/{id}/books	Goodreads	goodreads-author-books	goodreads_author_books	goodreads_author_books	book-research	focused	false
GET	/goodreads/author/{id}/quotes	Goodreads	goodreads-author-quotes	goodreads_author_quotes	goodreads_author_quotes	book-research	focused	false
GET	/goodreads/book/{id}	Goodreads	goodreads-book	goodreads_book	goodreads_book	book-research	focused	false
GET	/goodreads/book/{id}/editions	Goodreads	goodreads-book-editions	goodreads_book_editions	goodreads_book_editions	book-research	focused	false
GET	/goodreads/book/{id}/reviews	Goodreads	goodreads-book-reviews	goodreads_book_reviews	goodreads_book_reviews	book-research	focused	false
GET	/goodreads/genre/{name}	Goodreads	goodreads-genre	goodreads_genre	goodreads_genre	book-research	focused	false
GET	/goodreads/list/{id}	Goodreads	goodreads-list	goodreads_list	goodreads_list	book-research	focused	false
GET	/goodreads/lists	Goodreads	goodreads-lists	goodreads_lists	goodreads_lists	book-research	focused	false
GET	/goodreads/search	Goodreads	goodreads-search	goodreads_search	goodreads_search	book-research	focused	false
GET	/goodrx/answer	GoodRx	goodrx-answer	goodrx_answer	goodrx_answer	prescription-price-research	focused	false
GET	/goodrx/answers	GoodRx	goodrx-answers	goodrx_answers	goodrx_answers	prescription-price-research	focused	false
GET	/goodrx/brands	GoodRx	goodrx-brands	goodrx_brands	goodrx_brands	prescription-price-research	focused	false
GET	/goodrx/class	GoodRx	goodrx-class	goodrx_class	goodrx_class	prescription-price-research	focused	false
GET	/goodrx/classes	GoodRx	goodrx-classes	goodrx_classes	goodrx_classes	prescription-price-research	focused	false
GET	/goodrx/comparison	GoodRx	goodrx-comparison	goodrx_comparison	goodrx_comparison	prescription-price-research	focused	false
GET	/goodrx/comparisons	GoodRx	goodrx-comparisons	goodrx_comparisons	goodrx_comparisons	prescription-price-research	focused	false
GET	/goodrx/condition	GoodRx	goodrx-condition	goodrx_condition	goodrx_condition	prescription-price-research	focused	false
GET	/goodrx/condition-drugs	GoodRx	goodrx-condition-drugs	goodrx_condition_drugs	goodrx_condition_drugs	prescription-price-research	focused	false
GET	/goodrx/conditions	GoodRx	goodrx-conditions	goodrx_conditions	goodrx_conditions	prescription-price-research	focused	false
GET	/goodrx/drug-guide	GoodRx	goodrx-drug-guide	goodrx_drug_guide	goodrx_drug_guide	prescription-price-research	focused	false
GET	/goodrx/drug-guides	GoodRx	goodrx-drug-guides	goodrx_drug_guides	goodrx_drug_guides	prescription-price-research	focused	false
GET	/goodrx/drug-info	GoodRx	goodrx-drug-info	goodrx_drug_info	goodrx_drug_info	prescription-price-research	focused	false
GET	/goodrx/drug-options	GoodRx	goodrx-drug-options	goodrx_drug_options	goodrx_drug_options	prescription-price-research	focused	false
GET	/goodrx/drug-prices	GoodRx	goodrx-drug-prices	goodrx_drug_prices	goodrx_drug_prices	prescription-price-research	focused	false
GET	/goodrx/drugs	GoodRx	goodrx-drugs	goodrx_drugs	goodrx_drugs	prescription-price-research	focused	false
GET	/goodrx/health-article	GoodRx	goodrx-health-article	goodrx_health_article	goodrx_health_article	prescription-price-research	focused	false
GET	/goodrx/health-articles	GoodRx	goodrx-health-articles	goodrx_health_articles	goodrx_health_articles	prescription-price-research	focused	false
GET	/goodrx/health-topics	GoodRx	goodrx-health-topics	goodrx_health_topics	goodrx_health_topics	prescription-price-research	focused	false
GET	/goodrx/pet-medications	GoodRx	goodrx-pet-medications	goodrx_pet_medications	goodrx_pet_medications	prescription-price-research	focused	false
GET	/google-jobs/job	Google Jobs	google-jobs-job	google_jobs_job	google_jobs_job	google-jobs-research, job-market-research	focused	false
GET	/google-jobs/search	Google Jobs	google-jobs-search	google_jobs_search	google_jobs_search	google-jobs-research, job-market-research	focused	false
GET	/google/finance/analyst-articles/{quote}	Google	google-finance-analyst-articles	google_finance_analyst_articles	google_finance_analyst_articles	google-finance-research	focused	false
GET	/google/finance/chart/{quote}	Google	google-finance-chart	google_finance_chart	google_finance_chart	google-finance-research	focused	false
GET	/google/finance/classification/{quote}	Google	google-finance-classification	google_finance_classification	google_finance_classification	google-finance-research	focused	false
GET	/google/finance/company/{quote}	Google	google-finance-company	google_finance_company	google_finance_company	google-finance-research	focused	false
GET	/google/finance/context	Google	google-finance-context	google_finance_context	google_finance_context	google-finance-research	focused	false
GET	/google/finance/financials/{quote}	Google	google-finance-financials	google_finance_financials	google_finance_financials	google-finance-research	focused	false
GET	/google/finance/markets/categories/{category}/news	Google	google-finance-markets-category-news	google_finance_markets_category_news	google_finance_markets_category_news	google-finance-research	focused	false
GET	/google/finance/markets/categories/{category}/stocks	Google	google-finance-markets-category-stocks	google_finance_markets_category_stocks	google_finance_markets_category_stocks	google-finance-research	focused	false
GET	/google/finance/markets/earnings	Google	google-finance-markets-earnings	google_finance_markets_earnings	google_finance_markets_earnings	google-finance-research	focused	false
GET	/google/finance/markets/featured	Google	google-finance-markets-featured	google_finance_markets_featured	google_finance_markets_featured	google-finance-research	focused	false
GET	/google/finance/markets/headline	Google	google-finance-markets-headline	google_finance_markets_headline	google_finance_markets_headline	google-finance-research	focused	false
GET	/google/finance/markets/indices	Google	google-finance-markets-indices	google_finance_markets_indices	google_finance_markets_indices	google-finance-research	focused	false
GET	/google/finance/markets/movers	Google	google-finance-markets-movers	google_finance_markets_movers	google_finance_markets_movers	google-finance-research	focused	false
GET	/google/finance/markets/top	Google	google-finance-markets-top	google_finance_markets_top	google_finance_markets_top	google-finance-research	focused	false
GET	/google/finance/markets/trending	Google	google-finance-markets-trending	google_finance_markets_trending	google_finance_markets_trending	google-finance-research	focused	false
GET	/google/finance/news/{quote}	Google	google-finance-news	google_finance_news	google_finance_news	google-finance-research	focused	false
GET	/google/finance/quote/{quote}	Google	google-finance-quote	google_finance_quote	google_finance_quote	google-finance-research	focused	false
GET	/google/finance/related/{quote}	Google	google-finance-related	google_finance_related	google_finance_related	google-finance-research	focused	false
GET	/google/finance/search	Google	google-finance-search	google_finance_search	google_finance_search	google-finance-research	focused	false
GET	/google/finance/ticker/{ticker}	Google	google-finance-ticker	google_finance_ticker	google_finance_ticker	google-finance-research	focused	false
POST	/google/image	Google	google-image				outside-exported-mcp	true
POST	/google/jobs	Google	google-jobs	google_jobs	google_jobs	hiring-demand-analysis	focused	false
POST	/google/lens	Google	google-lens				outside-exported-mcp	true
GET	/google/map/place/{place_id}	Google	google-map-place	google_map_place	google_map_place	google-maps-research, local-business-prospecting, local-competitive-landscape	focused	false
GET	/google/map/place/{place_id}/photos	Google	google-map-place-photos	google_map_place_photos	google_map_place_photos	google-maps-research	focused	false
GET	/google/map/place/{place_id}/reviews	Google	google-map-place-reviews	google_map_place_reviews	google_map_place_reviews	google-maps-research, local-business-prospecting, local-competitive-landscape	focused	false
POST	/google/map/search	Google	google-map-search	google_map_search	google_map_search	google-maps-research, local-business-prospecting, local-competitive-landscape	focused	false
GET	/google/news	Google	google-news	google_news	google_news	serp-keyword-research	focused	false
POST	/google/news	Google	google-news-search	google_news_search	google_news_search	serp-keyword-research	focused	false
POST	/google/search	Google	google-search				outside-exported-mcp	true
POST	/google/shopping	Google	google-shopping				outside-exported-mcp	true
POST	/google/shopping/detail	Google	google-shopping-detail				outside-exported-mcp	true
GET	/google/suggest	Google	google-suggest	google_suggest	google_suggest	serp-keyword-research	focused	false
GET	/google/trends/categories	Google	google-trends-categories	google_trends_categories	google_trends_categories	app-market-opportunity-research, google-trends-research, serp-keyword-research	focused	false
GET	/google/trends/enums	Google	google-trends-enums	google_trends_enums	google_trends_enums	app-market-opportunity-research, google-trends-research, serp-keyword-research	focused	false
POST	/google/trends/explore	Google	google-trends-explore	google_trends_explore	google_trends_explore	google-trends-research, serp-keyword-research	focused	false
POST	/google/trends/explore/interest-by-region	Google	google-trends-explore-interest-by-region	google_trends_explore_interest_by_region	google_trends_explore_interest_by_region	google-trends-research, serp-keyword-research	focused	false
POST	/google/trends/explore/interest-over-time	Google	google-trends-explore-interest-over-time	google_trends_explore_interest_over_time	google_trends_explore_interest_over_time	app-market-opportunity-research, google-trends-research, serp-keyword-research	focused	false
POST	/google/trends/explore/related-topics	Google	google-trends-explore-related-topics	google_trends_explore_related_topics	google_trends_explore_related_topics	google-trends-research, serp-keyword-research	focused	false
POST	/google/trends/explore/rising-queries	Google	google-trends-explore-rising-queries	google_trends_explore_rising_queries	google_trends_explore_rising_queries	google-trends-research, serp-keyword-research	focused	false
POST	/google/trends/explore/top-queries	Google	google-trends-explore-top-queries	google_trends_explore_top_queries	google_trends_explore_top_queries	google-trends-research, serp-keyword-research	focused	false
GET	/google/trends/locations	Google	google-trends-locations	google_trends_locations	google_trends_locations	app-market-opportunity-research, google-trends-research, serp-keyword-research	focused	false
GET	/google/trends/trending	Google	google-trends-trending	google_trends_trending	google_trends_trending	google-trends-research, serp-keyword-research	focused	false
POST	/google/trends/trending/detail	Google	google-trends-trending-detail	google_trends_trending_detail	google_trends_trending_detail	google-trends-research, serp-keyword-research	focused	false
GET	/google/videos	Google	google-videos	google_videos	google_videos	serp-keyword-research	focused	false
GET	/googlepatents/classification	Google Patents	googlepatents-classification	googlepatents_classification	googlepatents_classification	patents-research	focused	false
GET	/googlepatents/coverage	Google Patents	googlepatents-coverage	googlepatents_coverage	googlepatents_coverage	patents-research	focused	false
GET	/googlepatents/detail	Google Patents	googlepatents-detail	googlepatents_detail	googlepatents_detail	patents-research	focused	false
GET	/googlepatents/recent	Google Patents	googlepatents-recent	googlepatents_recent	googlepatents_recent	patents-research	focused	false
GET	/googlepatents/search	Google Patents	googlepatents-search	googlepatents_search	googlepatents_search	patents-research	focused	false
GET	/googlepatents/suggest	Google Patents	googlepatents-suggest	googlepatents_suggest	googlepatents_suggest	patents-research	focused	false
GET	/googleplay/app	GooglePlay	googleplay-app	googleplay_app	googleplay_app	app-market-opportunity-research, app-review-mining, app-store-research, customer-feedback-analysis	focused	false
GET	/googleplay/categories	GooglePlay	googleplay-categories	googleplay_categories	googleplay_categories	app-market-opportunity-research, app-review-mining, app-store-research	focused	false
GET	/googleplay/datasafety	GooglePlay	googleplay-datasafety	googleplay_datasafety	googleplay_datasafety	app-review-mining, app-store-research	focused	false
GET	/googleplay/developer/{dev_id}	GooglePlay	googleplay-developer	googleplay_developer	googleplay_developer	app-review-mining, app-store-research	focused	false
GET	/googleplay/list	GooglePlay	googleplay-list	googleplay_list	googleplay_list	app-market-opportunity-research, app-review-mining, app-store-research	focused	false
GET	/googleplay/permissions	GooglePlay	googleplay-permissions	googleplay_permissions	googleplay_permissions	app-review-mining, app-store-research	focused	false
GET	/googleplay/ratings	GooglePlay	googleplay-ratings	googleplay_ratings	googleplay_ratings	app-review-mining, app-store-research	focused	false
GET	/googleplay/reviews	GooglePlay	googleplay-reviews	googleplay_reviews	googleplay_reviews	app-market-opportunity-research, app-review-mining, app-store-research, customer-feedback-analysis	focused	false
GET	/googleplay/search	GooglePlay	googleplay-search	googleplay_search	googleplay_search	app-market-opportunity-research, app-review-mining, app-store-research, customer-feedback-analysis	focused	false
GET	/googleplay/similar	GooglePlay	googleplay-similar	googleplay_similar	googleplay_similar	app-market-opportunity-research, app-review-mining, app-store-research	focused	false
GET	/googleplay/suggest/{term}	GooglePlay	googleplay-suggest	googleplay_suggest	googleplay_suggest	app-review-mining, app-store-research	focused	false
GET	/gq/article	GQ	gq-article	gq_article	gq_article	news-media-research	focused	false
GET	/gq/author	GQ	gq-author	gq_author	gq_author	news-media-research	focused	false
GET	/gq/headlines	GQ	gq-headlines	gq_headlines	gq_headlines	news-media-research	focused	false
GET	/gq/news	GQ	gq-news	gq_news	gq_news	news-media-research	focused	false
GET	/gq/sections	GQ	gq-sections	gq_sections	gq_sections	news-media-research	focused	false
GET	/grailed/categories	Grailed	grailed-categories	grailed_categories	grailed_categories	luxury-resale-research	focused	false
GET	/grailed/collection	Grailed	grailed-collection	grailed_collection	grailed_collection	luxury-resale-research	focused	false
GET	/grailed/collections	Grailed	grailed-collections	grailed_collections	grailed_collections	luxury-resale-research	focused	false
GET	/grailed/designers	Grailed	grailed-designers	grailed_designers	grailed_designers	luxury-resale-research	focused	false
GET	/grailed/listing	Grailed	grailed-listing	grailed_listing	grailed_listing	luxury-resale-research	focused	false
GET	/grailed/search	Grailed	grailed-search	grailed_search	grailed_search	luxury-resale-research	focused	false
GET	/grailed/seller	Grailed	grailed-seller	grailed_seller	grailed_seller	luxury-resale-research	focused	false
GET	/grailed/seller-reviews	Grailed	grailed-seller-reviews	grailed_seller_reviews	grailed_seller_reviews	luxury-resale-research	focused	false
GET	/grailed/similar-listings	Grailed	grailed-similar-listings	grailed_similar_listings	grailed_similar_listings	luxury-resale-research	focused	false
GET	/grailed/sold-listings	Grailed	grailed-sold-listings	grailed_sold_listings	grailed_sold_listings	luxury-resale-research	focused	false
GET	/grailed/suggest	Grailed	grailed-suggest	grailed_suggest	grailed_suggest	luxury-resale-research	focused	false
GET	/greystar/articles	Greystar	greystar-articles	greystar_articles	greystar_articles	rental-housing-research	focused	false
GET	/greystar/articles/{section}/{slug}	Greystar	greystar-article	greystar_article	greystar_article	rental-housing-research	focused	false
GET	/greystar/location	Greystar	greystar-location	greystar_location	greystar_location	rental-housing-research	focused	false
GET	/greystar/locations	Greystar	greystar-locations	greystar_locations	greystar_locations	rental-housing-research	focused	false
GET	/greystar/markets	Greystar	greystar-markets	greystar_markets	greystar_markets	rental-housing-research	focused	false
GET	/greystar/newsroom	Greystar	greystar-newsroom	greystar_newsroom	greystar_newsroom	rental-housing-research	focused	false
GET	/greystar/newsroom/{slug}	Greystar	greystar-newsroom-article	greystar_newsroom_article	greystar_newsroom_article	rental-housing-research	focused	false
GET	/greystar/properties/{id}	Greystar	greystar-property	greystar_property	greystar_property	rental-housing-research	focused	false
GET	/greystar/search	Greystar	greystar-search	greystar_search	greystar_search	rental-housing-research	focused	false
GET	/grubhub/availability	Grubhub	grubhub-availability	grubhub_availability	grubhub_availability	restaurant-food-delivery-research	focused	false
GET	/grubhub/offers	Grubhub	grubhub-offers	grubhub_offers	grubhub_offers	restaurant-food-delivery-research	focused	false
GET	/grubhub/restaurant	Grubhub	grubhub-restaurant	grubhub_restaurant	grubhub_restaurant	restaurant-food-delivery-research	focused	false
GET	/grubhub/restaurant/menu	Grubhub	grubhub-restaurant-menu	grubhub_restaurant_menu	grubhub_restaurant_menu	restaurant-food-delivery-research	focused	false
GET	/grubhub/restaurant/reviews	Grubhub	grubhub-restaurant-reviews	grubhub_restaurant_reviews	grubhub_restaurant_reviews	restaurant-food-delivery-research	focused	false
GET	/grubhub/search	Grubhub	grubhub-search	grubhub_search	grubhub_search	restaurant-food-delivery-research	focused	false
GET	/grubhub/timepicker	Grubhub	grubhub-timepicker	grubhub_timepicker	grubhub_timepicker	restaurant-food-delivery-research	focused	false
GET	/guardian/article	Guardian	guardian-article	guardian_article	guardian_article	news-briefing-research, news-media-research	focused	false
GET	/guardian/author	Guardian	guardian-author	guardian_author	guardian_author	news-briefing-research, news-media-research	focused	false
GET	/guardian/headlines	Guardian	guardian-headlines	guardian_headlines	guardian_headlines	news-briefing-research, news-media-research	focused	false
GET	/guardian/live	Guardian	guardian-live				outside-exported-mcp	false
GET	/guardian/topic	Guardian	guardian-topic	guardian_topic	guardian_topic	news-briefing-research, news-media-research	focused	false
GET	/gucci/categories	Gucci	gucci-categories	gucci_categories	gucci_categories	luxury-resale-research	focused	false
GET	/gucci/category	Gucci	gucci-category	gucci_category	gucci_category	luxury-resale-research	focused	false
GET	/gucci/product	Gucci	gucci-product	gucci_product	gucci_product	luxury-resale-research	focused	false
GET	/gucci/recommendations	Gucci	gucci-recommendations	gucci_recommendations	gucci_recommendations	luxury-resale-research	focused	false
GET	/gucci/search	Gucci	gucci-search	gucci_search	gucci_search	luxury-resale-research	focused	false
GET	/gucci/size-guide	Gucci	gucci-size-guide	gucci_size_guide	gucci_size_guide	luxury-resale-research	focused	false
GET	/gucci/store	Gucci	gucci-store	gucci_store	gucci_store	luxury-resale-research	focused	false
GET	/gucci/stores	Gucci	gucci-stores	gucci_stores	gucci_stores	luxury-resale-research	focused	false
GET	/gucci/stores/search	Gucci	gucci-store-search	gucci_store_search	gucci_store_search	luxury-resale-research	focused	false
GET	/gucci/suggest	Gucci	gucci-suggest	gucci_suggest	gucci_suggest	luxury-resale-research	focused	false
GET	/gulfnews/article	Gulf News	gulfnews-article	gulfnews_article	gulfnews_article	news-media-research	focused	false
GET	/gulfnews/author	Gulf News	gulfnews-author	gulfnews_author	gulfnews_author	news-media-research	focused	false
GET	/gulfnews/headlines	Gulf News	gulfnews-headlines	gulfnews_headlines	gulfnews_headlines	news-media-research	focused	false
GET	/gulfnews/news	Gulf News	gulfnews-news	gulfnews_news	gulfnews_news	news-media-research	focused	false
GET	/gulfnews/sections	Gulf News	gulfnews-sections	gulfnews_sections	gulfnews_sections	news-media-research	focused	false
GET	/gymshark/collections	Gymshark	gymshark-collections	gymshark_collections	gymshark_collections	shopify-research	focused	false
GET	/gymshark/collections/{handle}/products	Gymshark	gymshark-collection-products	gymshark_collection_products	gymshark_collection_products	shopify-research	focused	false
GET	/gymshark/pages	Gymshark	gymshark-pages	gymshark_pages	gymshark_pages	shopify-research	focused	false
GET	/gymshark/pages/{handle}	Gymshark	gymshark-page	gymshark_page	gymshark_page	shopify-research	focused	false
GET	/gymshark/products	Gymshark	gymshark-products	gymshark_products	gymshark_products	shopify-research	focused	false
GET	/gymshark/products/{handle}	Gymshark	gymshark-product	gymshark_product	gymshark_product	shopify-research	focused	false
GET	/gymshark/products/{handle}/recommendations	Gymshark	gymshark-product-recommendations	gymshark_product_recommendations	gymshark_product_recommendations	shopify-research	focused	false
GET	/gymshark/sitemap/urls	Gymshark	gymshark-sitemap-urls	gymshark_sitemap_urls	gymshark_sitemap_urls	shopify-research	focused	false
GET	/gymshark/sitemaps	Gymshark	gymshark-sitemaps	gymshark_sitemaps	gymshark_sitemaps	shopify-research	focused	false
GET	/gymshark/store	Gymshark	gymshark-store	gymshark_store	gymshark_store	shopify-research	focused	false
GET	/hbr/article	Harvard Business Review	hbr-article	hbr_article	hbr_article	news-media-research	focused	false
GET	/hbr/categories	Harvard Business Review	hbr-categories	hbr_categories	hbr_categories	news-media-research	focused	false
GET	/hbr/headlines	Harvard Business Review	hbr-headlines	hbr_headlines	hbr_headlines	news-media-research	focused	false
GET	/hbr/topic	Harvard Business Review	hbr-topic	hbr_topic	hbr_topic	news-media-research	focused	false
GET	/healthgrades/autocomplete	Healthgrades	healthgrades-autocomplete	healthgrades_autocomplete	healthgrades_autocomplete	health-provider-research	focused	false
GET	/healthgrades/facilities/filters	Healthgrades	healthgrades-facilities-filters	healthgrades_facilities_filters	healthgrades_facilities_filters	health-provider-research	focused	false
GET	/healthgrades/facilities/search	Healthgrades	healthgrades-facilities-search	healthgrades_facilities_search	healthgrades_facilities_search	health-provider-research	focused	false
GET	/healthgrades/facility	Healthgrades	healthgrades-facility	healthgrades_facility	healthgrades_facility	health-provider-research	focused	false
GET	/healthgrades/health-article	Healthgrades	healthgrades-health-article	healthgrades_health_article	healthgrades_health_article	health-provider-research	focused	false
GET	/healthgrades/health-articles	Healthgrades	healthgrades-health-articles	healthgrades_health_articles	healthgrades_health_articles	health-provider-research	focused	false
GET	/healthgrades/health-topics	Healthgrades	healthgrades-health-topics	healthgrades_health_topics	healthgrades_health_topics	health-provider-research	focused	false
GET	/healthgrades/hospital	Healthgrades	healthgrades-hospital	healthgrades_hospital	healthgrades_hospital	health-provider-research	focused	false
GET	/healthgrades/hospital-awards	Healthgrades	healthgrades-hospital-awards	healthgrades_hospital_awards	healthgrades_hospital_awards	health-provider-research	focused	false
GET	/healthgrades/hospital-awards/filters	Healthgrades	healthgrades-hospital-award-filters	healthgrades_hospital_award_filters	healthgrades_hospital_award_filters	health-provider-research	focused	false
GET	/healthgrades/locations	Healthgrades	healthgrades-locations	healthgrades_locations	healthgrades_locations	health-provider-research	focused	false
GET	/healthgrades/physician	Healthgrades	healthgrades-physician	healthgrades_physician	healthgrades_physician	health-provider-research	focused	false
GET	/healthgrades/physicians/filters	Healthgrades	healthgrades-physicians-filters	healthgrades_physicians_filters	healthgrades_physicians_filters	health-provider-research	focused	false
GET	/healthgrades/physicians/search	Healthgrades	healthgrades-physicians-search	healthgrades_physicians_search	healthgrades_physicians_search	health-provider-research	focused	false
GET	/healthgrades/specialties	Healthgrades	healthgrades-specialties	healthgrades_specialties	healthgrades_specialties	health-provider-research	focused	false
GET	/healthgrades/top-searches	Healthgrades	healthgrades-top-searches	healthgrades_top_searches	healthgrades_top_searches	health-provider-research	focused	false
GET	/hermes/categories	Hermes	hermes-categories	hermes_categories	hermes_categories	luxury-resale-research	focused	false
GET	/hermes/category	Hermes	hermes-category	hermes_category	hermes_category	luxury-resale-research	focused	false
GET	/hermes/product	Hermes	hermes-product	hermes_product	hermes_product	luxury-resale-research	focused	false
GET	/hermes/product/recommendations	Hermes	hermes-product-recommendations	hermes_product_recommendations	hermes_product_recommendations	luxury-resale-research	focused	false
GET	/hermes/products	Hermes	hermes-products	hermes_products	hermes_products	luxury-resale-research	focused	false
GET	/hermes/search	Hermes	hermes-search	hermes_search	hermes_search	luxury-resale-research	focused	false
GET	/hermes/stores	Hermes	hermes-stores	hermes_stores	hermes_stores	luxury-resale-research	focused	false
GET	/hermes/suggest	Hermes	hermes-suggest	hermes_suggest	hermes_suggest	luxury-resale-research	focused	false
GET	/hindustantimes/article	Hindustan Times	hindustantimes-article	hindustantimes_article	hindustantimes_article	news-media-research	focused	false
GET	/hindustantimes/author	Hindustan Times	hindustantimes-author	hindustantimes_author	hindustantimes_author	news-media-research	focused	false
GET	/hindustantimes/headlines	Hindustan Times	hindustantimes-headlines	hindustantimes_headlines	hindustantimes_headlines	news-media-research	focused	false
GET	/hindustantimes/news	Hindustan Times	hindustantimes-news	hindustantimes_news	hindustantimes_news	news-media-research	focused	false
GET	/hindustantimes/sections	Hindustan Times	hindustantimes-sections	hindustantimes_sections	hindustantimes_sections	news-media-research	focused	false
GET	/hm/categories	H&M	hm-categories	hm_categories	hm_categories	hm-research, product-price-research	focused	false
GET	/hm/listing	H&M	hm-listing	hm_listing	hm_listing	hm-research, product-price-research	focused	false
GET	/hm/product/{product_id}	H&M	hm-product	hm_product	hm_product	hm-research, product-price-research	focused	false
GET	/hm/product/{product_id}/related	H&M	hm-product-related	hm_product_related	hm_product_related	hm-research, product-price-research	focused	false
GET	/hm/search	H&M	hm-search	hm_search	hm_search	hm-research, product-price-research	focused	false
GET	/hm/search/suggestions	H&M	hm-search-suggestions	hm_search_suggestions	hm_search_suggestions	hm-research, product-price-research	focused	false
GET	/hm/stores	H&M	hm-stores	hm_stores	hm_stores	hm-research, product-price-research	focused	false
GET	/hollywoodreporter/article	Hollywood Reporter	hollywoodreporter-article	hollywoodreporter_article	hollywoodreporter_article	news-media-research	focused	false
GET	/hollywoodreporter/author	Hollywood Reporter	hollywoodreporter-author	hollywoodreporter_author	hollywoodreporter_author	news-media-research	focused	false
GET	/hollywoodreporter/headlines	Hollywood Reporter	hollywoodreporter-headlines	hollywoodreporter_headlines	hollywoodreporter_headlines	news-media-research	focused	false
GET	/hollywoodreporter/news	Hollywood Reporter	hollywoodreporter-news	hollywoodreporter_news	hollywoodreporter_news	news-media-research	focused	false
GET	/hollywoodreporter/sections	Hollywood Reporter	hollywoodreporter-sections	hollywoodreporter_sections	hollywoodreporter_sections	news-media-research	focused	false
GET	/homedepot/categories	Home Depot	homedepot-categories	homedepot_categories	homedepot_categories	product-price-research	focused	false
GET	/homedepot/category	Home Depot	homedepot-category	homedepot_category	homedepot_category	product-price-research	focused	false
GET	/homedepot/product/{id}	Home Depot	homedepot-product	homedepot_product	homedepot_product	product-price-research	focused	false
GET	/homedepot/product/{id}/questions	Home Depot	homedepot-product-questions	homedepot_product_questions	homedepot_product_questions	product-price-research	focused	false
GET	/homedepot/search	Home Depot	homedepot-search	homedepot_search	homedepot_search	product-price-research	focused	false
GET	/homedepot/suggest	Home Depot	homedepot-suggest	homedepot_suggest	homedepot_suggest	product-price-research	focused	false
GET	/hotels/autocomplete	Hotels.com	hotels-autocomplete	hotels_autocomplete	hotels_autocomplete	travel-accommodation-research, travel-hotel-research	focused	false
POST	/hotels/offers	Hotels.com	hotels-offers	hotels_offers	hotels_offers	travel-accommodation-research, travel-hotel-research	focused	false
POST	/hotels/property	Hotels.com	hotels-property	hotels_property	hotels_property	travel-accommodation-research, travel-hotel-research	focused	false
POST	/hotels/rates	Hotels.com	hotels-rates	hotels_rates	hotels_rates	travel-accommodation-research, travel-hotel-research	focused	false
POST	/hotels/reviews	Hotels.com	hotels-reviews	hotels_reviews	hotels_reviews	travel-accommodation-research, travel-hotel-research	focused	false
POST	/hotels/reviews/archive	Hotels.com	hotels-reviews-archive	hotels_reviews_archive	hotels_reviews_archive	travel-accommodation-research, travel-hotel-research	focused	false
POST	/hotels/search	Hotels.com	hotels-search	hotels_search	hotels_search	travel-accommodation-research, travel-hotel-research	focused	false
GET	/houston-chronicle/article	Houston Chronicle	houston-chronicle-article	houston_chronicle_article	houston_chronicle_article	news-media-research	focused	false
GET	/houston-chronicle/author	Houston Chronicle	houston-chronicle-author	houston_chronicle_author	houston_chronicle_author	news-media-research	focused	false
GET	/houston-chronicle/headlines	Houston Chronicle	houston-chronicle-headlines	houston_chronicle_headlines	houston_chronicle_headlines	news-media-research	focused	false
GET	/houston-chronicle/news	Houston Chronicle	houston-chronicle-news	houston_chronicle_news	houston_chronicle_news	news-media-research	focused	false
GET	/houston-chronicle/sections	Houston Chronicle	houston-chronicle-sections	houston_chronicle_sections	houston_chronicle_sections	news-media-research	focused	false
GET	/howtogeek/news	How-To Geek	howtogeek-news	howtogeek_news	howtogeek_news	news-media-research	focused	false
GET	/huffpost/article	HuffPost	huffpost-article	huffpost_article	huffpost_article	news-media-research	focused	false
GET	/huffpost/author	HuffPost	huffpost-author	huffpost_author	huffpost_author	news-media-research	focused	false
GET	/huffpost/headlines	HuffPost	huffpost-headlines	huffpost_headlines	huffpost_headlines	news-media-research	focused	false
GET	/huffpost/news	HuffPost	huffpost-news	huffpost_news	huffpost_news	news-media-research	focused	false
GET	/huffpost/sections	HuffPost	huffpost-sections	huffpost_sections	huffpost_sections	news-media-research	focused	false
GET	/ign/article	IGN	ign-article	ign_article	ign_article	news-media-research	focused	false
GET	/ign/author	IGN	ign-author	ign_author	ign_author	news-media-research	focused	false
GET	/ign/headlines	IGN	ign-headlines	ign_headlines	ign_headlines	news-media-research	focused	false
GET	/ign/news	IGN	ign-news	ign_news	ign_news	news-media-research	focused	false
GET	/ign/sections	IGN	ign-sections	ign_sections	ign_sections	news-media-research	focused	false
GET	/ikea/availability	IKEA	ikea-availability	ikea_availability	ikea_availability	product-price-research	focused	false
GET	/ikea/categories	IKEA	ikea-categories	ikea_categories	ikea_categories	product-price-research	focused	false
GET	/ikea/category	IKEA	ikea-category	ikea_category	ikea_category	product-price-research, retail-assortment-gap-analysis	focused	false
GET	/ikea/product	IKEA	ikea-product	ikea_product	ikea_product	product-price-research, retail-assortment-gap-analysis	focused	false
GET	/ikea/reviews	IKEA	ikea-reviews	ikea_reviews	ikea_reviews	product-price-research	focused	false
GET	/ikea/search	IKEA	ikea-search	ikea_search	ikea_search	product-price-research, retail-assortment-gap-analysis	focused	false
GET	/ikea/store	IKEA	ikea-store	ikea_store	ikea_store	product-price-research	focused	false
GET	/ikea/stores	IKEA	ikea-stores	ikea_stores	ikea_stores	product-price-research	focused	false
GET	/ikea/suggest	IKEA	ikea-suggest	ikea_suggest	ikea_suggest	product-price-research	focused	false
GET	/imdb/charts	IMDb	imdb-charts	imdb_charts	imdb_charts	entertainment-discovery-research, movie-tv-research	focused	false
GET	/imdb/image-types	IMDb	imdb-image-types	imdb_image_types	imdb_image_types	entertainment-discovery-research, movie-tv-research	focused	false
GET	/imdb/name	IMDb	imdb-name	imdb_name	imdb_name	entertainment-discovery-research, movie-tv-research	focused	false
GET	/imdb/name/awards	IMDb	imdb-name-awards	imdb_name_awards	imdb_name_awards	entertainment-discovery-research, movie-tv-research	focused	false
GET	/imdb/name/credits	IMDb	imdb-name-credits	imdb_name_credits	imdb_name_credits	entertainment-discovery-research, movie-tv-research	focused	false
GET	/imdb/name/images	IMDb	imdb-name-images	imdb_name_images	imdb_name_images	entertainment-discovery-research, movie-tv-research	focused	false
GET	/imdb/name/videos	IMDb	imdb-name-videos	imdb_name_videos	imdb_name_videos	entertainment-discovery-research, movie-tv-research	focused	false
GET	/imdb/search	IMDb	imdb-search	imdb_search	imdb_search	entertainment-discovery-research, movie-tv-research	focused	false
GET	/imdb/search/title	IMDb	imdb-search-title	imdb_search_title	imdb_search_title	entertainment-discovery-research, movie-tv-research	focused	false
GET	/imdb/title	IMDb	imdb-title	imdb_title	imdb_title	entertainment-discovery-research, movie-tv-research	focused	false
GET	/imdb/title/awards	IMDb	imdb-title-awards	imdb_title_awards	imdb_title_awards	entertainment-discovery-research, movie-tv-research	focused	false
GET	/imdb/title/box-office	IMDb	imdb-title-box-office	imdb_title_box_office	imdb_title_box_office	entertainment-discovery-research, movie-tv-research	focused	false
GET	/imdb/title/company-credits	IMDb	imdb-title-company-credits	imdb_title_company_credits	imdb_title_company_credits	entertainment-discovery-research, movie-tv-research	focused	false
GET	/imdb/title/connections	IMDb	imdb-title-connections	imdb_title_connections	imdb_title_connections	entertainment-discovery-research, movie-tv-research	focused	false
GET	/imdb/title/credits	IMDb	imdb-title-credits	imdb_title_credits	imdb_title_credits	entertainment-discovery-research, movie-tv-research	focused	false
GET	/imdb/title/episodes	IMDb	imdb-title-episodes	imdb_title_episodes	imdb_title_episodes	entertainment-discovery-research, movie-tv-research	focused	false
GET	/imdb/title/filming-locations	IMDb	imdb-title-filming-locations	imdb_title_filming_locations	imdb_title_filming_locations	entertainment-discovery-research, movie-tv-research	focused	false
GET	/imdb/title/goofs	IMDb	imdb-title-goofs	imdb_title_goofs	imdb_title_goofs	entertainment-discovery-research, movie-tv-research	focused	false
GET	/imdb/title/images	IMDb	imdb-title-images	imdb_title_images	imdb_title_images	entertainment-discovery-research, movie-tv-research	focused	false
GET	/imdb/title/keywords	IMDb	imdb-title-keywords	imdb_title_keywords	imdb_title_keywords	entertainment-discovery-research, movie-tv-research	focused	false
GET	/imdb/title/parental-guide	IMDb	imdb-title-parental-guide	imdb_title_parental_guide	imdb_title_parental_guide	entertainment-discovery-research, movie-tv-research	focused	false
GET	/imdb/title/public-facts-analysis	IMDb	imdb-title-public-facts-analysis	imdb_title_public_facts_analysis	imdb_title_public_facts_analysis	entertainment-discovery-research, movie-tv-research	focused	false
GET	/imdb/title/quotes	IMDb	imdb-title-quotes	imdb_title_quotes	imdb_title_quotes	entertainment-discovery-research, movie-tv-research	focused	false
GET	/imdb/title/ratings	IMDb	imdb-title-ratings	imdb_title_ratings	imdb_title_ratings	entertainment-discovery-research, movie-tv-research	focused	false
GET	/imdb/title/release-info	IMDb	imdb-title-release-info	imdb_title_release_info	imdb_title_release_info	entertainment-discovery-research, movie-tv-research	focused	false
GET	/imdb/title/reviews	IMDb	imdb-title-reviews	imdb_title_reviews	imdb_title_reviews	entertainment-discovery-research, movie-tv-research	focused	false
GET	/imdb/title/similar	IMDb	imdb-title-similar	imdb_title_similar	imdb_title_similar	entertainment-discovery-research, movie-tv-research	focused	false
GET	/imdb/title/technical-specs	IMDb	imdb-title-technical-specs	imdb_title_technical_specs	imdb_title_technical_specs	entertainment-discovery-research, movie-tv-research	focused	false
GET	/imdb/title/trivia	IMDb	imdb-title-trivia	imdb_title_trivia	imdb_title_trivia	entertainment-discovery-research, movie-tv-research	focused	false
GET	/imdb/title/videos	IMDb	imdb-title-videos	imdb_title_videos	imdb_title_videos	entertainment-discovery-research, movie-tv-research	focused	false
GET	/importyeti/company	ImportYeti	importyeti-company	importyeti_company	importyeti_company	supplier-sourcing-research, web-utilities-research	focused	false
GET	/importyeti/search	ImportYeti	importyeti-search	importyeti_search	importyeti_search	supplier-sourcing-research, web-utilities-research	focused	false
GET	/indeed/job	Indeed	indeed-job	indeed_job	indeed_job	indeed-research, job-market-research	focused	false
GET	/indeed/locations/suggest	Indeed	indeed-locations-suggest	indeed_locations_suggest	indeed_locations_suggest	indeed-research, job-market-research	focused	false
GET	/indeed/search	Indeed	indeed-search	indeed_search	indeed_search	indeed-research, job-market-research	focused	false
GET	/independent/article	The Independent	independent-article	independent_article	independent_article	news-media-research	focused	false
GET	/independent/author	The Independent	independent-author	independent_author	independent_author	news-media-research	focused	false
GET	/independent/headlines	The Independent	independent-headlines	independent_headlines	independent_headlines	news-media-research	focused	false
GET	/independent/news	The Independent	independent-news	independent_news	independent_news	news-media-research	focused	false
GET	/independent/sections	The Independent	independent-sections	independent_sections	independent_sections	news-media-research	focused	false
GET	/indianexpress/article	The Indian Express	indianexpress-article	indianexpress_article	indianexpress_article	news-media-research	focused	false
GET	/indianexpress/author	The Indian Express	indianexpress-author	indianexpress_author	indianexpress_author	news-media-research	focused	false
GET	/indianexpress/headlines	The Indian Express	indianexpress-headlines	indianexpress_headlines	indianexpress_headlines	news-media-research	focused	false
GET	/indianexpress/news	The Indian Express	indianexpress-news	indianexpress_news	indianexpress_news	news-media-research	focused	false
GET	/indianexpress/sections	The Indian Express	indianexpress-sections	indianexpress_sections	indianexpress_sections	news-media-research	focused	false
GET	/indiatoday/article	India Today	indiatoday-article	indiatoday_article	indiatoday_article	news-media-research	focused	false
GET	/indiatoday/author	India Today	indiatoday-author	indiatoday_author	indiatoday_author	news-media-research	focused	false
GET	/indiatoday/headlines	India Today	indiatoday-headlines	indiatoday_headlines	indiatoday_headlines	news-media-research	focused	false
GET	/indiatoday/news	India Today	indiatoday-news	indiatoday_news	indiatoday_news	news-media-research	focused	false
GET	/indiatoday/sections	India Today	indiatoday-sections	indiatoday_sections	indiatoday_sections	news-media-research	focused	false
GET	/indiewire/article	IndieWire	indiewire-article	indiewire_article	indiewire_article	news-media-research	focused	false
GET	/indiewire/author	IndieWire	indiewire-author	indiewire_author	indiewire_author	news-media-research	focused	false
GET	/indiewire/headlines	IndieWire	indiewire-headlines	indiewire_headlines	indiewire_headlines	news-media-research	focused	false
GET	/indiewire/news	IndieWire	indiewire-news	indiewire_news	indiewire_news	news-media-research	focused	false
GET	/indiewire/sections	IndieWire	indiewire-sections	indiewire_sections	indiewire_sections	news-media-research	focused	false
GET	/inews/article	i	inews-article	inews_article	inews_article	news-media-research	focused	false
GET	/inews/author	i	inews-author	inews_author	inews_author	news-media-research	focused	false
GET	/inews/headlines	i	inews-headlines	inews_headlines	inews_headlines	news-media-research	focused	false
GET	/inews/news	i	inews-news	inews_news	inews_news	news-media-research	focused	false
GET	/inews/sections	i	inews-sections	inews_sections	inews_sections	news-media-research	focused	false
GET	/inquirer/article	Philippine Daily Inquirer	inquirer-article	inquirer_article	inquirer_article	news-media-research	focused	false
GET	/inquirer/author	Philippine Daily Inquirer	inquirer-author	inquirer_author	inquirer_author	news-media-research	focused	false
GET	/inquirer/headlines	Philippine Daily Inquirer	inquirer-headlines	inquirer_headlines	inquirer_headlines	news-media-research	focused	false
GET	/inquirer/news	Philippine Daily Inquirer	inquirer-news	inquirer_news	inquirer_news	news-media-research	focused	false
GET	/inquirer/sections	Philippine Daily Inquirer	inquirer-sections	inquirer_sections	inquirer_sections	news-media-research	focused	false
GET	/instacart/departments	Instacart	instacart-departments	instacart_departments	instacart_departments	restaurant-food-delivery-research	focused	false
GET	/instacart/item	Instacart	instacart-item	instacart_item	instacart_item	restaurant-food-delivery-research	focused	false
GET	/instacart/search	Instacart	instacart-search	instacart_search	instacart_search	restaurant-food-delivery-research	focused	false
GET	/instacart/search-nearby	Instacart	instacart-search-nearby	instacart_search_nearby	instacart_search_nearby	restaurant-food-delivery-research	focused	false
GET	/instacart/stores	Instacart	instacart-stores	instacart_stores	instacart_stores	restaurant-food-delivery-research	focused	false
GET	/instacart/trending	Instacart	instacart-trending	instacart_trending	instacart_trending	restaurant-food-delivery-research	focused	false
GET	/instagram/post/{id}/{post_id}	Instagram	instagram-post	instagram_post	instagram_post	influencer-discovery, instagram-research, social-media-research	focused	false
GET	/instagram/profile/{username}	Instagram	instagram-profile	instagram_profile	instagram_profile	influencer-discovery, instagram-research, social-media-research	focused	false
GET	/instagram/reels/{id}	Instagram	instagram-reels	instagram_reels	instagram_reels	influencer-discovery, instagram-research, social-media-research	focused	false
GET	/investopedia/article	Investopedia	investopedia-article	investopedia_article	investopedia_article	news-media-research	focused	false
GET	/investopedia/author	Investopedia	investopedia-author	investopedia_author	investopedia_author	news-media-research	focused	false
GET	/investopedia/headlines	Investopedia	investopedia-headlines	investopedia_headlines	investopedia_headlines	news-media-research	focused	false
GET	/investopedia/news	Investopedia	investopedia-news	investopedia_news	investopedia_news	news-media-research	focused	false
GET	/investopedia/sections	Investopedia	investopedia-sections	investopedia_sections	investopedia_sections	news-media-research	focused	false
GET	/iol/article	IOL	iol-article	iol_article	iol_article	news-media-research	focused	false
GET	/iol/author	IOL	iol-author	iol_author	iol_author	news-media-research	focused	false
GET	/iol/headlines	IOL	iol-headlines	iol_headlines	iol_headlines	news-media-research	focused	false
GET	/iol/news	IOL	iol-news	iol_news	iol_news	news-media-research	focused	false
GET	/iol/sections	IOL	iol-sections	iol_sections	iol_sections	news-media-research	focused	false
GET	/irishindependent/article	Irish Independent	irishindependent-article	irishindependent_article	irishindependent_article	news-media-research	focused	false
GET	/irishindependent/author	Irish Independent	irishindependent-author	irishindependent_author	irishindependent_author	news-media-research	focused	false
GET	/irishindependent/headlines	Irish Independent	irishindependent-headlines	irishindependent_headlines	irishindependent_headlines	news-media-research	focused	false
GET	/irishindependent/news	Irish Independent	irishindependent-news	irishindependent_news	irishindependent_news	news-media-research	focused	false
GET	/irishindependent/sections	Irish Independent	irishindependent-sections	irishindependent_sections	irishindependent_sections	news-media-research	focused	false
GET	/irishtimes/article	Irish Times	irishtimes-article	irishtimes_article	irishtimes_article	news-media-research	focused	false
GET	/irishtimes/author	Irish Times	irishtimes-author	irishtimes_author	irishtimes_author	news-media-research	focused	false
GET	/irishtimes/headlines	Irish Times	irishtimes-headlines	irishtimes_headlines	irishtimes_headlines	news-media-research	focused	false
GET	/irishtimes/news	Irish Times	irishtimes-news	irishtimes_news	irishtimes_news	news-media-research	focused	false
GET	/irishtimes/sections	Irish Times	irishtimes-sections	irishtimes_sections	irishtimes_sections	news-media-research	focused	false
GET	/japantimes/article	The Japan Times	japantimes-article	japantimes_article	japantimes_article	news-media-research	focused	false
GET	/japantimes/author	The Japan Times	japantimes-author	japantimes_author	japantimes_author	news-media-research	focused	false
GET	/japantimes/headlines	The Japan Times	japantimes-headlines	japantimes_headlines	japantimes_headlines	news-media-research	focused	false
GET	/japantimes/news	The Japan Times	japantimes-news	japantimes_news	japantimes_news	news-media-research	focused	false
GET	/japantimes/sections	The Japan Times	japantimes-sections	japantimes_sections	japantimes_sections	news-media-research	focused	false
GET	/jcrew/categories	J.Crew	jcrew-categories	jcrew_categories	jcrew_categories	shopify-research	focused	false
GET	/jcrew/category	J.Crew	jcrew-category	jcrew_category	jcrew_category	shopify-research	focused	false
GET	/jcrew/product	J.Crew	jcrew-product	jcrew_product	jcrew_product	shopify-research	focused	false
GET	/jcrew/product/reviews	J.Crew	jcrew-product-reviews	jcrew_product_reviews	jcrew_product_reviews	shopify-research	focused	false
GET	/jcrew/search	J.Crew	jcrew-search	jcrew_search	jcrew_search	shopify-research	focused	false
GET	/jcrew/size-chart	J.Crew	jcrew-size-chart	jcrew_size_chart	jcrew_size_chart	shopify-research	focused	false
GET	/jcrew/stores	J.Crew	jcrew-stores	jcrew_stores	jcrew_stores	shopify-research	focused	false
GET	/jcrew/suggest	J.Crew	jcrew-suggest	jcrew_suggest	jcrew_suggest	shopify-research	focused	false
GET	/jerusalempost/article	Jerusalem Post	jerusalempost-article	jerusalempost_article	jerusalempost_article	news-media-research	focused	false
GET	/jerusalempost/author	Jerusalem Post	jerusalempost-author	jerusalempost_author	jerusalempost_author	news-media-research	focused	false
GET	/jerusalempost/authors	Jerusalem Post	jerusalempost-authors	jerusalempost_authors	jerusalempost_authors	news-media-research	focused	false
GET	/jerusalempost/headlines	Jerusalem Post	jerusalempost-headlines	jerusalempost_headlines	jerusalempost_headlines	news-media-research	focused	false
GET	/jerusalempost/news	Jerusalem Post	jerusalempost-news	jerusalempost_news	jerusalempost_news	news-media-research	focused	false
GET	/jerusalempost/sections	Jerusalem Post	jerusalempost-sections	jerusalempost_sections	jerusalempost_sections	news-media-research	focused	false
GET	/jimmy-johns/menu	JimmyJohns	jimmy-johns-menu	jimmy_johns_menu	jimmy_johns_menu	restaurant-food-delivery-research	focused	false
GET	/jimmy-johns/modifiers	JimmyJohns	jimmy-johns-modifiers	jimmy_johns_modifiers	jimmy_johns_modifiers	restaurant-food-delivery-research	focused	false
GET	/jimmy-johns/nearby	JimmyJohns	jimmy-johns-nearby	jimmy_johns_nearby	jimmy_johns_nearby	restaurant-food-delivery-research	focused	false
GET	/jimmy-johns/sitemap	JimmyJohns	jimmy-johns-sitemap	jimmy_johns_sitemap	jimmy_johns_sitemap	restaurant-food-delivery-research	focused	false
GET	/jimmy-johns/store	JimmyJohns	jimmy-johns-store	jimmy_johns_store	jimmy_johns_store	restaurant-food-delivery-research	focused	false
GET	/jobs/ashby/board	Jobs	jobs-ashby-board	jobs_ashby_board	jobs_ashby_board	ats-job-boards-research, job-market-research	focused	false
GET	/jobs/company-search	Jobs	jobs-company-search	jobs_company_search	jobs_company_search	ats-job-boards-research, job-market-research	focused	false
GET	/jobs/eightfold/board	Jobs	jobs-eightfold-board	jobs_eightfold_board	jobs_eightfold_board	ats-job-boards-research, job-market-research	focused	false
GET	/jobs/eightfold/job	Jobs	jobs-eightfold-job	jobs_eightfold_job	jobs_eightfold_job	ats-job-boards-research, job-market-research	focused	false
GET	/jobs/gem/board	Jobs	jobs-gem-board	jobs_gem_board	jobs_gem_board	ats-job-boards-research, job-market-research	focused	false
GET	/jobs/greenhouse/board	Jobs	jobs-greenhouse-board	jobs_greenhouse_board	jobs_greenhouse_board	ats-job-boards-research, job-market-research	focused	false
GET	/jobs/greenhouse/job	Jobs	jobs-greenhouse-job	jobs_greenhouse_job	jobs_greenhouse_job	ats-job-boards-research, job-market-research	focused	false
GET	/jobs/hiring-signals	Jobs	jobs-hiring-signals	jobs_hiring_signals	jobs_hiring_signals	ats-job-boards-research, job-market-research	focused	false
GET	/jobs/icims/board	Jobs	jobs-icims-board	jobs_icims_board	jobs_icims_board	ats-job-boards-research, job-market-research	focused	false
GET	/jobs/icims/job	Jobs	jobs-icims-job	jobs_icims_job	jobs_icims_job	ats-job-boards-research, job-market-research	focused	false
GET	/jobs/lever/posting	Jobs	jobs-lever-posting	jobs_lever_posting	jobs_lever_posting	ats-job-boards-research, job-market-research	focused	false
GET	/jobs/lever/postings	Jobs	jobs-lever-postings	jobs_lever_postings	jobs_lever_postings	ats-job-boards-research, job-market-research	focused	false
GET	/jobs/oracle/board	Jobs	jobs-oracle-board	jobs_oracle_board	jobs_oracle_board	ats-job-boards-research, job-market-research	focused	false
GET	/jobs/oracle/job	Jobs	jobs-oracle-job	jobs_oracle_job	jobs_oracle_job	ats-job-boards-research, job-market-research	focused	false
GET	/jobs/personio/feed	Jobs	jobs-personio-feed	jobs_personio_feed	jobs_personio_feed	ats-job-boards-research, job-market-research	focused	false
GET	/jobs/phenom/board	Jobs	jobs-phenom-board	jobs_phenom_board	jobs_phenom_board	ats-job-boards-research, job-market-research	focused	false
GET	/jobs/phenom/job	Jobs	jobs-phenom-job	jobs_phenom_job	jobs_phenom_job	ats-job-boards-research, job-market-research	focused	false
GET	/jobs/pinpoint/board	Jobs	jobs-pinpoint-board	jobs_pinpoint_board	jobs_pinpoint_board	ats-job-boards-research, job-market-research	focused	false
GET	/jobs/recruitee/offer	Jobs	jobs-recruitee-offer	jobs_recruitee_offer	jobs_recruitee_offer	ats-job-boards-research, job-market-research	focused	false
GET	/jobs/recruitee/offers	Jobs	jobs-recruitee-offers	jobs_recruitee_offers	jobs_recruitee_offers	ats-job-boards-research, job-market-research	focused	false
GET	/jobs/rippling/board	Jobs	jobs-rippling-board	jobs_rippling_board	jobs_rippling_board	ats-job-boards-research, job-market-research	focused	false
GET	/jobs/rippling/job	Jobs	jobs-rippling-job	jobs_rippling_job	jobs_rippling_job	ats-job-boards-research, job-market-research	focused	false
GET	/jobs/smartrecruiters/posting	Jobs	jobs-smartrecruiters-posting	jobs_smartrecruiters_posting	jobs_smartrecruiters_posting	ats-job-boards-research, job-market-research	focused	false
GET	/jobs/smartrecruiters/postings	Jobs	jobs-smartrecruiters-postings	jobs_smartrecruiters_postings	jobs_smartrecruiters_postings	ats-job-boards-research, job-market-research	focused	false
GET	/jobs/teamtailor/jobs	Jobs	jobs-teamtailor-jobs	jobs_teamtailor_jobs	jobs_teamtailor_jobs	ats-job-boards-research, job-market-research	focused	false
GET	/jobs/ukg/board	Jobs	jobs-ukg-board	jobs_ukg_board	jobs_ukg_board	ats-job-boards-research, job-market-research	focused	false
GET	/jobs/workable/posting	Jobs	jobs-workable-posting	jobs_workable_posting	jobs_workable_posting	ats-job-boards-research, job-market-research	focused	false
GET	/jobs/workable/postings	Jobs	jobs-workable-postings	jobs_workable_postings	jobs_workable_postings	ats-job-boards-research, job-market-research	focused	false
GET	/jobs/workday/board	Jobs	jobs-workday-board	jobs_workday_board	jobs_workday_board	ats-job-boards-research, job-market-research	focused	false
GET	/jobs/workday/job	Jobs	jobs-workday-job	jobs_workday_job	jobs_workday_job	ats-job-boards-research, job-market-research	focused	false
GET	/justeat/restaurant	Just Eat	justeat-restaurant	justeat_restaurant	justeat_restaurant	restaurant-food-delivery-research	focused	false
GET	/justeat/restaurant/menu	Just Eat	justeat-restaurant-menu	justeat_restaurant_menu	justeat_restaurant_menu	restaurant-food-delivery-research	focused	false
GET	/justeat/search	Just Eat	justeat-search	justeat_search	justeat_search	restaurant-food-delivery-research	focused	false
GET	/justeat/search/filters	Just Eat	justeat-search-filters	justeat_search_filters	justeat_search_filters	restaurant-food-delivery-research	focused	false
GET	/justwatch/age-certifications	JustWatch	justwatch-age-certifications	justwatch_age_certifications	justwatch_age_certifications	entertainment-discovery-research, movie-tv-research	focused	false
GET	/justwatch/discover	JustWatch	justwatch-discover	justwatch_discover	justwatch_discover	entertainment-discovery-research, movie-tv-research	focused	false
GET	/justwatch/episode/by-id	JustWatch	justwatch-episode-by-id	justwatch_episode_by_id	justwatch_episode_by_id	entertainment-discovery-research, movie-tv-research	focused	false
GET	/justwatch/episode/offers	JustWatch	justwatch-episode-offers	justwatch_episode_offers	justwatch_episode_offers	entertainment-discovery-research, movie-tv-research	focused	false
GET	/justwatch/genre/titles	JustWatch	justwatch-genre-titles	justwatch_genre_titles	justwatch_genre_titles	entertainment-discovery-research, movie-tv-research	focused	false
GET	/justwatch/genres	JustWatch	justwatch-genres	justwatch_genres	justwatch_genres	entertainment-discovery-research, movie-tv-research	focused	false
GET	/justwatch/monetization/titles	JustWatch	justwatch-monetization-titles	justwatch_monetization_titles	justwatch_monetization_titles	entertainment-discovery-research, movie-tv-research	focused	false
GET	/justwatch/new	JustWatch	justwatch-new	justwatch_new	justwatch_new	entertainment-discovery-research, movie-tv-research	focused	false
GET	/justwatch/popular	JustWatch	justwatch-popular	justwatch_popular	justwatch_popular	entertainment-discovery-research, movie-tv-research	focused	false
GET	/justwatch/provider/titles	JustWatch	justwatch-provider-titles	justwatch_provider_titles	justwatch_provider_titles	entertainment-discovery-research, movie-tv-research	focused	false
GET	/justwatch/providers	JustWatch	justwatch-providers	justwatch_providers	justwatch_providers	entertainment-discovery-research, movie-tv-research	focused	false
GET	/justwatch/search	JustWatch	justwatch-search	justwatch_search	justwatch_search	entertainment-discovery-research, movie-tv-research	focused	false
GET	/justwatch/season/by-id	JustWatch	justwatch-season-by-id	justwatch_season_by_id	justwatch_season_by_id	entertainment-discovery-research, movie-tv-research	focused	false
GET	/justwatch/season/episodes	JustWatch	justwatch-season-episodes	justwatch_season_episodes	justwatch_season_episodes	entertainment-discovery-research, movie-tv-research	focused	false
GET	/justwatch/show/seasons	JustWatch	justwatch-show-seasons	justwatch_show_seasons	justwatch_show_seasons	entertainment-discovery-research, movie-tv-research	focused	false
GET	/justwatch/title	JustWatch	justwatch-title	justwatch_title	justwatch_title	entertainment-discovery-research, movie-tv-research	focused	false
GET	/justwatch/title/analysis	JustWatch	justwatch-title-analysis	justwatch_title_analysis	justwatch_title_analysis	entertainment-discovery-research, movie-tv-research	focused	false
GET	/justwatch/title/by-id	JustWatch	justwatch-title-by-id	justwatch_title_by_id	justwatch_title_by_id	entertainment-discovery-research, movie-tv-research	focused	false
GET	/justwatch/title/media	JustWatch	justwatch-title-media	justwatch_title_media	justwatch_title_media	entertainment-discovery-research, movie-tv-research	focused	false
GET	/justwatch/title/offers	JustWatch	justwatch-title-offers	justwatch_title_offers	justwatch_title_offers	entertainment-discovery-research, movie-tv-research	focused	false
GET	/justwatch/title/similar	JustWatch	justwatch-title-similar	justwatch_title_similar	justwatch_title_similar	entertainment-discovery-research, movie-tv-research	focused	false
GET	/kalshi/event/{event_ticker}	Kalshi	kalshi-event	kalshi_event	kalshi_event	prediction-markets-research	focused	false
GET	/kalshi/event/{event_ticker}/history	Kalshi	kalshi-event-history	kalshi_event_history	kalshi_event_history	prediction-markets-research	focused	false
GET	/kalshi/event/{event_ticker}/metadata	Kalshi	kalshi-event-metadata	kalshi_event_metadata	kalshi_event_metadata	prediction-markets-research	focused	false
GET	/kalshi/events	Kalshi	kalshi-events	kalshi_events	kalshi_events	prediction-markets-research	focused	false
GET	/kalshi/events/multivariate	Kalshi	kalshi-multivariate-events	kalshi_multivariate_events	kalshi_multivariate_events	prediction-markets-research	focused	false
GET	/kalshi/exchange/schedule	Kalshi	kalshi-exchange-schedule	kalshi_exchange_schedule	kalshi_exchange_schedule	prediction-markets-research	focused	false
GET	/kalshi/exchange/status	Kalshi	kalshi-exchange-status	kalshi_exchange_status	kalshi_exchange_status	prediction-markets-research	focused	false
GET	/kalshi/historical/cutoff	Kalshi	kalshi-historical-cutoff	kalshi_historical_cutoff	kalshi_historical_cutoff	prediction-markets-research	focused	false
GET	/kalshi/historical/market/{ticker}	Kalshi	kalshi-historical-market	kalshi_historical_market	kalshi_historical_market	prediction-markets-research	focused	false
GET	/kalshi/historical/market/{ticker}/history	Kalshi	kalshi-historical-market-history	kalshi_historical_market_history	kalshi_historical_market_history	prediction-markets-research	focused	false
GET	/kalshi/historical/markets	Kalshi	kalshi-historical-markets	kalshi_historical_markets	kalshi_historical_markets	prediction-markets-research	focused	false
GET	/kalshi/historical/trades	Kalshi	kalshi-historical-trades	kalshi_historical_trades	kalshi_historical_trades	prediction-markets-research	focused	false
GET	/kalshi/market/{ticker}	Kalshi	kalshi-market	kalshi_market	kalshi_market	prediction-markets-research	focused	false
GET	/kalshi/market/{ticker}/history	Kalshi	kalshi-market-history	kalshi_market_history	kalshi_market_history	prediction-markets-research	focused	false
GET	/kalshi/market/{ticker}/orderbook	Kalshi	kalshi-market-orderbook	kalshi_market_orderbook	kalshi_market_orderbook	prediction-markets-research	focused	false
GET	/kalshi/markets	Kalshi	kalshi-markets	kalshi_markets	kalshi_markets	prediction-markets-research	focused	false
GET	/kalshi/markets/history	Kalshi	kalshi-markets-history	kalshi_markets_history	kalshi_markets_history	prediction-markets-research	focused	false
GET	/kalshi/markets/orderbooks	Kalshi	kalshi-markets-orderbooks	kalshi_markets_orderbooks	kalshi_markets_orderbooks	prediction-markets-research	focused	false
GET	/kalshi/series	Kalshi	kalshi-series	kalshi_series	kalshi_series	prediction-markets-research	focused	false
GET	/kalshi/series/{series_ticker}	Kalshi	kalshi-series-detail	kalshi_series_detail	kalshi_series_detail	prediction-markets-research	focused	false
GET	/kalshi/trades	Kalshi	kalshi-trades	kalshi_trades	kalshi_trades	prediction-markets-research	focused	false
GET	/kfc/delivery-estimate	KFC	kfc-delivery-estimate	kfc_delivery_estimate	kfc_delivery_estimate	restaurant-food-delivery-research	focused	false
GET	/kfc/menu	KFC	kfc-menu	kfc_menu	kfc_menu	restaurant-food-delivery-research	focused	false
GET	/kfc/nearby	KFC	kfc-nearby	kfc_nearby	kfc_nearby	restaurant-food-delivery-research	focused	false
GET	/kfc/promotion	KFC	kfc-promotion	kfc_promotion	kfc_promotion	restaurant-food-delivery-research	focused	false
GET	/kfc/promotions	KFC	kfc-promotions	kfc_promotions	kfc_promotions	restaurant-food-delivery-research	focused	false
GET	/kfc/store	KFC	kfc-store	kfc_store	kfc_store	restaurant-food-delivery-research	focused	false
GET	/kfc/stores	KFC	kfc-stores	kfc_stores	kfc_stores	restaurant-food-delivery-research	focused	false
GET	/khaleejtimes/article	Khaleej Times	khaleejtimes-article	khaleejtimes_article	khaleejtimes_article	news-media-research	focused	false
GET	/khaleejtimes/author	Khaleej Times	khaleejtimes-author	khaleejtimes_author	khaleejtimes_author	news-media-research	focused	false
GET	/khaleejtimes/headlines	Khaleej Times	khaleejtimes-headlines	khaleejtimes_headlines	khaleejtimes_headlines	news-media-research	focused	false
GET	/khaleejtimes/news	Khaleej Times	khaleejtimes-news	khaleejtimes_news	khaleejtimes_news	news-media-research	focused	false
GET	/khaleejtimes/sections	Khaleej Times	khaleejtimes-sections	khaleejtimes_sections	khaleejtimes_sections	news-media-research	focused	false
GET	/kickstarter/comments	Kickstarter	kickstarter-comments	kickstarter_comments	kickstarter_comments	business-review-trust-research, crowdfunding-campaign-research, startup-launch-research	focused	false
GET	/kickstarter/discover	Kickstarter	kickstarter-discover	kickstarter_discover	kickstarter_discover	business-review-trust-research, crowdfunding-campaign-research, startup-launch-research	focused	false
GET	/kickstarter/project	Kickstarter	kickstarter-project	kickstarter_project	kickstarter_project	business-review-trust-research, crowdfunding-campaign-research, startup-launch-research	focused	false
GET	/kickstarter/updates	Kickstarter	kickstarter-updates	kickstarter_updates	kickstarter_updates	business-review-trust-research, crowdfunding-campaign-research, startup-launch-research	focused	false
GET	/kohls/category	Kohl's	kohls-category	kohls_category	kohls_category	kohls-research, product-price-research	focused	false
GET	/kohls/product/reviews	Kohl's	kohls-product-reviews	kohls_product_reviews	kohls_product_reviews	kohls-research, product-price-research	focused	false
GET	/kohls/stores	Kohl's	kohls-stores	kohls_stores	kohls_stores	kohls-research, product-price-research	focused	false
GET	/kohls/suggest	Kohl's	kohls-suggest	kohls_suggest	kohls_suggest	kohls-research, product-price-research	focused	false
GET	/kotaku/article	Kotaku	kotaku-article	kotaku_article	kotaku_article	news-media-research	focused	false
GET	/kotaku/author	Kotaku	kotaku-author	kotaku_author	kotaku_author	news-media-research	focused	false
GET	/kotaku/headlines	Kotaku	kotaku-headlines	kotaku_headlines	kotaku_headlines	news-media-research	focused	false
GET	/kotaku/news	Kotaku	kotaku-news	kotaku_news	kotaku_news	news-media-research	focused	false
GET	/kotaku/sections	Kotaku	kotaku-sections	kotaku_sections	kotaku_sections	news-media-research	focused	false
GET	/kroger/categories	Kroger	kroger-categories	kroger_categories	kroger_categories	restaurant-food-delivery-research	focused	false
GET	/kroger/category	Kroger	kroger-category	kroger_category	kroger_category	restaurant-food-delivery-research	focused	false
GET	/kroger/coupons	Kroger	kroger-coupons	kroger_coupons	kroger_coupons	restaurant-food-delivery-research	focused	false
GET	/kroger/product	Kroger	kroger-product	kroger_product	kroger_product	restaurant-food-delivery-research	focused	false
GET	/kroger/product/reviews	Kroger	kroger-product-reviews	kroger_product_reviews	kroger_product_reviews	restaurant-food-delivery-research	focused	false
GET	/kroger/products	Kroger	kroger-products	kroger_products	kroger_products	restaurant-food-delivery-research	focused	false
GET	/kroger/related-tags	Kroger	kroger-related-tags	kroger_related_tags	kroger_related_tags	restaurant-food-delivery-research	focused	false
GET	/kroger/search	Kroger	kroger-search	kroger_search	kroger_search	restaurant-food-delivery-research	focused	false
GET	/kroger/store	Kroger	kroger-store	kroger_store	kroger_store	restaurant-food-delivery-research	focused	false
GET	/kroger/suggest	Kroger	kroger-suggest	kroger_suggest	kroger_suggest	restaurant-food-delivery-research	focused	false
GET	/kyliecosmetics/collections	Kylie Cosmetics	kyliecosmetics-collections	kyliecosmetics_collections	kyliecosmetics_collections	shopify-research	focused	false
GET	/kyliecosmetics/collections/{handle}/products	Kylie Cosmetics	kyliecosmetics-collection-products	kyliecosmetics_collection_products	kyliecosmetics_collection_products	shopify-research	focused	false
GET	/kyliecosmetics/pages	Kylie Cosmetics	kyliecosmetics-pages	kyliecosmetics_pages	kyliecosmetics_pages	shopify-research	focused	false
GET	/kyliecosmetics/pages/{handle}	Kylie Cosmetics	kyliecosmetics-page	kyliecosmetics_page	kyliecosmetics_page	shopify-research	focused	false
GET	/kyliecosmetics/products	Kylie Cosmetics	kyliecosmetics-products	kyliecosmetics_products	kyliecosmetics_products	shopify-research	focused	false
GET	/kyliecosmetics/products/{handle}	Kylie Cosmetics	kyliecosmetics-product	kyliecosmetics_product	kyliecosmetics_product	shopify-research	focused	false
GET	/kyliecosmetics/products/{handle}/recommendations	Kylie Cosmetics	kyliecosmetics-product-recommendations	kyliecosmetics_product_recommendations	kyliecosmetics_product_recommendations	shopify-research	focused	false
GET	/kyliecosmetics/search/suggest	Kylie Cosmetics	kyliecosmetics-search-suggest	kyliecosmetics_search_suggest	kyliecosmetics_search_suggest	shopify-research	focused	false
GET	/kyliecosmetics/sitemap/urls	Kylie Cosmetics	kyliecosmetics-sitemap-urls	kyliecosmetics_sitemap_urls	kyliecosmetics_sitemap_urls	shopify-research	focused	false
GET	/kyliecosmetics/sitemaps	Kylie Cosmetics	kyliecosmetics-sitemaps	kyliecosmetics_sitemaps	kyliecosmetics_sitemaps	shopify-research	focused	false
GET	/kyliecosmetics/store	Kylie Cosmetics	kyliecosmetics-store	kyliecosmetics_store	kyliecosmetics_store	shopify-research	focused	false
GET	/latimes/article	Los Angeles Times	latimes-article	latimes_article	latimes_article	news-media-research	focused	false
GET	/latimes/author	Los Angeles Times	latimes-author	latimes_author	latimes_author	news-media-research	focused	false
GET	/latimes/headlines	Los Angeles Times	latimes-headlines	latimes_headlines	latimes_headlines	news-media-research	focused	false
GET	/latimes/sections	Los Angeles Times	latimes-sections	latimes_sections	latimes_sections	news-media-research	focused	false
GET	/lazada/categories	Lazada	lazada-categories	lazada_categories	lazada_categories	product-price-research	focused	false
GET	/lazada/category-products	Lazada	lazada-category-products	lazada_category_products	lazada_category_products	product-price-research	focused	false
GET	/lazada/home	Lazada	lazada-home	lazada_home	lazada_home	product-price-research	focused	false
GET	/lazada/product	Lazada	lazada-product	lazada_product	lazada_product	product-price-research	focused	false
GET	/lazada/search	Lazada	lazada-search	lazada_search	lazada_search	product-price-research	focused	false
GET	/leboncoin/listing	Leboncoin	leboncoin-listing	leboncoin_listing	leboncoin_listing	resale-secondhand-research	focused	false
GET	/leboncoin/search	Leboncoin	leboncoin-search	leboncoin_search	leboncoin_search	resale-secondhand-research	focused	false
GET	/letterboxd/film/{slug}	Letterboxd	letterboxd-film	letterboxd_film	letterboxd_film	movie-tv-research	focused	false
GET	/letterboxd/film/{slug}/rating-histogram	Letterboxd	letterboxd-film-rating-histogram	letterboxd_film_rating_histogram	letterboxd_film_rating_histogram	movie-tv-research	focused	false
GET	/letterboxd/film/{slug}/reviews	Letterboxd	letterboxd-film-reviews	letterboxd_film_reviews	letterboxd_film_reviews	movie-tv-research	focused	false
GET	/letterboxd/film/{slug}/similar	Letterboxd	letterboxd-film-similar	letterboxd_film_similar	letterboxd_film_similar	movie-tv-research	focused	false
GET	/letterboxd/member/{username}	Letterboxd	letterboxd-member	letterboxd_member	letterboxd_member	movie-tv-research	focused	false
GET	/letterboxd/person/{slug}	Letterboxd	letterboxd-person	letterboxd_person	letterboxd_person	movie-tv-research	focused	false
GET	/letterboxd/popular	Letterboxd	letterboxd-popular	letterboxd_popular	letterboxd_popular	movie-tv-research	focused	false
GET	/letterboxd/search	Letterboxd	letterboxd-search	letterboxd_search	letterboxd_search	movie-tv-research	focused	false
GET	/linkedin/company/{id}	LinkedIn	linkedin-company	linkedin_company	linkedin_company	linkedin-research, social-media-research	focused	false
GET	/linkedin/product/{id}	LinkedIn	linkedin-product	linkedin_product	linkedin_product	linkedin-research, social-media-research	focused	false
GET	/linkedin/product/categories	LinkedIn	linkedin-product-categories	linkedin_product_categories	linkedin_product_categories	linkedin-research, social-media-research	focused	false
GET	/linkedin/products/search	LinkedIn	linkedin-products-search	linkedin_products_search	linkedin_products_search	linkedin-research, social-media-research	focused	false
GET	/linkedin/showcase/{id}	LinkedIn	linkedin-showcase	linkedin_showcase	linkedin_showcase	linkedin-research, social-media-research	focused	false
GET	/livemint/article	Mint	livemint-article	livemint_article	livemint_article	news-media-research	focused	false
GET	/livemint/author	Mint	livemint-author	livemint_author	livemint_author	news-media-research	focused	false
GET	/livemint/headlines	Mint	livemint-headlines	livemint_headlines	livemint_headlines	news-media-research	focused	false
GET	/livemint/news	Mint	livemint-news	livemint_news	livemint_news	news-media-research	focused	false
GET	/livemint/sections	Mint	livemint-sections	livemint_sections	livemint_sections	news-media-research	focused	false
GET	/liverpoolecho/article	Liverpool Echo	liverpoolecho-article	liverpoolecho_article	liverpoolecho_article	news-media-research	focused	false
GET	/liverpoolecho/author	Liverpool Echo	liverpoolecho-author	liverpoolecho_author	liverpoolecho_author	news-media-research	focused	false
GET	/liverpoolecho/headlines	Liverpool Echo	liverpoolecho-headlines	liverpoolecho_headlines	liverpoolecho_headlines	news-media-research	focused	false
GET	/liverpoolecho/news	Liverpool Echo	liverpoolecho-news	liverpoolecho_news	liverpoolecho_news	news-media-research	focused	false
GET	/liverpoolecho/sections	Liverpool Echo	liverpoolecho-sections	liverpoolecho_sections	liverpoolecho_sections	news-media-research	focused	false
GET	/livescience/article	Live Science	livescience-article	livescience_article	livescience_article	news-media-research	focused	false
GET	/livescience/author	Live Science	livescience-author	livescience_author	livescience_author	news-media-research	focused	false
GET	/livescience/headlines	Live Science	livescience-headlines	livescience_headlines	livescience_headlines	news-media-research	focused	false
GET	/livescience/news	Live Science	livescience-news	livescience_news	livescience_news	news-media-research	focused	false
GET	/livescience/sections	Live Science	livescience-sections	livescience_sections	livescience_sections	news-media-research	focused	false
GET	/livescore/competition	LiveScore	livescore-competition	livescore_competition	livescore_competition	multi-sport-match-research	focused	false
GET	/livescore/competitions	LiveScore	livescore-competitions	livescore_competitions	livescore_competitions	multi-sport-match-research	focused	false
GET	/livescore/live-scores	LiveScore	livescore-live-scores	livescore_live_scores	livescore_live_scores	multi-sport-match-research	focused	false
GET	/livescore/match	LiveScore	livescore-match	livescore_match	livescore_match	multi-sport-match-research	focused	false
GET	/livescore/match-stats	LiveScore	livescore-match-stats	livescore_match_stats	livescore_match_stats	multi-sport-match-research	focused	false
GET	/livescore/news	LiveScore	livescore-news	livescore_news	livescore_news	multi-sport-match-research	focused	false
GET	/livescore/news-article	LiveScore	livescore-news-article	livescore_news_article	livescore_news_article	multi-sport-match-research	focused	false
GET	/livescore/news-categories	LiveScore	livescore-news-categories	livescore_news_categories	livescore_news_categories	multi-sport-match-research	focused	false
GET	/livescore/news-feed	LiveScore	livescore-news-feed	livescore_news_feed	livescore_news_feed	multi-sport-match-research	focused	false
GET	/livescore/news-publishers	LiveScore	livescore-news-publishers	livescore_news_publishers	livescore_news_publishers	multi-sport-match-research	focused	false
GET	/livescore/player	LiveScore	livescore-player	livescore_player	livescore_player	multi-sport-match-research	focused	false
GET	/livescore/scores	LiveScore	livescore-scores	livescore_scores	livescore_scores	multi-sport-match-research	focused	false
GET	/livescore/scores-toc	LiveScore	livescore-scores-toc	livescore_scores_toc	livescore_scores_toc	multi-sport-match-research	focused	false
GET	/livescore/search	LiveScore	livescore-search	livescore_search	livescore_search	multi-sport-match-research	focused	false
GET	/livescore/sports	LiveScore	livescore-sports	livescore_sports	livescore_sports	multi-sport-match-research	focused	false
GET	/livescore/team	LiveScore	livescore-team	livescore_team	livescore_team	multi-sport-match-research	focused	false
GET	/lululemon/categories	Lululemon	lululemon-categories	lululemon_categories	lululemon_categories	lululemon-research, product-price-research	focused	false
GET	/lululemon/category	Lululemon	lululemon-category	lululemon_category	lululemon_category	lululemon-research, product-price-research	focused	false
GET	/lululemon/outfit	Lululemon	lululemon-outfit	lululemon_outfit	lululemon_outfit	lululemon-research, product-price-research	focused	false
GET	/lululemon/product/{product_id}	Lululemon	lululemon-product	lululemon_product	lululemon_product	lululemon-research, product-price-research	focused	false
GET	/lululemon/stores	Lululemon	lululemon-stores	lululemon_stores	lululemon_stores	lululemon-research, product-price-research	focused	false
GET	/macrumors/article	MacRumors	macrumors-article	macrumors_article	macrumors_article	news-media-research	focused	false
GET	/macrumors/author	MacRumors	macrumors-author	macrumors_author	macrumors_author	news-media-research	focused	false
GET	/macrumors/headlines	MacRumors	macrumors-headlines	macrumors_headlines	macrumors_headlines	news-media-research	focused	false
GET	/macrumors/news	MacRumors	macrumors-news	macrumors_news	macrumors_news	news-media-research	focused	false
GET	/macrumors/sections	MacRumors	macrumors-sections	macrumors_sections	macrumors_sections	news-media-research	focused	false
GET	/macys/product/{productId}	Macy's	macys-product	macys_product	macys_product	macys-research, product-price-research	focused	false
GET	/macys/product/reviews	Macy's	macys-product-reviews	macys_product_reviews	macys_product_reviews	macys-research, product-price-research	focused	false
GET	/macys/suggest	Macy's	macys-suggest	macys_suggest	macys_suggest	macys-research, product-price-research	focused	false
GET	/makeuseof/article	MakeUseOf	makeuseof-article	makeuseof_article	makeuseof_article	news-media-research	focused	false
GET	/makeuseof/author	MakeUseOf	makeuseof-author	makeuseof_author	makeuseof_author	news-media-research	focused	false
GET	/makeuseof/headlines	MakeUseOf	makeuseof-headlines	makeuseof_headlines	makeuseof_headlines	news-media-research	focused	false
GET	/makeuseof/news	MakeUseOf	makeuseof-news	makeuseof_news	makeuseof_news	news-media-research	focused	false
GET	/makeuseof/sections	MakeUseOf	makeuseof-sections	makeuseof_sections	makeuseof_sections	news-media-research	focused	false
GET	/malaymail/article	Malay Mail	malaymail-article	malaymail_article	malaymail_article	news-media-research	focused	false
GET	/malaymail/headlines	Malay Mail	malaymail-headlines	malaymail_headlines	malaymail_headlines	news-media-research	focused	false
GET	/malaymail/news	Malay Mail	malaymail-news	malaymail_news	malaymail_news	news-media-research	focused	false
GET	/malaymail/sections	Malay Mail	malaymail-sections	malaymail_sections	malaymail_sections	news-media-research	focused	false
GET	/manga/rankings	Manga	manga-rankings	manga_rankings	manga_rankings	anime-manga-research	focused	false
GET	/manga/search	Manga	manga-search	manga_search	manga_search	anime-manga-research	focused	false
GET	/manga/title/{id}	Manga	manga-title	manga_title	manga_title	anime-manga-research	focused	false
GET	/manga/title/{id}/characters	Manga	manga-title-characters	manga_title_characters	manga_title_characters	anime-manga-research	focused	false
GET	/manga/title/{id}/recommendations	Manga	manga-title-recommendations	manga_title_recommendations	manga_title_recommendations	anime-manga-research	focused	false
GET	/manga/title/{id}/staff	Manga	manga-title-staff	manga_title_staff	manga_title_staff	anime-manga-research	focused	false
GET	/marketwatch/article	MarketWatch	marketwatch-article	marketwatch_article	marketwatch_article	news-media-research	focused	false
GET	/marketwatch/author	MarketWatch	marketwatch-author	marketwatch_author	marketwatch_author	news-media-research	focused	false
GET	/marketwatch/headlines	MarketWatch	marketwatch-headlines	marketwatch_headlines	marketwatch_headlines	news-media-research	focused	false
GET	/marketwatch/news	MarketWatch	marketwatch-news	marketwatch_news	marketwatch_news	news-media-research	focused	false
GET	/marketwatch/sections	MarketWatch	marketwatch-sections	marketwatch_sections	marketwatch_sections	news-media-research	focused	false
GET	/mashable/article	Mashable	mashable-article	mashable_article	mashable_article	news-media-research	focused	false
GET	/mashable/author	Mashable	mashable-author	mashable_author	mashable_author	news-media-research	focused	false
GET	/mashable/headlines	Mashable	mashable-headlines	mashable_headlines	mashable_headlines	news-media-research	focused	false
GET	/mashable/news	Mashable	mashable-news	mashable_news	mashable_news	news-media-research	focused	false
GET	/mashable/sections	Mashable	mashable-sections	mashable_sections	mashable_sections	news-media-research	focused	false
GET	/mcdonalds/categories	McDonalds	mcdonalds-categories	mcdonalds_categories	mcdonalds_categories	restaurant-food-delivery-research, restaurant-menu-benchmarking	focused	false
GET	/mcdonalds/item	McDonalds	mcdonalds-item	mcdonalds_item	mcdonalds_item	restaurant-food-delivery-research	focused	false
GET	/mcdonalds/item-list	McDonalds	mcdonalds-item-list	mcdonalds_item_list	mcdonalds_item_list	restaurant-food-delivery-research	focused	false
GET	/mcdonalds/menu	McDonalds	mcdonalds-menu	mcdonalds_menu	mcdonalds_menu	restaurant-food-delivery-research, restaurant-menu-benchmarking	focused	false
GET	/mcdonalds/restaurant-menu	McDonalds	mcdonalds-restaurant-menu	mcdonalds_restaurant_menu	mcdonalds_restaurant_menu	restaurant-food-delivery-research	focused	false
GET	/mcdonalds/restaurants	McDonalds	mcdonalds-restaurants	mcdonalds_restaurants	mcdonalds_restaurants	restaurant-food-delivery-research	focused	false
GET	/mediaite/article	Mediaite	mediaite-article	mediaite_article	mediaite_article	news-media-research	focused	false
GET	/mediaite/author	Mediaite	mediaite-author	mediaite_author	mediaite_author	news-media-research	focused	false
GET	/mediaite/headlines	Mediaite	mediaite-headlines	mediaite_headlines	mediaite_headlines	news-media-research	focused	false
GET	/mediaite/news	Mediaite	mediaite-news	mediaite_news	mediaite_news	news-media-research	focused	false
GET	/mediaite/sections	Mediaite	mediaite-sections	mediaite_sections	mediaite_sections	news-media-research	focused	false
GET	/medicalnewstoday/article	Medical News Today	medicalnewstoday-article	medicalnewstoday_article	medicalnewstoday_article	news-media-research	focused	false
GET	/medicalnewstoday/author	Medical News Today	medicalnewstoday-author	medicalnewstoday_author	medicalnewstoday_author	news-media-research	focused	false
GET	/medicalnewstoday/headlines	Medical News Today	medicalnewstoday-headlines	medicalnewstoday_headlines	medicalnewstoday_headlines	news-media-research	focused	false
GET	/medicalnewstoday/news	Medical News Today	medicalnewstoday-news	medicalnewstoday_news	medicalnewstoday_news	news-media-research	focused	false
GET	/medicalnewstoday/sections	Medical News Today	medicalnewstoday-sections	medicalnewstoday_sections	medicalnewstoday_sections	news-media-research	focused	false
GET	/men/article	Manchester Evening News	men-article	men_article	men_article	news-media-research	focused	false
GET	/men/author	Manchester Evening News	men-author	men_author	men_author	news-media-research	focused	false
GET	/men/headlines	Manchester Evening News	men-headlines	men_headlines	men_headlines	news-media-research	focused	false
GET	/men/news	Manchester Evening News	men-news	men_news	men_news	news-media-research	focused	false
GET	/men/sections	Manchester Evening News	men-sections	men_sections	men_sections	news-media-research	focused	false
GET	/mercari/autocomplete	Mercari	mercari-autocomplete	mercari_autocomplete	mercari_autocomplete	resale-secondhand-research	focused	false
GET	/mercari/home	Mercari	mercari-home	mercari_home	mercari_home	resale-secondhand-research	focused	false
GET	/mercari/item/{id}	Mercari	mercari-item	mercari_item	mercari_item	resale-secondhand-research	focused	false
GET	/mercari/master	Mercari	mercari-master	mercari_master	mercari_master	resale-secondhand-research	focused	false
GET	/mercari/search	Mercari	mercari-search	mercari_search	mercari_search	resale-secondhand-research	focused	false
GET	/meta-jobs/job	Meta Jobs	meta-jobs-job	meta_jobs_job	meta_jobs_job	job-market-research, meta-jobs-research	focused	false
GET	/meta-jobs/list	Meta Jobs	meta-jobs-list	meta_jobs_list	meta_jobs_list	job-market-research, meta-jobs-research	focused	false
GET	/meta-jobs/search	Meta Jobs	meta-jobs-search	meta_jobs_search	meta_jobs_search	job-market-research, meta-jobs-research	focused	false
GET	/metacritic/browse	Metacritic	metacritic-browse	metacritic_browse	metacritic_browse	entertainment-discovery-research, movie-tv-research	focused	false
GET	/metacritic/game/{slug}	Metacritic	metacritic-game	metacritic_game	metacritic_game	entertainment-discovery-research, movie-tv-research	focused	false
GET	/metacritic/game/{slug}/critic-reviews	Metacritic	metacritic-game-critic-reviews	metacritic_game_critic_reviews	metacritic_game_critic_reviews	entertainment-discovery-research, movie-tv-research	focused	false
GET	/metacritic/game/{slug}/user-reviews	Metacritic	metacritic-game-user-reviews	metacritic_game_user_reviews	metacritic_game_user_reviews	entertainment-discovery-research, movie-tv-research	focused	false
GET	/metacritic/movie/{slug}	Metacritic	metacritic-movie	metacritic_movie	metacritic_movie	entertainment-discovery-research, movie-tv-research	focused	false
GET	/metacritic/movie/{slug}/critic-reviews	Metacritic	metacritic-movie-critic-reviews	metacritic_movie_critic_reviews	metacritic_movie_critic_reviews	entertainment-discovery-research, movie-tv-research	focused	false
GET	/metacritic/movie/{slug}/user-reviews	Metacritic	metacritic-movie-user-reviews	metacritic_movie_user_reviews	metacritic_movie_user_reviews	entertainment-discovery-research, movie-tv-research	focused	false
GET	/metacritic/tv/{slug}	Metacritic	metacritic-tv	metacritic_tv	metacritic_tv	entertainment-discovery-research, movie-tv-research	focused	false
GET	/metacritic/tv/{slug}/critic-reviews	Metacritic	metacritic-tv-critic-reviews	metacritic_tv_critic_reviews	metacritic_tv_critic_reviews	entertainment-discovery-research, movie-tv-research	focused	false
GET	/metacritic/tv/{slug}/user-reviews	Metacritic	metacritic-tv-user-reviews	metacritic_tv_user_reviews	metacritic_tv_user_reviews	entertainment-discovery-research, movie-tv-research	focused	false
GET	/metaculus/category/{slug}/questions	Metaculus	metaculus-category-questions	metaculus_category_questions	metaculus_category_questions	prediction-markets-research	focused	false
GET	/metaculus/comments-feed	Metaculus	metaculus-comments-feed	metaculus_comments_feed	metaculus_comments_feed	prediction-markets-research	focused	false
GET	/metaculus/project/{slug}/questions	Metaculus	metaculus-project-questions	metaculus_project_questions	metaculus_project_questions	prediction-markets-research	focused	false
GET	/metaculus/question/{id}	Metaculus	metaculus-question	metaculus_question	metaculus_question	prediction-markets-research	focused	false
GET	/metaculus/question/{id}/forecast-history	Metaculus	metaculus-question-forecast-history	metaculus_question_forecast_history	metaculus_question_forecast_history	prediction-markets-research	focused	false
GET	/metaculus/question/{id}/forecasts	Metaculus	metaculus-question-forecasts	metaculus_question_forecasts	metaculus_question_forecasts	prediction-markets-research	focused	false
GET	/metaculus/question/{id}/metadata	Metaculus	metaculus-question-metadata	metaculus_question_metadata	metaculus_question_metadata	prediction-markets-research	focused	false
GET	/metaculus/question/{id}/options	Metaculus	metaculus-question-options	metaculus_question_options	metaculus_question_options	prediction-markets-research	focused	false
GET	/metaculus/questions	Metaculus	metaculus-questions	metaculus_questions	metaculus_questions	prediction-markets-research	focused	false
GET	/metaculus/top-comments	Metaculus	metaculus-top-comments	metaculus_top_comments	metaculus_top_comments	prediction-markets-research	focused	false
GET	/metaculus/tournament/{slug}/questions	Metaculus	metaculus-tournament-questions	metaculus_tournament_questions	metaculus_tournament_questions	prediction-markets-research	focused	false
GET	/metro/article	Metro	metro-article	metro_article	metro_article	news-media-research	focused	false
GET	/metro/author	Metro	metro-author	metro_author	metro_author	news-media-research	focused	false
GET	/metro/headlines	Metro	metro-headlines	metro_headlines	metro_headlines	news-media-research	focused	false
GET	/metro/news	Metro	metro-news	metro_news	metro_news	news-media-research	focused	false
GET	/metro/sections	Metro	metro-sections	metro_sections	metro_sections	news-media-research	focused	false
GET	/microsoftstore/categories	Microsoft Store	microsoftstore-categories	microsoftstore_categories	microsoftstore_categories	microsoft-store-research	focused	false
GET	/microsoftstore/category	Microsoft Store	microsoftstore-category	microsoftstore_category	microsoftstore_category	microsoft-store-research	focused	false
GET	/microsoftstore/charts	Microsoft Store	microsoftstore-charts	microsoftstore_charts	microsoftstore_charts	microsoft-store-research	focused	false
GET	/microsoftstore/editorial	Microsoft Store	microsoftstore-editorial	microsoftstore_editorial	microsoftstore_editorial	microsoft-store-research	focused	false
GET	/microsoftstore/events	Microsoft Store	microsoftstore-events	microsoftstore_events	microsoftstore_events	microsoft-store-research	focused	false
GET	/microsoftstore/product	Microsoft Store	microsoftstore-product	microsoftstore_product	microsoftstore_product	microsoft-store-research	focused	false
GET	/microsoftstore/publisher	Microsoft Store	microsoftstore-publisher	microsoftstore_publisher	microsoftstore_publisher	microsoft-store-research	focused	false
GET	/microsoftstore/recommended	Microsoft Store	microsoftstore-recommended	microsoftstore_recommended	microsoftstore_recommended	microsoft-store-research	focused	false
GET	/microsoftstore/related	Microsoft Store	microsoftstore-related	microsoftstore_related	microsoftstore_related	microsoft-store-research	focused	false
GET	/microsoftstore/reviews	Microsoft Store	microsoftstore-reviews	microsoftstore_reviews	microsoftstore_reviews	microsoft-store-research	focused	false
GET	/microsoftstore/reviews/summary	Microsoft Store	microsoftstore-reviews-summary	microsoftstore_reviews_summary	microsoftstore_reviews_summary	microsoft-store-research	focused	false
GET	/microsoftstore/search	Microsoft Store	microsoftstore-search	microsoftstore_search	microsoftstore_search	microsoft-store-research	focused	false
GET	/microsoftstore/spotlight	Microsoft Store	microsoftstore-spotlight	microsoftstore_spotlight	microsoftstore_spotlight	microsoft-store-research	focused	false
GET	/microsoftstore/suggest	Microsoft Store	microsoftstore-suggest	microsoftstore_suggest	microsoftstore_suggest	microsoft-store-research	focused	false
GET	/mirror/article	Mirror	mirror-article	mirror_article	mirror_article	news-media-research	focused	false
GET	/mirror/author	Mirror	mirror-author	mirror_author	mirror_author	news-media-research	focused	false
GET	/mirror/headlines	Mirror	mirror-headlines	mirror_headlines	mirror_headlines	news-media-research	focused	false
GET	/mirror/news	Mirror	mirror-news	mirror_news	mirror_news	news-media-research	focused	false
GET	/mirror/sections	Mirror	mirror-sections	mirror_sections	mirror_sections	news-media-research	focused	false
GET	/mlb/discovery	MLB	mlb-discovery	mlb_discovery	mlb_discovery	sports-scores-research	focused	false
GET	/mlb/editorial-feed	MLB	mlb-editorial-feed	mlb_editorial_feed	mlb_editorial_feed	sports-scores-research	focused	false
GET	/mlb/game	MLB	mlb-game	mlb_game	mlb_game	sports-scores-research	focused	false
GET	/mlb/game-boxscore	MLB	mlb-game-boxscore	mlb_game_boxscore	mlb_game_boxscore	sports-scores-research	focused	false
GET	/mlb/game-play-by-play	MLB	mlb-game-play-by-play	mlb_game_play_by_play	mlb_game_play_by_play	sports-scores-research	focused	false
GET	/mlb/league-leaders	MLB	mlb-league-leaders	mlb_league_leaders	mlb_league_leaders	sports-scores-research	focused	false
GET	/mlb/league-stats	MLB	mlb-league-stats	mlb_league_stats	mlb_league_stats	sports-scores-research	focused	false
GET	/mlb/player	MLB	mlb-player	mlb_player	mlb_player	sports-scores-research	focused	false
GET	/mlb/player-stats	MLB	mlb-player-stats	mlb_player_stats	mlb_player_stats	sports-scores-research	focused	false
GET	/mlb/prospect-rankings	MLB	mlb-prospect-rankings	mlb_prospect_rankings	mlb_prospect_rankings	sports-scores-research	focused	false
GET	/mlb/prospect-stats	MLB	mlb-prospect-stats	mlb_prospect_stats	mlb_prospect_stats	sports-scores-research	focused	false
GET	/mlb/schedule	MLB	mlb-schedule	mlb_schedule	mlb_schedule	sports-scores-research	focused	false
GET	/mlb/search	MLB	mlb-search	mlb_search	mlb_search	sports-scores-research	focused	false
GET	/mlb/standings	MLB	mlb-standings	mlb_standings	mlb_standings	sports-scores-research	focused	false
GET	/mlb/statcast-abs-challenges	MLB	mlb-statcast-abs-challenges	mlb_statcast_abs_challenges	mlb_statcast_abs_challenges	sports-scores-research	focused	false
GET	/mlb/statcast-active-spin	MLB	mlb-statcast-active-spin	mlb_statcast_active_spin	mlb_statcast_active_spin	sports-scores-research	focused	false
GET	/mlb/statcast-arm-angle	MLB	mlb-statcast-arm-angle	mlb_statcast_arm_angle	mlb_statcast_arm_angle	sports-scores-research	focused	false
GET	/mlb/statcast-arm-strength	MLB	mlb-statcast-arm-strength	mlb_statcast_arm_strength	mlb_statcast_arm_strength	sports-scores-research	focused	false
GET	/mlb/statcast-arm-strength-player	MLB	mlb-statcast-arm-strength-player	mlb_statcast_arm_strength_player	mlb_statcast_arm_strength_player	sports-scores-research	focused	false
GET	/mlb/statcast-arm-value	MLB	mlb-statcast-arm-value	mlb_statcast_arm_value	mlb_statcast_arm_value	sports-scores-research	focused	false
GET	/mlb/statcast-arm-value-details	MLB	mlb-statcast-arm-value-details	mlb_statcast_arm_value_details	mlb_statcast_arm_value_details	sports-scores-research	focused	false
GET	/mlb/statcast-baserunning	MLB	mlb-statcast-baserunning	mlb_statcast_baserunning	mlb_statcast_baserunning	sports-scores-research	focused	false
GET	/mlb/statcast-bat-tracking	MLB	mlb-statcast-bat-tracking	mlb_statcast_bat_tracking	mlb_statcast_bat_tracking	sports-scores-research	focused	false
GET	/mlb/statcast-batted-ball	MLB	mlb-statcast-batted-ball	mlb_statcast_batted_ball	mlb_statcast_batted_ball	sports-scores-research	focused	false
GET	/mlb/statcast-birthday-index	MLB	mlb-statcast-birthday-index	mlb_statcast_birthday_index	mlb_statcast_birthday_index	sports-scores-research	focused	false
GET	/mlb/statcast-catcher-blocking	MLB	mlb-statcast-catcher-blocking	mlb_statcast_catcher_blocking	mlb_statcast_catcher_blocking	sports-scores-research	focused	false
GET	/mlb/statcast-catcher-blocking-details	MLB	mlb-statcast-catcher-blocking-details	mlb_statcast_catcher_blocking_details	mlb_statcast_catcher_blocking_details	sports-scores-research	focused	false
GET	/mlb/statcast-catcher-framing	MLB	mlb-statcast-catcher-framing	mlb_statcast_catcher_framing	mlb_statcast_catcher_framing	sports-scores-research	focused	false
GET	/mlb/statcast-catcher-framing-details	MLB	mlb-statcast-catcher-framing-details	mlb_statcast_catcher_framing_details	mlb_statcast_catcher_framing_details	sports-scores-research	focused	false
GET	/mlb/statcast-catcher-pop-time	MLB	mlb-statcast-catcher-pop-time	mlb_statcast_catcher_pop_time	mlb_statcast_catcher_pop_time	sports-scores-research	focused	false
GET	/mlb/statcast-catcher-stance	MLB	mlb-statcast-catcher-stance	mlb_statcast_catcher_stance	mlb_statcast_catcher_stance	sports-scores-research	focused	false
GET	/mlb/statcast-catcher-throwing	MLB	mlb-statcast-catcher-throwing	mlb_statcast_catcher_throwing	mlb_statcast_catcher_throwing	sports-scores-research	focused	false
GET	/mlb/statcast-catcher-throwing-details	MLB	mlb-statcast-catcher-throwing-details	mlb_statcast_catcher_throwing_details	mlb_statcast_catcher_throwing_details	sports-scores-research	focused	false
GET	/mlb/statcast-expected	MLB	mlb-statcast-expected	mlb_statcast_expected	mlb_statcast_expected	sports-scores-research	focused	false
GET	/mlb/statcast-fielding-run-value	MLB	mlb-statcast-fielding-run-value	mlb_statcast_fielding_run_value	mlb_statcast_fielding_run_value	sports-scores-research	focused	false
GET	/mlb/statcast-first-base-receiving	MLB	mlb-statcast-first-base-receiving	mlb_statcast_first_base_receiving	mlb_statcast_first_base_receiving	sports-scores-research	focused	false
GET	/mlb/statcast-first-base-receiving-details	MLB	mlb-statcast-first-base-receiving-details	mlb_statcast_first_base_receiving_details	mlb_statcast_first_base_receiving_details	sports-scores-research	focused	false
GET	/mlb/statcast-home-runs	MLB	mlb-statcast-home-runs	mlb_statcast_home_runs	mlb_statcast_home_runs	sports-scores-research	focused	false
GET	/mlb/statcast-home-runs-details	MLB	mlb-statcast-home-runs-details	mlb_statcast_home_runs_details	mlb_statcast_home_runs_details	sports-scores-research	focused	false
GET	/mlb/statcast-leaders	MLB	mlb-statcast	mlb_statcast	mlb_statcast	sports-scores-research	focused	false
GET	/mlb/statcast-oaa	MLB	mlb-statcast-oaa	mlb_statcast_oaa	mlb_statcast_oaa	sports-scores-research	focused	false
GET	/mlb/statcast-park-factors	MLB	mlb-statcast-park-factors	mlb_statcast_park_factors	mlb_statcast_park_factors	sports-scores-research	focused	false
GET	/mlb/statcast-percentile	MLB	mlb-statcast-percentile	mlb_statcast_percentile	mlb_statcast_percentile	sports-scores-research	focused	false
GET	/mlb/statcast-pitch-arsenal	MLB	mlb-statcast-pitch-arsenal	mlb_statcast_pitch_arsenal	mlb_statcast_pitch_arsenal	sports-scores-research	focused	false
GET	/mlb/statcast-pitch-arsenal-details	MLB	mlb-statcast-pitch-arsenal-details	mlb_statcast_pitch_arsenal_details	mlb_statcast_pitch_arsenal_details	sports-scores-research	focused	false
GET	/mlb/statcast-pitch-arsenals	MLB	mlb-statcast-pitch-arsenals	mlb_statcast_pitch_arsenals	mlb_statcast_pitch_arsenals	sports-scores-research	focused	false
GET	/mlb/statcast-pitch-movement	MLB	mlb-statcast-pitch-movement	mlb_statcast_pitch_movement	mlb_statcast_pitch_movement	sports-scores-research	focused	false
GET	/mlb/statcast-pitch-tempo	MLB	mlb-statcast-pitch-tempo	mlb_statcast_pitch_tempo	mlb_statcast_pitch_tempo	sports-scores-research	focused	false
GET	/mlb/statcast-pitch-tempo-player	MLB	mlb-statcast-pitch-tempo-player	mlb_statcast_pitch_tempo_player	mlb_statcast_pitch_tempo_player	sports-scores-research	focused	false
GET	/mlb/statcast-pitch-timer	MLB	mlb-statcast-pitch-timer	mlb_statcast_pitch_timer	mlb_statcast_pitch_timer	sports-scores-research	focused	false
GET	/mlb/statcast-player-details	MLB	mlb-statcast-player-details	mlb_statcast_player_details	mlb_statcast_player_details	sports-scores-research	focused	false
GET	/mlb/statcast-rolling	MLB	mlb-statcast-rolling	mlb_statcast_rolling	mlb_statcast_rolling	sports-scores-research	focused	false
GET	/mlb/statcast-run-value	MLB	mlb-statcast-run-value	mlb_statcast_run_value	mlb_statcast_run_value	sports-scores-research	focused	false
GET	/mlb/statcast-running-game	MLB	mlb-statcast-running-game	mlb_statcast_running_game	mlb_statcast_running_game	sports-scores-research	focused	false
GET	/mlb/statcast-running-game-details	MLB	mlb-statcast-running-game-details	mlb_statcast_running_game_details	mlb_statcast_running_game_details	sports-scores-research	focused	false
GET	/mlb/statcast-sprint-speed	MLB	mlb-statcast-sprint-speed	mlb_statcast_sprint_speed	mlb_statcast_sprint_speed	sports-scores-research	focused	false
GET	/mlb/statcast-sprint-speed-teams	MLB	mlb-statcast-sprint-speed-teams	mlb_statcast_sprint_speed_teams	mlb_statcast_sprint_speed_teams	sports-scores-research	focused	false
GET	/mlb/statcast-swing-path	MLB	mlb-statcast-swing-path	mlb_statcast_swing_path	mlb_statcast_swing_path	sports-scores-research	focused	false
GET	/mlb/statcast-swing-timing	MLB	mlb-statcast-swing-timing	mlb_statcast_swing_timing	mlb_statcast_swing_timing	sports-scores-research	focused	false
GET	/mlb/statcast-swing-timing-details	MLB	mlb-statcast-swing-timing-details	mlb_statcast_swing_timing_details	mlb_statcast_swing_timing_details	sports-scores-research	focused	false
GET	/mlb/statcast-top-performers	MLB	mlb-statcast-top-performers	mlb_statcast_top_performers	mlb_statcast_top_performers	sports-scores-research	focused	false
GET	/mlb/statcast-year-to-year	MLB	mlb-statcast-year-to-year	mlb_statcast_year_to_year	mlb_statcast_year_to_year	sports-scores-research	focused	false
GET	/mlb/team-roster	MLB	mlb-team-roster	mlb_team_roster	mlb_team_roster	sports-scores-research	focused	false
GET	/mlb/team-stats	MLB	mlb-team-stats	mlb_team_stats	mlb_team_stats	sports-scores-research	focused	false
GET	/mlb/teams	MLB	mlb-teams	mlb_teams	mlb_teams	sports-scores-research	focused	false
GET	/mlb/transactions	MLB	mlb-transactions	mlb_transactions	mlb_transactions	sports-scores-research	focused	false
GET	/mlive/news	MLive	mlive-news	mlive_news	mlive_news	news-media-research	focused	false
GET	/modaoperandi/categories	Moda Operandi	modaoperandi-categories	modaoperandi_categories	modaoperandi_categories	luxury-resale-research	focused	false
GET	/modaoperandi/designers	Moda Operandi	modaoperandi-designers	modaoperandi_designers	modaoperandi_designers	luxury-resale-research	focused	false
GET	/modaoperandi/product	Moda Operandi	modaoperandi-product	modaoperandi_product	modaoperandi_product	luxury-resale-research	focused	false
GET	/modaoperandi/search	Moda Operandi	modaoperandi-search	modaoperandi_search	modaoperandi_search	luxury-resale-research	focused	false
GET	/moncler/categories	Moncler	moncler-categories	moncler_categories	moncler_categories	luxury-resale-research	focused	false
GET	/moncler/category	Moncler	moncler-category	moncler_category	moncler_category	luxury-resale-research	focused	false
GET	/moncler/product	Moncler	moncler-product	moncler_product	moncler_product	luxury-resale-research	focused	false
GET	/moncler/search	Moncler	moncler-search	moncler_search	moncler_search	luxury-resale-research	focused	false
GET	/moncler/stores	Moncler	moncler-stores	moncler_stores	moncler_stores	luxury-resale-research	focused	false
GET	/moncler/suggest	Moncler	moncler-suggest	moncler_suggest	moncler_suggest	luxury-resale-research	focused	false
GET	/moneycontrol/article	Moneycontrol	moneycontrol-article	moneycontrol_article	moneycontrol_article	news-media-research	focused	false
GET	/moneycontrol/author	Moneycontrol	moneycontrol-author	moneycontrol_author	moneycontrol_author	news-media-research	focused	false
GET	/moneycontrol/headlines	Moneycontrol	moneycontrol-headlines	moneycontrol_headlines	moneycontrol_headlines	news-media-research	focused	false
GET	/moneycontrol/news	Moneycontrol	moneycontrol-news	moneycontrol_news	moneycontrol_news	news-media-research	focused	false
GET	/moneycontrol/sections	Moneycontrol	moneycontrol-sections	moneycontrol_sections	moneycontrol_sections	news-media-research	focused	false
GET	/monitors	Monitors	monitors-list	monitors_list	monitors_list	website-monitoring	focused	false
POST	/monitors	Monitors	monitors-create	monitors_create	monitors_create	website-monitoring	focused	false
DELETE	/monitors/{id}	Monitors	monitors-delete	monitors_delete	monitors_delete	website-monitoring	focused	false
GET	/monitors/{id}	Monitors	monitors-get	monitors_get	monitors_get	website-monitoring	focused	false
PATCH	/monitors/{id}	Monitors	monitors-update	monitors_update	monitors_update	website-monitoring	focused	false
GET	/monitors/{id}/checks	Monitors	monitors-checks	monitors_checks	monitors_checks	website-monitoring	focused	false
GET	/motleyfool/article	The Motley Fool	motleyfool-article	motleyfool_article	motleyfool_article	news-media-research	focused	false
GET	/motleyfool/author	The Motley Fool	motleyfool-author	motleyfool_author	motleyfool_author	news-media-research	focused	false
GET	/motleyfool/headlines	The Motley Fool	motleyfool-headlines	motleyfool_headlines	motleyfool_headlines	news-media-research	focused	false
GET	/motleyfool/news	The Motley Fool	motleyfool-news	motleyfool_news	motleyfool_news	news-media-research	focused	false
GET	/motleyfool/sections	The Motley Fool	motleyfool-sections	motleyfool_sections	motleyfool_sections	news-media-research	focused	false
GET	/nationafrica/article	Nation Africa	nationafrica-article	nationafrica_article	nationafrica_article	news-media-research	focused	false
GET	/nationafrica/author	Nation Africa	nationafrica-author	nationafrica_author	nationafrica_author	news-media-research	focused	false
GET	/nationafrica/headlines	Nation Africa	nationafrica-headlines	nationafrica_headlines	nationafrica_headlines	news-media-research	focused	false
GET	/nationafrica/news	Nation Africa	nationafrica-news	nationafrica_news	nationafrica_news	news-media-research	focused	false
GET	/nationafrica/sections	Nation Africa	nationafrica-sections	nationafrica_sections	nationafrica_sections	news-media-research	focused	false
GET	/national/article	The National	national-article	national_article	national_article	news-media-research	focused	false
GET	/national/author	The National	national-author	national_author	national_author	news-media-research	focused	false
GET	/national/headlines	The National	national-headlines	national_headlines	national_headlines	news-media-research	focused	false
GET	/national/news	The National	national-news	national_news	national_news	news-media-research	focused	false
GET	/national/sections	The National	national-sections	national_sections	national_sections	news-media-research	focused	false
GET	/nationalpost/article	National Post	nationalpost-article	nationalpost_article	nationalpost_article	news-media-research	focused	false
GET	/nationalpost/author	National Post	nationalpost-author	nationalpost_author	nationalpost_author	news-media-research	focused	false
GET	/nationalpost/headlines	National Post	nationalpost-headlines	nationalpost_headlines	nationalpost_headlines	news-media-research	focused	false
GET	/nationalpost/news	National Post	nationalpost-news	nationalpost_news	nationalpost_news	news-media-research	focused	false
GET	/nationalpost/sections	National Post	nationalpost-sections	nationalpost_sections	nationalpost_sections	news-media-research	focused	false
GET	/nbc/article	NBC News	nbc-article	nbc_article	nbc_article	news-media-research	focused	false
GET	/nbc/author	NBC News	nbc-author	nbc_author	nbc_author	news-media-research	focused	false
GET	/nbc/headlines	NBC News	nbc-headlines	nbc_headlines	nbc_headlines	news-media-research	focused	false
GET	/nbc/news	NBC News	nbc-news	nbc_news	nbc_news	news-media-research	focused	false
GET	/nbc/sections	NBC News	nbc-sections	nbc_sections	nbc_sections	news-media-research	focused	false
GET	/ndtv/article	NDTV	ndtv-article	ndtv_article	ndtv_article	news-media-research	focused	false
GET	/ndtv/author	NDTV	ndtv-author	ndtv_author	ndtv_author	news-media-research	focused	false
GET	/ndtv/headlines	NDTV	ndtv-headlines	ndtv_headlines	ndtv_headlines	news-media-research	focused	false
GET	/ndtv/latest-videos	NDTV	ndtv-latest-videos	ndtv_latest_videos	ndtv_latest_videos	news-media-research	focused	false
GET	/ndtv/live-blog	NDTV	ndtv-live-blog	ndtv_live_blog	ndtv_live_blog	news-media-research	focused	false
GET	/ndtv/live-blogs	NDTV	ndtv-live-blogs	ndtv_live_blogs	ndtv_live_blogs	news-media-research	focused	false
GET	/ndtv/news	NDTV	ndtv-news	ndtv_news	ndtv_news	news-media-research	focused	false
GET	/ndtv/search	NDTV	ndtv-search	ndtv_search	ndtv_search	news-media-research	focused	false
GET	/ndtv/sections	NDTV	ndtv-sections	ndtv_sections	ndtv_sections	news-media-research	focused	false
GET	/ndtv/video	NDTV	ndtv-video	ndtv_video	ndtv_video	news-media-research	focused	false
GET	/ndtv/video-categories	NDTV	ndtv-video-categories	ndtv_video_categories	ndtv_video_categories	news-media-research	focused	false
GET	/ndtv/videos	NDTV	ndtv-videos	ndtv_videos	ndtv_videos	news-media-research	focused	false
GET	/news18/article	News18	news18-article	news18_article	news18_article	news-media-research	focused	false
GET	/news18/author	News18	news18-author	news18_author	news18_author	news-media-research	focused	false
GET	/news18/headlines	News18	news18-headlines	news18_headlines	news18_headlines	news-media-research	focused	false
GET	/news18/news	News18	news18-news	news18_news	news18_news	news-media-research	focused	false
GET	/news18/sections	News18	news18-sections	news18_sections	news18_sections	news-media-research	focused	false
GET	/news24/article	News24	news24-article	news24_article	news24_article	news-media-research	focused	false
GET	/news24/headlines	News24	news24-headlines	news24_headlines	news24_headlines	news-media-research	focused	false
GET	/news24/news	News24	news24-news	news24_news	news24_news	news-media-research	focused	false
GET	/news24/sections	News24	news24-sections	news24_sections	news24_sections	news-media-research	focused	false
GET	/newscomau/article	News.com.au	newscomau-article	newscomau_article	newscomau_article	news-media-research	focused	false
GET	/newscomau/author	News.com.au	newscomau-author	newscomau_author	newscomau_author	news-media-research	focused	false
GET	/newscomau/headlines	News.com.au	newscomau-headlines	newscomau_headlines	newscomau_headlines	news-media-research	focused	false
GET	/newscomau/news	News.com.au	newscomau-news	newscomau_news	newscomau_news	news-media-research	focused	false
GET	/newscomau/sections	News.com.au	newscomau-sections	newscomau_sections	newscomau_sections	news-media-research	focused	false
GET	/newsmax/article	Newsmax	newsmax-article	newsmax_article	newsmax_article	news-media-research	focused	false
GET	/newsmax/author	Newsmax	newsmax-author	newsmax_author	newsmax_author	news-media-research	focused	false
GET	/newsmax/headlines	Newsmax	newsmax-headlines	newsmax_headlines	newsmax_headlines	news-media-research	focused	false
GET	/newsmax/news	Newsmax	newsmax-news	newsmax_news	newsmax_news	news-media-research	focused	false
GET	/newsmax/sections	Newsmax	newsmax-sections	newsmax_sections	newsmax_sections	news-media-research	focused	false
GET	/newsweek/article	Newsweek	newsweek-article	newsweek_article	newsweek_article	news-media-research	focused	false
GET	/newsweek/author	Newsweek	newsweek-author	newsweek_author	newsweek_author	news-media-research	focused	false
GET	/newsweek/headlines	Newsweek	newsweek-headlines	newsweek_headlines	newsweek_headlines	news-media-research	focused	false
GET	/newsweek/news	Newsweek	newsweek-news	newsweek_news	newsweek_news	news-media-research	focused	false
GET	/newsweek/sections	Newsweek	newsweek-sections	newsweek_sections	newsweek_sections	news-media-research	focused	false
GET	/newyorker/article	The New Yorker	newyorker-article	newyorker_article	newyorker_article	news-media-research	focused	false
GET	/newyorker/author	The New Yorker	newyorker-author	newyorker_author	newyorker_author	news-media-research	focused	false
GET	/newyorker/headlines	The New Yorker	newyorker-headlines	newyorker_headlines	newyorker_headlines	news-media-research	focused	false
GET	/newyorker/news	The New Yorker	newyorker-news	newyorker_news	newyorker_news	news-media-research	focused	false
GET	/newyorker/sections	The New Yorker	newyorker-sections	newyorker_sections	newyorker_sections	news-media-research	focused	false
GET	/nike/categories	Nike	nike-categories	nike_categories	nike_categories	nike-research, product-price-research	focused	false
GET	/nike/product	Nike	nike-product	nike_product	nike_product	nike-research, product-price-research	focused	false
GET	/nike/product/availability	Nike	nike-product-availability	nike_product_availability	nike_product_availability	nike-research, product-price-research	focused	false
GET	/nike/product/details	Nike	nike-product-details	nike_product_details	nike_product_details	nike-research, product-price-research	focused	false
GET	/nike/product/recommendations	Nike	nike-product-recommendations	nike_product_recommendations	nike_product_recommendations	nike-research, product-price-research	focused	false
GET	/nike/product/reviews	Nike	nike-product-reviews	nike_product_reviews	nike_product_reviews	nike-research, product-price-research	focused	false
GET	/nike/search	Nike	nike-search	nike_search	nike_search	nike-research, product-price-research	focused	false
GET	/nike/stores	Nike	nike-stores	nike_stores	nike_stores	nike-research, product-price-research	focused	false
GET	/nike/suggest	Nike	nike-suggest	nike_suggest	nike_suggest	nike-research, product-price-research	focused	false
GET	/ninetofivegoogle/article	9to5Google	ninetofivegoogle-article	ninetofivegoogle_article	ninetofivegoogle_article	news-media-research	focused	false
GET	/ninetofivegoogle/author	9to5Google	ninetofivegoogle-author	ninetofivegoogle_author	ninetofivegoogle_author	news-media-research	focused	false
GET	/ninetofivegoogle/headlines	9to5Google	ninetofivegoogle-headlines	ninetofivegoogle_headlines	ninetofivegoogle_headlines	news-media-research	focused	false
GET	/ninetofivegoogle/news	9to5Google	ninetofivegoogle-news	ninetofivegoogle_news	ninetofivegoogle_news	news-media-research	focused	false
GET	/ninetofivegoogle/sections	9to5Google	ninetofivegoogle-sections	ninetofivegoogle_sections	ninetofivegoogle_sections	news-media-research	focused	false
GET	/ninetofivemac/article	9to5Mac	ninetofivemac-article	ninetofivemac_article	ninetofivemac_article	news-media-research	focused	false
GET	/ninetofivemac/author	9to5Mac	ninetofivemac-author	ninetofivemac_author	ninetofivemac_author	news-media-research	focused	false
GET	/ninetofivemac/headlines	9to5Mac	ninetofivemac-headlines	ninetofivemac_headlines	ninetofivemac_headlines	news-media-research	focused	false
GET	/ninetofivemac/news	9to5Mac	ninetofivemac-news	ninetofivemac_news	ninetofivemac_news	news-media-research	focused	false
GET	/ninetofivemac/sections	9to5Mac	ninetofivemac-sections	ninetofivemac_sections	ninetofivemac_sections	news-media-research	focused	false
GET	/njcom/news	NJ.com	njcom-news	njcom_news	njcom_news	news-media-research	focused	false
GET	/npr/article	NPR	npr-article	npr_article	npr_article	news-media-research	focused	false
GET	/npr/author	NPR	npr-author	npr_author	npr_author	news-media-research	focused	false
GET	/npr/categories	NPR	npr-categories	npr_categories	npr_categories	news-media-research	focused	false
GET	/npr/headlines	NPR	npr-headlines	npr_headlines	npr_headlines	news-media-research	focused	false
GET	/npr/topic	NPR	npr-topic	npr_topic	npr_topic	news-media-research	focused	false
GET	/numbeo/cost-of-living/city/{slug}	Numbeo	numbeo-cost-of-living-city	numbeo_cost_of_living_city	numbeo_cost_of_living_city	web-utilities-research	focused	false
GET	/numbeo/cost-of-living/country	Numbeo	numbeo-cost-of-living-country	numbeo_cost_of_living_country	numbeo_cost_of_living_country	web-utilities-research	focused	false
GET	/numbeo/cost-of-living/rankings	Numbeo	numbeo-cost-of-living-rankings	numbeo_cost_of_living_rankings	numbeo_cost_of_living_rankings	web-utilities-research	focused	false
GET	/numbeo/cost-of-living/rankings-by-country	Numbeo	numbeo-cost-of-living-rankings-by-country	numbeo_cost_of_living_rankings_by_country	numbeo_cost_of_living_rankings_by_country	web-utilities-research	focused	false
GET	/numbeo/indices/city/{slug}	Numbeo	numbeo-indices-city	numbeo_indices_city	numbeo_indices_city	web-utilities-research	focused	false
GET	/numbeo/indices/country	Numbeo	numbeo-indices-country	numbeo_indices_country	numbeo_indices_country	web-utilities-research	focused	false
GET	/numbeo/indices/rankings	Numbeo	numbeo-indices-rankings	numbeo_indices_rankings	numbeo_indices_rankings	web-utilities-research	focused	false
GET	/numbeo/indices/rankings-by-country	Numbeo	numbeo-indices-rankings-by-country	numbeo_indices_rankings_by_country	numbeo_indices_rankings_by_country	web-utilities-research	focused	false
GET	/nydailynews/article	New York Daily News	nydailynews-article	nydailynews_article	nydailynews_article	news-media-research	focused	false
GET	/nydailynews/author	New York Daily News	nydailynews-author	nydailynews_author	nydailynews_author	news-media-research	focused	false
GET	/nydailynews/headlines	New York Daily News	nydailynews-headlines	nydailynews_headlines	nydailynews_headlines	news-media-research	focused	false
GET	/nydailynews/news	New York Daily News	nydailynews-news	nydailynews_news	nydailynews_news	news-media-research	focused	false
GET	/nydailynews/sections	New York Daily News	nydailynews-sections	nydailynews_sections	nydailynews_sections	news-media-research	focused	false
GET	/nymag/article	New York Magazine	nymag-article	nymag_article	nymag_article	news-media-research	focused	false
GET	/nymag/author	New York Magazine	nymag-author	nymag_author	nymag_author	news-media-research	focused	false
GET	/nymag/headlines	New York Magazine	nymag-headlines	nymag_headlines	nymag_headlines	news-media-research	focused	false
GET	/nymag/news	New York Magazine	nymag-news	nymag_news	nymag_news	news-media-research	focused	false
GET	/nymag/sections	New York Magazine	nymag-sections	nymag_sections	nymag_sections	news-media-research	focused	false
GET	/nypost/article	New York Post	nypost-article	nypost_article	nypost_article	news-media-research	focused	false
GET	/nypost/author	New York Post	nypost-author	nypost_author	nypost_author	news-media-research	focused	false
GET	/nypost/headlines	New York Post	nypost-headlines	nypost_headlines	nypost_headlines	news-media-research	focused	false
GET	/nypost/news	New York Post	nypost-news	nypost_news	nypost_news	news-media-research	focused	false
GET	/nypost/sections	New York Post	nypost-sections	nypost_sections	nypost_sections	news-media-research	focused	false
GET	/nyt/article	New York Times	nyt-article	nyt_article	nyt_article	news-media-research	focused	false
GET	/nyt/author	New York Times	nyt-author	nyt_author	nyt_author	news-media-research	focused	false
GET	/nyt/categories	New York Times	nyt-categories	nyt_categories	nyt_categories	news-media-research	focused	false
GET	/nyt/headlines	New York Times	nyt-headlines	nyt_headlines	nyt_headlines	news-media-research	focused	false
GET	/nyt/sections	New York Times	nyt-sections	nyt_sections	nyt_sections	news-media-research	focused	false
GET	/nzherald/article	NZ Herald	nzherald-article	nzherald_article	nzherald_article	news-media-research	focused	false
GET	/nzherald/author	NZ Herald	nzherald-author	nzherald_author	nzherald_author	news-media-research	focused	false
GET	/nzherald/headlines	NZ Herald	nzherald-headlines	nzherald_headlines	nzherald_headlines	news-media-research	focused	false
GET	/nzherald/news	NZ Herald	nzherald-news	nzherald_news	nzherald_news	news-media-research	focused	false
GET	/nzherald/sections	NZ Herald	nzherald-sections	nzherald_sections	nzherald_sections	news-media-research	focused	false
GET	/ohpolly/collections	Oh Polly	ohpolly-collections	ohpolly_collections	ohpolly_collections	shopify-research	focused	false
GET	/ohpolly/collections/{handle}/products	Oh Polly	ohpolly-collection-products	ohpolly_collection_products	ohpolly_collection_products	shopify-research	focused	false
GET	/ohpolly/pages	Oh Polly	ohpolly-pages	ohpolly_pages	ohpolly_pages	shopify-research	focused	false
GET	/ohpolly/pages/{handle}	Oh Polly	ohpolly-page	ohpolly_page	ohpolly_page	shopify-research	focused	false
GET	/ohpolly/products	Oh Polly	ohpolly-products	ohpolly_products	ohpolly_products	shopify-research	focused	false
GET	/ohpolly/products/{handle}	Oh Polly	ohpolly-product	ohpolly_product	ohpolly_product	shopify-research	focused	false
GET	/ohpolly/products/{handle}/recommendations	Oh Polly	ohpolly-product-recommendations	ohpolly_product_recommendations	ohpolly_product_recommendations	shopify-research	focused	false
GET	/ohpolly/search/suggest	Oh Polly	ohpolly-search-suggest	ohpolly_search_suggest	ohpolly_search_suggest	shopify-research	focused	false
GET	/ohpolly/sitemap/urls	Oh Polly	ohpolly-sitemap-urls	ohpolly_sitemap_urls	ohpolly_sitemap_urls	shopify-research	focused	false
GET	/ohpolly/sitemaps	Oh Polly	ohpolly-sitemaps	ohpolly_sitemaps	ohpolly_sitemaps	shopify-research	focused	false
GET	/ohpolly/store	Oh Polly	ohpolly-store	ohpolly_store	ohpolly_store	shopify-research	focused	false
GET	/oldnavy/categories	Old Navy	oldnavy-categories	oldnavy_categories	oldnavy_categories	oldnavy-research, product-price-research	focused	false
GET	/oldnavy/category	Old Navy	oldnavy-category	oldnavy_category	oldnavy_category	oldnavy-research, product-price-research	focused	false
GET	/oldnavy/product	Old Navy	oldnavy-product	oldnavy_product	oldnavy_product	oldnavy-research, product-price-research	focused	false
GET	/oldnavy/product/availability	Old Navy	oldnavy-product-availability	oldnavy_product_availability	oldnavy_product_availability	oldnavy-research, product-price-research	focused	false
GET	/oldnavy/product/reviews	Old Navy	oldnavy-product-reviews	oldnavy_product_reviews	oldnavy_product_reviews	oldnavy-research, product-price-research	focused	false
GET	/oldnavy/search	Old Navy	oldnavy-search	oldnavy_search	oldnavy_search	oldnavy-research, product-price-research	focused	false
GET	/oldnavy/stores	Old Navy	oldnavy-stores	oldnavy_stores	oldnavy_stores	oldnavy-research, product-price-research	focused	false
GET	/opensea/activity	OpenSea	opensea-activity	opensea_activity	opensea_activity	opensea-research	focused	false
GET	/opensea/categories	OpenSea	opensea-categories	opensea_categories	opensea_categories	opensea-research	focused	false
GET	/opensea/chains	OpenSea	opensea-chains	opensea_chains	opensea_chains	opensea-research	focused	false
GET	/opensea/collection/{slug}	OpenSea	opensea-collection	opensea_collection	opensea_collection	opensea-research	focused	false
GET	/opensea/collection/{slug}/activity	OpenSea	opensea-collection-activity	opensea_collection_activity	opensea_collection_activity	opensea-research	focused	false
GET	/opensea/collection/{slug}/best-deals	OpenSea	opensea-collection-best-deals	opensea_collection_best_deals	opensea_collection_best_deals	opensea-research	focused	false
GET	/opensea/collection/{slug}/chart	OpenSea	opensea-collection-chart	opensea_collection_chart	opensea_collection_chart	opensea-research	focused	false
GET	/opensea/collection/{slug}/depth	OpenSea	opensea-collection-depth	opensea_collection_depth	opensea_collection_depth	opensea-research	focused	false
GET	/opensea/collection/{slug}/holders	OpenSea	opensea-collection-holders	opensea_collection_holders	opensea_collection_holders	opensea-research	focused	false
GET	/opensea/collection/{slug}/items	OpenSea	opensea-collection-items	opensea_collection_items	opensea_collection_items	opensea-research	focused	false
GET	/opensea/collection/{slug}/offers	OpenSea	opensea-collection-offers	opensea_collection_offers	opensea_collection_offers	opensea-research	focused	false
GET	/opensea/collection/{slug}/rarest-items	OpenSea	opensea-collection-rarest-items	opensea_collection_rarest_items	opensea_collection_rarest_items	opensea-research	focused	false
GET	/opensea/collection/{slug}/search-items	OpenSea	opensea-collection-search-items	opensea_collection_search_items	opensea_collection_search_items	opensea-research	focused	false
GET	/opensea/collection/{slug}/social-proof	OpenSea	opensea-collection-social-proof	opensea_collection_social_proof	opensea_collection_social_proof	opensea-research	focused	false
GET	/opensea/collection/{slug}/top-sales	OpenSea	opensea-collection-top-sales	opensea_collection_top_sales	opensea_collection_top_sales	opensea-research	focused	false
GET	/opensea/collection/{slug}/trait-offers	OpenSea	opensea-collection-trait-offers	opensea_collection_trait_offers	opensea_collection_trait_offers	opensea-research	focused	false
GET	/opensea/collection/{slug}/traits	OpenSea	opensea-collection-traits	opensea_collection_traits	opensea_collection_traits	opensea-research	focused	false
GET	/opensea/collections	OpenSea	opensea-collections	opensea_collections	opensea_collections	opensea-research	focused	false
GET	/opensea/drops	OpenSea	opensea-drops	opensea_drops	opensea_drops	opensea-research	focused	false
GET	/opensea/item/{chain}/{contract_address}/{token_id}	OpenSea	opensea-item	opensea_item	opensea_item	opensea-research	focused	false
GET	/opensea/item/{chain}/{contract_address}/{token_id}/activity	OpenSea	opensea-item-activity	opensea_item_activity	opensea_item_activity	opensea-research	focused	false
GET	/opensea/item/{chain}/{contract_address}/{token_id}/chart	OpenSea	opensea-item-chart	opensea_item_chart	opensea_item_chart	opensea-research	focused	false
GET	/opensea/item/{chain}/{contract_address}/{token_id}/depth	OpenSea	opensea-item-depth	opensea_item_depth	opensea_item_depth	opensea-research	focused	false
GET	/opensea/item/{chain}/{contract_address}/{token_id}/listings	OpenSea	opensea-item-listings	opensea_item_listings	opensea_item_listings	opensea-research	focused	false
GET	/opensea/item/{chain}/{contract_address}/{token_id}/offers	OpenSea	opensea-item-offers	opensea_item_offers	opensea_item_offers	opensea-research	focused	false
GET	/opensea/item/{chain}/{contract_address}/{token_id}/owners	OpenSea	opensea-item-owners	opensea_item_owners	opensea_item_owners	opensea-research	focused	false
GET	/opensea/most-watched	OpenSea	opensea-most-watched	opensea_most_watched	opensea_most_watched	opensea-research	focused	false
GET	/opensea/profile/{identifier}	OpenSea	opensea-profile	opensea_profile	opensea_profile	opensea-research	focused	false
GET	/opensea/profile/{identifier}/activity	OpenSea	opensea-profile-activity	opensea_profile_activity	opensea_profile_activity	opensea-research	focused	false
GET	/opensea/profile/{identifier}/collections	OpenSea	opensea-profile-collections	opensea_profile_collections	opensea_profile_collections	opensea-research	focused	false
GET	/opensea/profile/{identifier}/created	OpenSea	opensea-profile-created	opensea_profile_created	opensea_profile_created	opensea-research	focused	false
GET	/opensea/profile/{identifier}/items	OpenSea	opensea-profile-items	opensea_profile_items	opensea_profile_items	opensea-research	focused	false
GET	/opensea/profile/{identifier}/search-items	OpenSea	opensea-profile-search-items	opensea_profile_search_items	opensea_profile_search_items	opensea-research	focused	false
GET	/opensea/rankings	OpenSea	opensea-rankings	opensea_rankings	opensea_rankings	opensea-research	focused	false
GET	/opensea/search/collections	OpenSea	opensea-search-collections	opensea_search_collections	opensea_search_collections	opensea-research	focused	false
GET	/opensea/top-movers	OpenSea	opensea-top-movers	opensea_top_movers	opensea_top_movers	opensea-research	focused	false
GET	/opentable/restaurant	OpenTable	opentable-restaurant	opentable_restaurant	opentable_restaurant	dining-demand-research, local-business-reputation-research, restaurant-food-delivery-research	focused	false
GET	/opentable/restaurant/menus	OpenTable	opentable-restaurant-menus	opentable_restaurant_menus	opentable_restaurant_menus	dining-demand-research, local-business-reputation-research, restaurant-food-delivery-research	focused	false
GET	/opentable/restaurant/reviews	OpenTable	opentable-restaurant-reviews	opentable_restaurant_reviews	opentable_restaurant_reviews	dining-demand-research, local-business-reputation-research, restaurant-food-delivery-research	focused	false
GET	/opentable/search	OpenTable	opentable-search	opentable_search	opentable_search	dining-demand-research, local-business-reputation-research, restaurant-food-delivery-research	focused	false
GET	/otto/categories	Otto	otto-categories	otto_categories	otto_categories	product-price-research	focused	false
GET	/otto/product	Otto	otto-product	otto_product	otto_product	product-price-research	focused	false
GET	/otto/search	Otto	otto-search	otto_search	otto_search	product-price-research	focused	false
GET	/pagesix/article	Page Six	pagesix-article	pagesix_article	pagesix_article	news-media-research	focused	false
GET	/pagesix/author	Page Six	pagesix-author	pagesix_author	pagesix_author	news-media-research	focused	false
GET	/pagesix/headlines	Page Six	pagesix-headlines	pagesix_headlines	pagesix_headlines	news-media-research	focused	false
GET	/pagesix/news	Page Six	pagesix-news	pagesix_news	pagesix_news	news-media-research	focused	false
GET	/pagesix/sections	Page Six	pagesix-sections	pagesix_sections	pagesix_sections	news-media-research	focused	false
GET	/pandamart/search	Pandamart	pandamart-search	pandamart_search	pandamart_search	restaurant-food-delivery-research	focused	false
GET	/pandamart/store	Pandamart	pandamart-store	pandamart_store	pandamart_store	restaurant-food-delivery-research	focused	false
GET	/pandamart/store/categories	Pandamart	pandamart-store-categories	pandamart_store_categories	pandamart_store_categories	restaurant-food-delivery-research	focused	false
GET	/pandamart/store/product	Pandamart	pandamart-store-product	pandamart_store_product	pandamart_store_product	restaurant-food-delivery-research	focused	false
GET	/pandamart/store/products	Pandamart	pandamart-store-products	pandamart_store_products	pandamart_store_products	restaurant-food-delivery-research	focused	false
GET	/pandamart/store/search	Pandamart	pandamart-store-search	pandamart_store_search	pandamart_store_search	restaurant-food-delivery-research	focused	false
GET	/panera/at-work-locations	Panera	panera-at-work-locations	panera_at_work_locations	panera_at_work_locations	restaurant-food-delivery-research	focused	false
GET	/panera/cafe	Panera	panera-cafe	panera_cafe	panera_cafe	restaurant-food-delivery-research	focused	false
GET	/panera/catering-delivery-info	Panera	panera-catering-delivery-info	panera_catering_delivery_info	panera_catering_delivery_info	restaurant-food-delivery-research	focused	false
GET	/panera/catering-menu	Panera	panera-catering-menu	panera_catering_menu	panera_catering_menu	restaurant-food-delivery-research	focused	false
GET	/panera/geocode	Panera	panera-geocode	panera_geocode	panera_geocode	restaurant-food-delivery-research	focused	false
GET	/panera/item-detail	Panera	panera-item-detail	panera_item_detail	panera_item_detail	restaurant-food-delivery-research	focused	false
GET	/panera/item-options	Panera	panera-item-options	panera_item_options	panera_item_options	restaurant-food-delivery-research	focused	false
GET	/panera/locations	Panera	panera-locations	panera_locations	panera_locations	restaurant-food-delivery-research	focused	false
GET	/panera/menu	Panera	panera-menu	panera_menu	panera_menu	restaurant-food-delivery-research	focused	false
GET	/panera/quantity-rules	Panera	panera-quantity-rules	panera_quantity_rules	panera_quantity_rules	restaurant-food-delivery-research	focused	false
GET	/panera/retired-products	Panera	panera-retired-products	panera_retired_products	panera_retired_products	restaurant-food-delivery-research	focused	false
GET	/panera/time-slots	Panera	panera-time-slots	panera_time_slots	panera_time_slots	restaurant-food-delivery-research	focused	false
GET	/panera/upsell-suggestions	Panera	panera-upsell-suggestions	panera_upsell_suggestions	panera_upsell_suggestions	restaurant-food-delivery-research	focused	false
GET	/papajohns/allergens	Papa John's	papajohns-allergens	papajohns_allergens	papajohns_allergens	restaurant-food-delivery-research	focused	false
GET	/papajohns/colombia/menu	Papa John's	papajohns-colombia-menu	papajohns_colombia_menu	papajohns_colombia_menu	restaurant-food-delivery-research	focused	false
GET	/papajohns/deals	Papa John's	papajohns-deals	papajohns_deals	papajohns_deals	restaurant-food-delivery-research	focused	false
GET	/papajohns/directory	Papa John's	papajohns-directory	papajohns_directory	papajohns_directory	restaurant-food-delivery-research	focused	false
GET	/papajohns/elsalvador/menu	Papa John's	papajohns-elsalvador-menu	papajohns_elsalvador_menu	papajohns_elsalvador_menu	restaurant-food-delivery-research	focused	false
GET	/papajohns/india/deal	Papa John's	papajohns-india-deal	papajohns_india_deal	papajohns_india_deal	restaurant-food-delivery-research	focused	false
GET	/papajohns/india/menu	Papa John's	papajohns-india-menu	papajohns_india_menu	papajohns_india_menu	restaurant-food-delivery-research	focused	false
GET	/papajohns/india/menu/item	Papa John's	papajohns-india-menu-item	papajohns_india_menu_item	papajohns_india_menu_item	restaurant-food-delivery-research	focused	false
GET	/papajohns/india/stores	Papa John's	papajohns-india-stores	papajohns_india_stores	papajohns_india_stores	restaurant-food-delivery-research	focused	false
GET	/papajohns/intl/deals	Papa John's	papajohns-intl-deals	papajohns_intl_deals	papajohns_intl_deals	restaurant-food-delivery-research	focused	false
GET	/papajohns/intl/ingredients	Papa John's	papajohns-intl-ingredients	papajohns_intl_ingredients	papajohns_intl_ingredients	restaurant-food-delivery-research	focused	false
GET	/papajohns/intl/menu	Papa John's	papajohns-intl-menu	papajohns_intl_menu	papajohns_intl_menu	restaurant-food-delivery-research	focused	false
GET	/papajohns/intl/offer	Papa John's	papajohns-intl-offer	papajohns_intl_offer	papajohns_intl_offer	restaurant-food-delivery-research	focused	false
GET	/papajohns/intl/product	Papa John's	papajohns-intl-product	papajohns_intl_product	papajohns_intl_product	restaurant-food-delivery-research	focused	false
GET	/papajohns/intl/stores	Papa John's	papajohns-intl-stores	papajohns_intl_stores	papajohns_intl_stores	restaurant-food-delivery-research	focused	false
GET	/papajohns/menu	Papa John's	papajohns-menu	papajohns_menu	papajohns_menu	restaurant-food-delivery-research	focused	false
GET	/papajohns/menu/item	Papa John's	papajohns-menu-item	papajohns_menu_item	papajohns_menu_item	restaurant-food-delivery-research	focused	false
GET	/papajohns/nearby	Papa John's	papajohns-nearby	papajohns_nearby	papajohns_nearby	restaurant-food-delivery-research	focused	false
GET	/papajohns/nutrition	Papa John's	papajohns-nutrition	papajohns_nutrition	papajohns_nutrition	restaurant-food-delivery-research	focused	false
GET	/papajohns/peru/menu	Papa John's	papajohns-peru-menu	papajohns_peru_menu	papajohns_peru_menu	restaurant-food-delivery-research	focused	false
GET	/papajohns/poland/menu	Papa John's	papajohns-poland-menu	papajohns_poland_menu	papajohns_poland_menu	restaurant-food-delivery-research	focused	false
GET	/papajohns/russia/menu	Papa John's	papajohns-russia-menu	papajohns_russia_menu	papajohns_russia_menu	restaurant-food-delivery-research	focused	false
GET	/papajohns/store	Papa John's	papajohns-store	papajohns_store	papajohns_store	restaurant-food-delivery-research	focused	false
GET	/patreon/creator	Patreon	patreon-creator	patreon_creator	patreon_creator	social-media-research	focused	false
GET	/patreon/creator/tiers	Patreon	patreon-creator-tiers	patreon_creator_tiers	patreon_creator_tiers	social-media-research	focused	false
GET	/patreon/explore	Patreon	patreon-explore	patreon_explore	patreon_explore	social-media-research	focused	false
GET	/patreon/rss	Patreon	patreon-rss	patreon_rss	patreon_rss	social-media-research	focused	false
GET	/pcgamer/article	PC Gamer	pcgamer-article	pcgamer_article	pcgamer_article	news-media-research	focused	false
GET	/pcgamer/author	PC Gamer	pcgamer-author	pcgamer_author	pcgamer_author	news-media-research	focused	false
GET	/pcgamer/headlines	PC Gamer	pcgamer-headlines	pcgamer_headlines	pcgamer_headlines	news-media-research	focused	false
GET	/pcgamer/news	PC Gamer	pcgamer-news	pcgamer_news	pcgamer_news	news-media-research	focused	false
GET	/pcgamer/sections	PC Gamer	pcgamer-sections	pcgamer_sections	pcgamer_sections	news-media-research	focused	false
GET	/pcmag/article	PCMag	pcmag-article	pcmag_article	pcmag_article	news-media-research	focused	false
GET	/pcmag/author	PCMag	pcmag-author	pcmag_author	pcmag_author	news-media-research	focused	false
GET	/pcmag/headlines	PCMag	pcmag-headlines	pcmag_headlines	pcmag_headlines	news-media-research	focused	false
GET	/pcmag/news	PCMag	pcmag-news	pcmag_news	pcmag_news	news-media-research	focused	false
GET	/pcmag/sections	PCMag	pcmag-sections	pcmag_sections	pcmag_sections	news-media-research	focused	false
GET	/people/article	PEOPLE	people-article	people_article	people_article	news-media-research	focused	false
GET	/people/author	PEOPLE	people-author	people_author	people_author	news-media-research	focused	false
GET	/people/headlines	PEOPLE	people-headlines	people_headlines	people_headlines	news-media-research	focused	false
GET	/people/news	PEOPLE	people-news	people_news	people_news	news-media-research	focused	false
GET	/people/sections	PEOPLE	people-sections	people_sections	people_sections	news-media-research	focused	false
GET	/phillyinquirer/article	Philadelphia Inquirer	phillyinquirer-article	phillyinquirer_article	phillyinquirer_article	news-media-research	focused	false
GET	/phillyinquirer/author	Philadelphia Inquirer	phillyinquirer-author	phillyinquirer_author	phillyinquirer_author	news-media-research	focused	false
GET	/phillyinquirer/headlines	Philadelphia Inquirer	phillyinquirer-headlines	phillyinquirer_headlines	phillyinquirer_headlines	news-media-research	focused	false
GET	/phillyinquirer/news	Philadelphia Inquirer	phillyinquirer-news	phillyinquirer_news	phillyinquirer_news	news-media-research	focused	false
GET	/phillyinquirer/sections	Philadelphia Inquirer	phillyinquirer-sections	phillyinquirer_sections	phillyinquirer_sections	news-media-research	focused	false
GET	/philstar/article	Philstar	philstar-article	philstar_article	philstar_article	news-media-research	focused	false
GET	/philstar/author	Philstar	philstar-author	philstar_author	philstar_author	news-media-research	focused	false
GET	/philstar/headlines	Philstar	philstar-headlines	philstar_headlines	philstar_headlines	news-media-research	focused	false
GET	/philstar/news	Philstar	philstar-news	philstar_news	philstar_news	news-media-research	focused	false
GET	/philstar/sections	Philstar	philstar-sections	philstar_sections	philstar_sections	news-media-research	focused	false
GET	/phonearena/article	PhoneArena	phonearena-article	phonearena_article	phonearena_article	news-media-research	focused	false
GET	/phonearena/author	PhoneArena	phonearena-author	phonearena_author	phonearena_author	news-media-research	focused	false
GET	/phonearena/headlines	PhoneArena	phonearena-headlines	phonearena_headlines	phonearena_headlines	news-media-research	focused	false
GET	/phonearena/news	PhoneArena	phonearena-news	phonearena_news	phonearena_news	news-media-research	focused	false
GET	/phonearena/sections	PhoneArena	phonearena-sections	phonearena_sections	phonearena_sections	news-media-research	focused	false
GET	/physorg/article	Phys.org	physorg-article	physorg_article	physorg_article	news-media-research	focused	false
GET	/physorg/headlines	Phys.org	physorg-headlines	physorg_headlines	physorg_headlines	news-media-research	focused	false
GET	/physorg/news	Phys.org	physorg-news	physorg_news	physorg_news	news-media-research	focused	false
GET	/physorg/sections	Phys.org	physorg-sections	physorg_sections	physorg_sections	news-media-research	focused	false
GET	/ping	Meta	ping				outside-exported-mcp	false
GET	/pinterest/board/{username}/{slug}	Pinterest	pinterest-board	pinterest_board	pinterest_board	pinterest-research, social-media-research	focused	false
GET	/pinterest/categories	Pinterest	pinterest-categories	pinterest_categories	pinterest_categories	pinterest-research, social-media-research	focused	false
GET	/pinterest/ideas/{id}	Pinterest	pinterest-idea	pinterest_idea	pinterest_idea	pinterest-research, social-media-research	focused	false
GET	/pinterest/pin/{id}	Pinterest	pinterest-pin	pinterest_pin	pinterest_pin	pinterest-research, social-media-research	focused	false
GET	/pinterest/search	Pinterest	pinterest-search	pinterest_search	pinterest_search	pinterest-research, social-media-research	focused	false
GET	/pinterest/user/{username}	Pinterest	pinterest-user	pinterest_user	pinterest_user	pinterest-research, social-media-research	focused	false
GET	/pinterest/user/{username}/boards	Pinterest	pinterest-user-boards	pinterest_user_boards	pinterest_user_boards	pinterest-research, social-media-research	focused	false
GET	/pinterest/user/{username}/pins	Pinterest	pinterest-user-pins	pinterest_user_pins	pinterest_user_pins	pinterest-research, social-media-research	focused	false
GET	/pitchbook/advisor	PitchBook	pitchbook-advisor	pitchbook_advisor	pitchbook_advisor	finance-markets-research	focused	false
GET	/pitchbook/company	PitchBook	pitchbook-company	pitchbook_company	pitchbook_company	finance-markets-research	focused	false
GET	/pitchbook/fund	PitchBook	pitchbook-fund	pitchbook_fund	pitchbook_fund	finance-markets-research	focused	false
GET	/pitchbook/investor	PitchBook	pitchbook-investor	pitchbook_investor	pitchbook_investor	finance-markets-research	focused	false
GET	/pitchbook/limited-partner	PitchBook	pitchbook-limited-partner	pitchbook_limited_partner	pitchbook_limited_partner	finance-markets-research	focused	false
GET	/pizzahut/bundle-choices	Pizza Hut	pizzahut-bundle-choices	pizzahut_bundle_choices	pizzahut_bundle_choices	restaurant-food-delivery-research	focused	false
GET	/pizzahut/delivery-estimate	Pizza Hut	pizzahut-delivery-estimate	pizzahut_delivery_estimate	pizzahut_delivery_estimate	restaurant-food-delivery-research	focused	false
GET	/pizzahut/menu	Pizza Hut	pizzahut-menu	pizzahut_menu	pizzahut_menu	restaurant-food-delivery-research	focused	false
GET	/pizzahut/modifiers	Pizza Hut	pizzahut-modifiers	pizzahut_modifiers	pizzahut_modifiers	restaurant-food-delivery-research	focused	false
GET	/pizzahut/store	Pizza Hut	pizzahut-store	pizzahut_store	pizzahut_store	restaurant-food-delivery-research	focused	false
GET	/pizzahut/stores	Pizza Hut	pizzahut-stores	pizzahut_stores	pizzahut_stores	restaurant-food-delivery-research	focused	false
GET	/playstation/browse	PlayStation	playstation-browse	playstation_browse	playstation_browse	gaming-research	focused	false
GET	/playstation/category	PlayStation	playstation-category	playstation_category	playstation_category	gaming-research	focused	false
GET	/playstation/concept	PlayStation	playstation-concept	playstation_concept	playstation_concept	gaming-research	focused	false
GET	/playstation/concept/reviews	PlayStation	playstation-concept-reviews	playstation_concept_reviews	playstation_concept_reviews	gaming-research	focused	false
GET	/playstation/deals	PlayStation	playstation-deals	playstation_deals	playstation_deals	gaming-research	focused	false
GET	/playstation/latest	PlayStation	playstation-latest	playstation_latest	playstation_latest	gaming-research	focused	false
GET	/playstation/page	PlayStation	playstation-page	playstation_page	playstation_page	gaming-research	focused	false
GET	/playstation/product	PlayStation	playstation-product	playstation_product	playstation_product	gaming-research	focused	false
GET	/playstation/search	PlayStation	playstation-search	playstation_search	playstation_search	gaming-research	focused	false
GET	/playstation/suggest	PlayStation	playstation-suggest	playstation_suggest	playstation_suggest	gaming-research	focused	false
GET	/politico/article	Politico	politico-article	politico_article	politico_article	news-media-research	focused	false
GET	/politico/author	Politico	politico-author	politico_author	politico_author	news-media-research	focused	false
GET	/politico/categories	Politico	politico-categories	politico_categories	politico_categories	news-media-research	focused	false
GET	/politico/headlines	Politico	politico-headlines	politico_headlines	politico_headlines	news-media-research	focused	false
GET	/politico/topic	Politico	politico-topic	politico_topic	politico_topic	news-media-research	focused	false
GET	/polygon/article	Polygon	polygon-article	polygon_article	polygon_article	news-media-research	focused	false
GET	/polygon/author	Polygon	polygon-author	polygon_author	polygon_author	news-media-research	focused	false
GET	/polygon/headlines	Polygon	polygon-headlines	polygon_headlines	polygon_headlines	news-media-research	focused	false
GET	/polygon/news	Polygon	polygon-news	polygon_news	polygon_news	news-media-research	focused	false
GET	/polygon/sections	Polygon	polygon-sections	polygon_sections	polygon_sections	news-media-research	focused	false
GET	/polymarket/activity/trades	Polymarket	polymarket-activity-trades	polymarket_activity_trades	polymarket_activity_trades	prediction-markets-research	focused	false
GET	/polymarket/clob/market/{condition_id}	Polymarket	polymarket-clob-market	polymarket_clob_market	polymarket_clob_market	prediction-markets-research	focused	false
GET	/polymarket/dashboards/macro	Polymarket	polymarket-dashboard-macro	polymarket_dashboard_macro	polymarket_dashboard_macro	prediction-markets-research	focused	false
GET	/polymarket/data/followers/{address}	Polymarket	polymarket-data-followers				outside-exported-mcp	false
GET	/polymarket/data/following/{address}	Polymarket	polymarket-data-following				outside-exported-mcp	false
GET	/polymarket/data/follows/counts/{address}	Polymarket	polymarket-data-follows-counts				outside-exported-mcp	false
GET	/polymarket/event/{slug}	Polymarket	polymarket-event-detail	polymarket_event_detail	polymarket_event_detail	prediction-markets-research	focused	false
GET	/polymarket/event/{slug}/activity	Polymarket	polymarket-event-activity				outside-exported-mcp	false
GET	/polymarket/event/id/{id}	Polymarket	polymarket-event-detail-by-id				outside-exported-mcp	false
GET	/polymarket/event/id/{id}/activity	Polymarket	polymarket-event-activity-by-id				outside-exported-mcp	false
GET	/polymarket/events	Polymarket	polymarket-events	polymarket_events	polymarket_events	prediction-markets-research	focused	false
GET	/polymarket/events/{id}/tags	Polymarket	polymarket-event-tags	polymarket_event_tags	polymarket_event_tags	prediction-markets-research	focused	false
GET	/polymarket/events/similar	Polymarket	polymarket-events-similar	polymarket_events_similar	polymarket_events_similar	prediction-markets-research	focused	false
GET	/polymarket/fee-types	Polymarket	polymarket-fee-types	polymarket_public_data	polymarket_public_data	prediction-markets-research	focused	false
GET	/polymarket/games	Polymarket	polymarket-games				outside-exported-mcp	false
GET	/polymarket/homepage/feed	Polymarket	polymarket-homepage-feed	polymarket_homepage_feed	polymarket_homepage_feed	prediction-markets-research	focused	false
GET	/polymarket/leaderboard	Polymarket	polymarket-leaderboard	polymarket_leaderboard	polymarket_leaderboard	prediction-markets-research	focused	false
GET	/polymarket/market-clarifications	Polymarket	polymarket-market-clarifications				outside-exported-mcp	false
GET	/polymarket/market/{id}	Polymarket	polymarket-market-detail	polymarket_market_detail	polymarket_market_detail	prediction-markets-research	focused	false
GET	/polymarket/market/{id}/liquidity	Polymarket	polymarket-market-liquidity	polymarket_market_liquidity	polymarket_market_liquidity	prediction-markets-research	focused	false
GET	/polymarket/market/{id}/tags	Polymarket	polymarket-market-tags	polymarket_market_tags	polymarket_market_tags	prediction-markets-research	focused	false
GET	/polymarket/market/condition/{condition_id}	Polymarket	polymarket-market-detail-by-condition				outside-exported-mcp	false
GET	/polymarket/market/condition/{condition_id}/activity	Polymarket	polymarket-market-activity-by-condition				outside-exported-mcp	false
GET	/polymarket/market/condition/{condition_id}/liquidity	Polymarket	polymarket-market-liquidity-by-condition				outside-exported-mcp	false
GET	/polymarket/market/slug/{slug}	Polymarket	polymarket-market-detail-by-slug				outside-exported-mcp	false
GET	/polymarket/market/slug/{slug}/liquidity	Polymarket	polymarket-market-liquidity-by-slug				outside-exported-mcp	false
GET	/polymarket/markets	Polymarket	polymarket-markets	polymarket_markets	polymarket_markets	prediction-markets-research	focused	false
GET	/polymarket/predictions	Polymarket	polymarket-predictions	polymarket_predictions	polymarket_predictions	prediction-markets-research	focused	false
GET	/polymarket/rewards/market/{condition_id}	Polymarket	polymarket-rewards-market	polymarket_rewards_market	polymarket_rewards_market	prediction-markets-research	focused	false
GET	/polymarket/rewards/markets	Polymarket	polymarket-rewards-markets	polymarket_rewards_markets	polymarket_rewards_markets	prediction-markets-research	focused	false
GET	/polymarket/search	Polymarket	polymarket-search	polymarket_search	polymarket_search	prediction-markets-research	focused	false
GET	/polymarket/sports	Polymarket	polymarket-sports				outside-exported-mcp	false
GET	/polymarket/sports/{id}	Polymarket	polymarket-sport				outside-exported-mcp	false
GET	/polymarket/sports/{id}/external-partners	Polymarket	polymarket-sport-external-partners				outside-exported-mcp	false
GET	/polymarket/sports/{id}/external-partners/{partner_ref}	Polymarket	polymarket-sport-external-partner				outside-exported-mcp	false
GET	/polymarket/sports/by-partner	Polymarket	polymarket-sports-by-partner				outside-exported-mcp	false
GET	/polymarket/sports/market-types	Polymarket	polymarket-sports-market-types				outside-exported-mcp	false
GET	/polymarket/sports/summary	Polymarket	polymarket-sports-summary				outside-exported-mcp	false
GET	/polymarket/spotlights	Polymarket	polymarket-spotlights				outside-exported-mcp	false
GET	/polymarket/spotlights/{slug}	Polymarket	polymarket-spotlight				outside-exported-mcp	false
GET	/polymarket/spotlights/keyset	Polymarket	polymarket-spotlights-keyset				outside-exported-mcp	false
GET	/polymarket/status	Polymarket	polymarket-status				outside-exported-mcp	false
GET	/polymarket/tag/{id}	Polymarket	polymarket-tag	polymarket_tag	polymarket_tag	prediction-markets-research	focused	false
GET	/polymarket/tag/{id}/related-tags	Polymarket	polymarket-related-tags	polymarket_related_tags	polymarket_related_tags	prediction-markets-research	focused	false
GET	/polymarket/tag/{id}/related-tags/tags	Polymarket	polymarket-related-tag-rows				outside-exported-mcp	false
GET	/polymarket/tag/slug/{slug}	Polymarket	polymarket-tag-by-slug				outside-exported-mcp	false
GET	/polymarket/tag/slug/{slug}/related-tags	Polymarket	polymarket-related-tags-by-slug				outside-exported-mcp	false
GET	/polymarket/tag/slug/{slug}/related-tags/tags	Polymarket	polymarket-related-tag-rows-by-slug				outside-exported-mcp	false
GET	/polymarket/tags	Polymarket	polymarket-tags	polymarket_tags	polymarket_tags	prediction-markets-research	focused	false
GET	/polymarket/teams	Polymarket	polymarket-teams				outside-exported-mcp	false
GET	/polymarket/teams/{id}	Polymarket	polymarket-team				outside-exported-mcp	false
GET	/polymarket/teams/{id}/external-partners	Polymarket	polymarket-team-external-partners				outside-exported-mcp	false
GET	/polymarket/teams/{id}/external-partners/{partner_ref}	Polymarket	polymarket-team-external-partner				outside-exported-mcp	false
GET	/polymarket/teams/by-partner	Polymarket	polymarket-teams-by-partner				outside-exported-mcp	false
GET	/polymarket/token/{token_id}/midpoint	Polymarket	polymarket-token-midpoint	polymarket_token_midpoint	polymarket_token_midpoint	prediction-markets-research	focused	false
GET	/polymarket/token/{token_id}/orderbook	Polymarket	polymarket-token-orderbook	polymarket_token_orderbook	polymarket_token_orderbook	prediction-markets-research	focused	false
GET	/polymarket/token/{token_id}/price	Polymarket	polymarket-token-price	polymarket_token_price	polymarket_token_price	prediction-markets-research	focused	false
GET	/polymarket/token/{token_id}/price-history	Polymarket	polymarket-token-price-history	polymarket_token_price_history	polymarket_token_price_history	prediction-markets-research	focused	false
GET	/polymarket/token/{token_id}/spread	Polymarket	polymarket-token-spread	polymarket_token_spread	polymarket_token_spread	prediction-markets-research	focused	false
POST	/polymarket/tokens/midpoints	Polymarket	polymarket-tokens-midpoints	polymarket_tokens_midpoints	polymarket_tokens_midpoints	prediction-markets-research	focused	false
POST	/polymarket/tokens/orderbooks	Polymarket	polymarket-tokens-orderbooks	polymarket_tokens_orderbooks	polymarket_tokens_orderbooks	prediction-markets-research	focused	false
POST	/polymarket/tokens/prices	Polymarket	polymarket-tokens-prices	polymarket_tokens_prices	polymarket_tokens_prices	prediction-markets-research	focused	false
POST	/polymarket/tokens/spreads	Polymarket	polymarket-tokens-spreads	polymarket_tokens_spreads	polymarket_tokens_spreads	prediction-markets-research	focused	false
GET	/polymarket/tournaments	Polymarket	polymarket-tournaments				outside-exported-mcp	false
GET	/polymarket/tournaments/{id}	Polymarket	polymarket-tournament				outside-exported-mcp	false
GET	/popeyes/faq	Popeyes	popeyes-faq	popeyes_faq	popeyes_faq	restaurant-food-delivery-research	focused	false
GET	/popeyes/location	Popeyes	popeyes-location	popeyes_location	popeyes_location	restaurant-food-delivery-research	focused	false
GET	/popeyes/locations	Popeyes	popeyes-locations	popeyes_locations	popeyes_locations	restaurant-food-delivery-research	focused	false
GET	/popeyes/menu	Popeyes	popeyes-menu	popeyes_menu	popeyes_menu	restaurant-food-delivery-research	focused	false
GET	/popeyes/offers	Popeyes	popeyes-offers	popeyes_offers	popeyes_offers	restaurant-food-delivery-research	focused	false
GET	/popeyes/promotions	Popeyes	popeyes-promotions	popeyes_promotions	popeyes_promotions	restaurant-food-delivery-research	focused	false
GET	/popeyes/quests	Popeyes	popeyes-quests	popeyes_quests	popeyes_quests	restaurant-food-delivery-research	focused	false
GET	/popeyes/rewards	Popeyes	popeyes-rewards	popeyes_rewards	popeyes_rewards	restaurant-food-delivery-research	focused	false
GET	/popularmechanics/news	Popular Mechanics	popularmechanics-news	popularmechanics_news	popularmechanics_news	news-media-research	focused	false
GET	/poshmark/brand/{name}	Poshmark	poshmark-brand	poshmark_brand	poshmark_brand	luxury-resale-research, resale-secondhand-research	focused	false
GET	/poshmark/brands	Poshmark	poshmark-brands	poshmark_brands	poshmark_brands	luxury-resale-research, resale-secondhand-research	focused	false
GET	/poshmark/categories	Poshmark	poshmark-categories	poshmark_categories	poshmark_categories	luxury-resale-research, resale-secondhand-research	focused	false
GET	/poshmark/category/{path}	Poshmark	poshmark-category	poshmark_category	poshmark_category	luxury-resale-research, resale-secondhand-research	focused	false
GET	/poshmark/closet/{username}	Poshmark	poshmark-closet	poshmark_closet	poshmark_closet	luxury-resale-research, resale-secondhand-research	focused	false
GET	/poshmark/listing/{id}	Poshmark	poshmark-listing	poshmark_listing	poshmark_listing	luxury-resale-research, resale-secondhand-research	focused	false
GET	/poshmark/search	Poshmark	poshmark-search	poshmark_search	poshmark_search	luxury-resale-research, resale-secondhand-research	focused	false
GET	/poshmark/trend/{id}	Poshmark	poshmark-trend	poshmark_trend	poshmark_trend	luxury-resale-research, resale-secondhand-research	focused	false
GET	/prada/categories	Prada	prada-categories	prada_categories	prada_categories	luxury-resale-research	focused	false
GET	/prada/category	Prada	prada-category	prada_category	prada_category	luxury-resale-research	focused	false
GET	/prada/product	Prada	prada-product	prada_product	prada_product	luxury-resale-research	focused	false
GET	/prada/search	Prada	prada-search	prada_search	prada_search	luxury-resale-research	focused	false
GET	/prada/stores	Prada	prada-stores	prada_stores	prada_stores	luxury-resale-research	focused	false
GET	/prada/suggest	Prada	prada-suggest	prada_suggest	prada_suggest	luxury-resale-research	focused	false
GET	/pristine-auction/categories	Pristine Auction	pristine-auction-categories	pristine_auction_categories	pristine_auction_categories	collectibles-market-research	focused	false
GET	/pristine-auction/lot/{lot_number}	Pristine Auction	pristine-auction-lot-detail	pristine_auction_lot	pristine_auction_lot	collectibles-market-research	focused	false
GET	/pristine-auction/search	Pristine Auction	pristine-auction-search	pristine_auction_search	pristine_auction_search	collectibles-market-research	focused	false
GET	/pristine-marketplace/collections	PristineMarketplace	pristine-marketplace-collections	pristine_marketplace_collections	pristine_marketplace_collections	collectibles-market-research	focused	false
GET	/pristine-marketplace/collections/{handle}/products	PristineMarketplace	pristine-marketplace-collection-products	pristine_marketplace_collection_products	pristine_marketplace_collection_products	collectibles-market-research	focused	false
GET	/pristine-marketplace/pages	PristineMarketplace	pristine-marketplace-pages	pristine_marketplace_pages	pristine_marketplace_pages	collectibles-market-research	focused	false
GET	/pristine-marketplace/pages/{handle}	PristineMarketplace	pristine-marketplace-page	pristine_marketplace_page	pristine_marketplace_page	collectibles-market-research	focused	false
GET	/pristine-marketplace/products	PristineMarketplace	pristine-marketplace-products	pristine_marketplace_products	pristine_marketplace_products	collectibles-market-research	focused	false
GET	/pristine-marketplace/products/{handle}	PristineMarketplace	pristine-marketplace-product	pristine_marketplace_product	pristine_marketplace_product	collectibles-market-research	focused	false
GET	/pristine-marketplace/products/{handle}/recommendations	PristineMarketplace	pristine-marketplace-product-recommendations	pristine_marketplace_product_recommendations	pristine_marketplace_product_recommendations	collectibles-market-research	focused	false
GET	/pristine-marketplace/reviews	PristineMarketplace	pristine-marketplace-reviews	pristine_marketplace_reviews	pristine_marketplace_reviews	collectibles-market-research	focused	false
GET	/pristine-marketplace/search	PristineMarketplace	pristine-marketplace-search	pristine_marketplace_search	pristine_marketplace_search	collectibles-market-research	focused	false
GET	/pristine-marketplace/search/suggest	PristineMarketplace	pristine-marketplace-search-suggest	pristine_marketplace_search_suggest	pristine_marketplace_search_suggest	collectibles-market-research	focused	false
GET	/pristine-marketplace/sitemap/urls	PristineMarketplace	pristine-marketplace-sitemap-urls	pristine_marketplace_sitemap_urls	pristine_marketplace_sitemap_urls	collectibles-market-research	focused	false
GET	/pristine-marketplace/sitemaps	PristineMarketplace	pristine-marketplace-sitemaps	pristine_marketplace_sitemaps	pristine_marketplace_sitemaps	collectibles-market-research	focused	false
GET	/pristine-marketplace/store	PristineMarketplace	pristine-marketplace-store	pristine_marketplace_store	pristine_marketplace_store	collectibles-market-research	focused	false
GET	/producthunt/category/{slug}	ProductHunt	producthunt-category	producthunt_category	producthunt_category	business-review-trust-research, startup-launch-research	focused	false
GET	/producthunt/category/{slug}/products	ProductHunt	producthunt-category-products	producthunt_category_products	producthunt_category_products	business-review-trust-research, startup-launch-research	focused	false
GET	/producthunt/leaderboard	ProductHunt	producthunt-leaderboard	producthunt_leaderboard	producthunt_leaderboard	business-review-trust-research, startup-launch-research	focused	false
GET	/producthunt/product/{id}	ProductHunt	producthunt-product	producthunt_product	producthunt_product	business-review-trust-research, competitor-intelligence, software-vendor-shortlisting, startup-launch-research	focused	false
GET	/producthunt/product/{id}/about	ProductHunt	producthunt-about	producthunt_about	producthunt_about	business-review-trust-research, startup-launch-research	focused	false
GET	/producthunt/product/{id}/alternatives	ProductHunt	producthunt-alternatives	producthunt_alternatives	producthunt_alternatives	business-review-trust-research, competitor-intelligence, software-vendor-shortlisting, startup-launch-research	focused	false
GET	/producthunt/product/{id}/comments	ProductHunt	producthunt-comments				outside-exported-mcp	true
GET	/producthunt/product/{id}/customers	ProductHunt	producthunt-customers	producthunt_customers	producthunt_customers	business-review-trust-research, startup-launch-research	focused	false
GET	/producthunt/product/{id}/launches	ProductHunt	producthunt-launches	producthunt_launches	producthunt_launches	business-review-trust-research, competitor-intelligence, startup-launch-research	focused	false
GET	/producthunt/product/{id}/makers	ProductHunt	producthunt-makers	producthunt_makers	producthunt_makers	business-review-trust-research, startup-launch-research	focused	false
GET	/producthunt/product/{id}/reviews	ProductHunt	producthunt-reviews	producthunt_reviews	producthunt_reviews	business-review-trust-research, startup-launch-research	focused	false
GET	/producthunt/search	ProductHunt	producthunt-search	producthunt_search	producthunt_search	business-review-trust-research, competitor-intelligence, software-vendor-shortlisting, startup-launch-research	focused	false
GET	/propublica/article	ProPublica	propublica-article	propublica_article	propublica_article	news-media-research	focused	false
GET	/propublica/author	ProPublica	propublica-author	propublica_author	propublica_author	news-media-research	focused	false
GET	/propublica/headlines	ProPublica	propublica-headlines	propublica_headlines	propublica_headlines	news-media-research	focused	false
GET	/propublica/news	ProPublica	propublica-news	propublica_news	propublica_news	news-media-research	focused	false
GET	/propublica/sections	ProPublica	propublica-sections	propublica_sections	propublica_sections	news-media-research	focused	false
GET	/psa/autographfacts/categories	PSA	psa-autographfacts-categories	psa_autographfacts_categories	psa_autographfacts_categories	collectibles-market-research	focused	false
GET	/psa/autographfacts/gallery	PSA	psa-autographfacts-gallery	psa_autographfacts_gallery	psa_autographfacts_gallery	collectibles-market-research	focused	false
GET	/psa/autographfacts/subject	PSA	psa-autographfacts-subject	psa_autographfacts_subject	psa_autographfacts_subject	collectibles-market-research	focused	false
GET	/psa/autographfacts/subjects	PSA	psa-autographfacts-subjects	psa_autographfacts_subjects	psa_autographfacts_subjects	collectibles-market-research	focused	false
GET	/psa/cardfacts/categories	PSA	psa-cardfacts-categories	psa_cardfacts_categories	psa_cardfacts_categories	collectibles-market-research	focused	false
GET	/psa/cardfacts/checklist	PSA	psa-cardfacts-checklist	psa_cardfacts_checklist	psa_cardfacts_checklist	collectibles-market-research	focused	false
GET	/psa/cardfacts/sets	PSA	psa-cardfacts-sets	psa_cardfacts_sets	psa_cardfacts_sets	collectibles-market-research	focused	false
GET	/psa/cert-lookup	PSA	psa-cert-lookup	psa_cert_lookup	psa_cert_lookup	collectibles-market-research	focused	false
GET	/psa/price-guide/categories	PSA	psa-price-guide-categories	psa_price_guide_categories	psa_price_guide_categories	collectibles-market-research	focused	false
GET	/psa/price-guide/search	PSA	psa-price-guide-search	psa_price_guide_search	psa_price_guide_search	collectibles-market-research	focused	false
GET	/psa/price-guide/set	PSA	psa-price-guide-set	psa_price_guide_set	psa_price_guide_set	collectibles-market-research	focused	false
GET	/psa/probatfacts/categories	PSA	psa-probatfacts-categories	psa_probatfacts_categories	psa_probatfacts_categories	collectibles-market-research	focused	false
GET	/psa/probatfacts/gallery	PSA	psa-probatfacts-gallery	psa_probatfacts_gallery	psa_probatfacts_gallery	collectibles-market-research	focused	false
GET	/psa/probatfacts/subject	PSA	psa-probatfacts-subject	psa_probatfacts_subject	psa_probatfacts_subject	collectibles-market-research	focused	false
GET	/psa/probatfacts/subjects	PSA	psa-probatfacts-subjects	psa_probatfacts_subjects	psa_probatfacts_subjects	collectibles-market-research	focused	false
GET	/psa/ticketfacts/categories	PSA	psa-ticketfacts-categories	psa_ticketfacts_categories	psa_ticketfacts_categories	collectibles-market-research	focused	false
GET	/psa/ticketfacts/gallery	PSA	psa-ticketfacts-gallery	psa_ticketfacts_gallery	psa_ticketfacts_gallery	collectibles-market-research	focused	false
GET	/psa/ticketfacts/subject	PSA	psa-ticketfacts-subject	psa_ticketfacts_subject	psa_ticketfacts_subject	collectibles-market-research	focused	false
GET	/psa/ticketfacts/subjects	PSA	psa-ticketfacts-subjects	psa_ticketfacts_subjects	psa_ticketfacts_subjects	collectibles-market-research	focused	false
GET	/psastore/collections	PSAStore	psastore-collections	psastore_collections	psastore_collections	collectibles-market-research	focused	false
GET	/psastore/collections/{handle}/products	PSAStore	psastore-collection-products	psastore_collection_products	psastore_collection_products	collectibles-market-research	focused	false
GET	/psastore/pages	PSAStore	psastore-pages	psastore_pages	psastore_pages	collectibles-market-research	focused	false
GET	/psastore/pages/{handle}	PSAStore	psastore-page	psastore_page	psastore_page	collectibles-market-research	focused	false
GET	/psastore/products	PSAStore	psastore-products	psastore_products	psastore_products	collectibles-market-research	focused	false
GET	/psastore/products/{handle}	PSAStore	psastore-product	psastore_product	psastore_product	collectibles-market-research	focused	false
GET	/psastore/products/{handle}/recommendations	PSAStore	psastore-product-recommendations	psastore_product_recommendations	psastore_product_recommendations	collectibles-market-research	focused	false
GET	/psastore/search/suggest	PSAStore	psastore-search-suggest	psastore_search_suggest	psastore_search_suggest	collectibles-market-research	focused	false
GET	/psastore/sitemap/urls	PSAStore	psastore-sitemap-urls	psastore_sitemap_urls	psastore_sitemap_urls	collectibles-market-research	focused	false
GET	/psastore/sitemaps	PSAStore	psastore-sitemaps	psastore_sitemaps	psastore_sitemaps	collectibles-market-research	focused	false
GET	/psastore/store	PSAStore	psastore-store	psastore_store	psastore_store	collectibles-market-research	focused	false
GET	/punch/article	Punch	punch-article	punch_article	punch_article	news-media-research	focused	false
GET	/punch/author	Punch	punch-author	punch_author	punch_author	news-media-research	focused	false
GET	/punch/headlines	Punch	punch-headlines	punch_headlines	punch_headlines	news-media-research	focused	false
GET	/punch/news	Punch	punch-news	punch_news	punch_news	news-media-research	focused	false
GET	/punch/sections	Punch	punch-sections	punch_sections	punch_sections	news-media-research	focused	false
GET	/quince/categories	Quince	quince-categories	quince_categories	quince_categories	shopify-research	focused	false
GET	/quince/navigation	Quince	quince-navigation	quince_navigation	quince_navigation	shopify-research	focused	false
GET	/quince/product	Quince	quince-product	quince_product	quince_product	shopify-research	focused	false
GET	/quince/product/faq	Quince	quince-product-faq	quince_product_faq	quince_product_faq	shopify-research	focused	false
GET	/quince/product/reviews	Quince	quince-product-reviews	quince_product_reviews	quince_product_reviews	shopify-research	focused	false
GET	/quince/search	Quince	quince-search	quince_search	quince_search	shopify-research	focused	false
GET	/quince/sitemap/urls	Quince	quince-sitemap-urls	quince_sitemap_urls	quince_sitemap_urls	shopify-research	focused	false
GET	/quince/sitemaps	Quince	quince-sitemaps	quince_sitemaps	quince_sitemaps	shopify-research	focused	false
GET	/quince/suggest	Quince	quince-suggest	quince_suggest	quince_suggest	shopify-research	focused	false
GET	/raisingcanes/directory	Raising Cane's	raisingcanes-directory	raisingcanes_directory	raisingcanes_directory	restaurant-food-delivery-research	focused	false
GET	/raisingcanes/menu	Raising Cane's	raisingcanes-menu	raisingcanes_menu	raisingcanes_menu	restaurant-food-delivery-research	focused	false
GET	/raisingcanes/nearby	Raising Cane's	raisingcanes-nearby	raisingcanes_nearby	raisingcanes_nearby	restaurant-food-delivery-research	focused	false
GET	/raisingcanes/promotion	Raising Cane's	raisingcanes-promotion	raisingcanes_promotion	raisingcanes_promotion	restaurant-food-delivery-research	focused	false
GET	/raisingcanes/promotions	Raising Cane's	raisingcanes-promotions	raisingcanes_promotions	raisingcanes_promotions	restaurant-food-delivery-research	focused	false
GET	/raisingcanes/store	Raising Cane's	raisingcanes-store	raisingcanes_store	raisingcanes_store	restaurant-food-delivery-research	focused	false
GET	/rappler/article	Rappler	rappler-article	rappler_article	rappler_article	news-media-research	focused	false
GET	/rappler/author	Rappler	rappler-author	rappler_author	rappler_author	news-media-research	focused	false
GET	/rappler/headlines	Rappler	rappler-headlines	rappler_headlines	rappler_headlines	news-media-research	focused	false
GET	/rappler/news	Rappler	rappler-news	rappler_news	rappler_news	news-media-research	focused	false
GET	/rappler/sections	Rappler	rappler-sections	rappler_sections	rappler_sections	news-media-research	focused	false
GET	/rawstory/article	Raw Story	rawstory-article	rawstory_article	rawstory_article	news-media-research	focused	false
GET	/rawstory/author	Raw Story	rawstory-author	rawstory_author	rawstory_author	news-media-research	focused	false
GET	/rawstory/headlines	Raw Story	rawstory-headlines	rawstory_headlines	rawstory_headlines	news-media-research	focused	false
GET	/rawstory/news	Raw Story	rawstory-news	rawstory_news	rawstory_news	news-media-research	focused	false
GET	/rawstory/sections	Raw Story	rawstory-sections	rawstory_sections	rawstory_sections	news-media-research	focused	false
GET	/ready	Meta	ready				outside-exported-mcp	false
GET	/rebag/collections	Rebag	rebag-collections	rebag_collections	rebag_collections	luxury-resale-research	focused	false
GET	/rebag/collections/{handle}/products	Rebag	rebag-collection-products	rebag_collection_products	rebag_collection_products	luxury-resale-research	focused	false
GET	/rebag/pages	Rebag	rebag-pages	rebag_pages	rebag_pages	luxury-resale-research	focused	false
GET	/rebag/pages/{handle}	Rebag	rebag-page	rebag_page	rebag_page	luxury-resale-research	focused	false
GET	/rebag/products	Rebag	rebag-products	rebag_products	rebag_products	luxury-resale-research	focused	false
GET	/rebag/products/{handle}	Rebag	rebag-product	rebag_product	rebag_product	luxury-resale-research	focused	false
GET	/rebag/products/{handle}/recommendations	Rebag	rebag-product-recommendations	rebag_product_recommendations	rebag_product_recommendations	luxury-resale-research	focused	false
GET	/rebag/search	Rebag	rebag-search	rebag_search	rebag_search	luxury-resale-research	focused	false
GET	/rebag/search/suggest	Rebag	rebag-search-suggest	rebag_search_suggest	rebag_search_suggest	luxury-resale-research	focused	false
GET	/rebag/sitemap/urls	Rebag	rebag-sitemap-urls	rebag_sitemap_urls	rebag_sitemap_urls	luxury-resale-research	focused	false
GET	/rebag/sitemaps	Rebag	rebag-sitemaps	rebag_sitemaps	rebag_sitemaps	luxury-resale-research	focused	false
GET	/rebag/store	Rebag	rebag-store	rebag_store	rebag_store	luxury-resale-research	focused	false
GET	/reddit/comments/{id}	Reddit	reddit-comments	reddit_comments	reddit_comments	customer-feedback-analysis, reddit-research, social-media-research	focused	false
GET	/reddit/domain/{domain}/posts	Reddit	reddit-domain-posts	reddit_domain_posts	reddit_domain_posts	reddit-research, social-media-research	focused	false
GET	/reddit/leads	Reddit	reddit-leads	reddit_leads	reddit_leads	reddit-research, social-media-research	focused	false
GET	/reddit/post/{id}	Reddit	reddit-post	reddit_post	reddit_post	customer-feedback-analysis, reddit-research, social-media-research	focused	false
GET	/reddit/search	Reddit	reddit-search	reddit_search	reddit_search	customer-feedback-analysis, reddit-research, social-media-research	focused	false
GET	/reddit/subreddit/{subreddit}/about	Reddit	reddit-subreddit-about	reddit_subreddit_about	reddit_subreddit_about	reddit-research, social-media-research	focused	false
GET	/reddit/subreddit/{subreddit}/comments	Reddit	reddit-subreddit-comments	reddit_subreddit_comments	reddit_subreddit_comments	reddit-research, social-media-research	focused	false
GET	/reddit/subreddit/{subreddit}/posts	Reddit	reddit-subreddit-posts	reddit_subreddit_posts	reddit_subreddit_posts	reddit-research, social-media-research	focused	false
GET	/reddit/subreddits/posts	Reddit	reddit-subreddits-posts	reddit_subreddits_posts	reddit_subreddits_posts	reddit-research, social-media-research	focused	false
GET	/reddit/trends	Reddit	reddit-trends	reddit_trends	reddit_trends	reddit-research, social-media-research	focused	false
GET	/reddit/user/{username}/comments	Reddit	reddit-user-comments	reddit_user_comments	reddit_user_comments	reddit-research, social-media-research	focused	false
GET	/reddit/user/{username}/posts	Reddit	reddit-user-posts	reddit_user_posts	reddit_user_posts	reddit-research, social-media-research	focused	false
GET	/redfin/estimate	Redfin	redfin-estimate	redfin_estimate	redfin_estimate	real-estate-autos-research	focused	false
GET	/redfin/property	Redfin	redfin-property	redfin_property	redfin_property	real-estate-autos-research	focused	false
GET	/redfin/region-trends	Redfin	redfin-region-trends	redfin_region_trends	redfin_region_trends	housing-market-research, real-estate-autos-research	focused	false
GET	/redfin/search	Redfin	redfin-search	redfin_search	redfin_search	housing-market-research, real-estate-autos-research	focused	false
GET	/redfin/similar	Redfin	redfin-similar	redfin_similar	redfin_similar	real-estate-autos-research	focused	false
POST	/referrals/click	Referrals	referrals-click				outside-exported-mcp	false
GET	/referrals/me	Referrals	referrals-me				outside-exported-mcp	false
GET	/referrals/me/events	Referrals	referrals-me-events				outside-exported-mcp	false
GET	/resy/availability	Resy	resy-availability	resy_availability	resy_availability	dining-demand-research	focused	false
GET	/resy/cuisines	Resy	resy-cuisines	resy_cuisines	resy_cuisines	dining-demand-research	focused	false
GET	/resy/event	Resy	resy-event-detail	resy_event_detail	resy_event_detail	dining-demand-research	focused	false
GET	/resy/events	Resy	resy-events	resy_events	resy_events	dining-demand-research	focused	false
GET	/resy/locations	Resy	resy-locations	resy_locations	resy_locations	dining-demand-research	focused	false
GET	/resy/restaurant	Resy	resy-restaurant	resy_restaurant	resy_restaurant	dining-demand-research	focused	false
GET	/resy/search	Resy	resy-search	resy_search	resy_search	dining-demand-research	focused	false
GET	/retailmenot/autocomplete	RetailMeNot	retailmenot-autocomplete	retailmenot_autocomplete	retailmenot_autocomplete	deal-discovery-research	focused	false
GET	/retailmenot/blog-categories	RetailMeNot	retailmenot-blog-categories	retailmenot_blog_categories	retailmenot_blog_categories	deal-discovery-research	focused	false
GET	/retailmenot/blog-post	RetailMeNot	retailmenot-blog-post	retailmenot_blog_post	retailmenot_blog_post	deal-discovery-research	focused	false
GET	/retailmenot/blog-posts	RetailMeNot	retailmenot-blog-posts	retailmenot_blog_posts	retailmenot_blog_posts	deal-discovery-research	focused	false
GET	/retailmenot/blog-tags	RetailMeNot	retailmenot-blog-tags	retailmenot_blog_tags	retailmenot_blog_tags	deal-discovery-research	focused	false
GET	/retailmenot/cashback	RetailMeNot	retailmenot-cashback	retailmenot_cashback	retailmenot_cashback	deal-discovery-research	focused	false
GET	/retailmenot/categories	RetailMeNot	retailmenot-categories	retailmenot_categories	retailmenot_categories	deal-discovery-research	focused	false
GET	/retailmenot/category	RetailMeNot	retailmenot-category	retailmenot_category	retailmenot_category	deal-discovery-research	focused	false
GET	/retailmenot/deal-event	RetailMeNot	retailmenot-deal-event	retailmenot_deal_event	retailmenot_deal_event	deal-discovery-research	focused	false
GET	/retailmenot/deal-events	RetailMeNot	retailmenot-deal-events	retailmenot_deal_events	retailmenot_deal_events	deal-discovery-research	focused	false
GET	/retailmenot/home	RetailMeNot	retailmenot-home	retailmenot_home	retailmenot_home	deal-discovery-research	focused	false
GET	/retailmenot/store	RetailMeNot	retailmenot-store	retailmenot_store	retailmenot_store	deal-discovery-research	focused	false
GET	/retailmenot/stores	RetailMeNot	retailmenot-stores	retailmenot_stores	retailmenot_stores	deal-discovery-research	focused	false
GET	/reuters/article	Reuters	reuters-article	reuters_article	reuters_article	news-media-research	focused	false
GET	/reuters/articles	Reuters	reuters-articles	reuters_articles	reuters_articles	news-media-research	focused	false
GET	/reuters/author	Reuters	reuters-author	reuters_author	reuters_author	news-media-research	focused	false
GET	/reuters/news	Reuters	reuters-news	reuters_news	reuters_news	news-media-research	focused	false
GET	/reuters/section	Reuters	reuters-section	reuters_section	reuters_section	news-media-research	focused	false
GET	/reuters/sections	Reuters	reuters-sections	reuters_sections	reuters_sections	news-media-research	focused	false
GET	/rightmove/agents	Rightmove	rightmove-agents	rightmove_agents	rightmove_agents	real-estate-autos-research	focused	false
GET	/rightmove/agents/{id}	Rightmove	rightmove-agent-branch	rightmove_agent_branch	rightmove_agent_branch	real-estate-autos-research	focused	false
GET	/rightmove/autocomplete	Rightmove	rightmove-autocomplete	rightmove_autocomplete	rightmove_autocomplete	real-estate-autos-research	focused	false
GET	/rightmove/commercial/search	Rightmove	rightmove-commercial-search	rightmove_commercial_search	rightmove_commercial_search	real-estate-autos-research	focused	false
GET	/rightmove/new-homes/search	Rightmove	rightmove-new-homes-search	rightmove_new_homes_search	rightmove_new_homes_search	real-estate-autos-research	focused	false
GET	/rightmove/properties/{id}	Rightmove	rightmove-property	rightmove_property	rightmove_property	real-estate-autos-research	focused	false
GET	/rightmove/search	Rightmove	rightmove-search	rightmove_search	rightmove_search	real-estate-autos-research	focused	false
GET	/rightmove/student/search	Rightmove	rightmove-student-search	rightmove_student_search	rightmove_student_search	real-estate-autos-research	focused	false
GET	/rnz/article	RNZ	rnz-article	rnz_article	rnz_article	news-media-research	focused	false
GET	/rnz/author	RNZ	rnz-author	rnz_author	rnz_author	news-media-research	focused	false
GET	/rnz/headlines	RNZ	rnz-headlines	rnz_headlines	rnz_headlines	news-media-research	focused	false
GET	/rnz/news	RNZ	rnz-news	rnz_news	rnz_news	news-media-research	focused	false
GET	/rnz/sections	RNZ	rnz-sections	rnz_sections	rnz_sections	news-media-research	focused	false
GET	/roblox/badges	Roblox	roblox-badges	roblox_badges	roblox_badges	gaming-research	focused	false
GET	/roblox/game	Roblox	roblox-game	roblox_game	roblox_game	gaming-research	focused	false
GET	/roblox/rankings	Roblox	roblox-rankings	roblox_rankings	roblox_rankings	gaming-research	focused	false
GET	/roblox/search	Roblox	roblox-search	roblox_search	roblox_search	gaming-research	focused	false
GET	/rollingstone/article	Rolling Stone	rollingstone-article	rollingstone_article	rollingstone_article	news-media-research	focused	false
GET	/rollingstone/author	Rolling Stone	rollingstone-author	rollingstone_author	rollingstone_author	news-media-research	focused	false
GET	/rollingstone/headlines	Rolling Stone	rollingstone-headlines	rollingstone_headlines	rollingstone_headlines	news-media-research	focused	false
GET	/rollingstone/news	Rolling Stone	rollingstone-news	rollingstone_news	rollingstone_news	news-media-research	focused	false
GET	/rollingstone/sections	Rolling Stone	rollingstone-sections	rollingstone_sections	rollingstone_sections	news-media-research	focused	false
GET	/rothys/collections	Rothy's	rothys-collections	rothys_collections	rothys_collections	shopify-research	focused	false
GET	/rothys/collections/{handle}/products	Rothy's	rothys-collection-products	rothys_collection_products	rothys_collection_products	shopify-research	focused	false
GET	/rothys/pages	Rothy's	rothys-pages	rothys_pages	rothys_pages	shopify-research	focused	false
GET	/rothys/pages/{handle}	Rothy's	rothys-page	rothys_page	rothys_page	shopify-research	focused	false
GET	/rothys/products	Rothy's	rothys-products	rothys_products	rothys_products	shopify-research	focused	false
GET	/rothys/products/{handle}	Rothy's	rothys-product	rothys_product	rothys_product	shopify-research	focused	false
GET	/rothys/products/{handle}/recommendations	Rothy's	rothys-product-recommendations	rothys_product_recommendations	rothys_product_recommendations	shopify-research	focused	false
GET	/rothys/search/suggest	Rothy's	rothys-search-suggest	rothys_search_suggest	rothys_search_suggest	shopify-research	focused	false
GET	/rothys/sitemap/urls	Rothy's	rothys-sitemap-urls	rothys_sitemap_urls	rothys_sitemap_urls	shopify-research	focused	false
GET	/rothys/sitemaps	Rothy's	rothys-sitemaps	rothys_sitemaps	rothys_sitemaps	shopify-research	focused	false
GET	/rothys/store	Rothy's	rothys-store	rothys_store	rothys_store	shopify-research	focused	false
GET	/rottentomatoes/browse/filters	Rotten Tomatoes	rottentomatoes-browse-filters	rottentomatoes_browse_filters	rottentomatoes_browse_filters	entertainment-discovery-research, movie-tv-research	focused	false
GET	/rottentomatoes/browse/movies	Rotten Tomatoes	rottentomatoes-browse-movies	rottentomatoes_browse_movies	rottentomatoes_browse_movies	entertainment-discovery-research, movie-tv-research	focused	false
GET	/rottentomatoes/browse/tv	Rotten Tomatoes	rottentomatoes-browse-tv	rottentomatoes_browse_tv	rottentomatoes_browse_tv	entertainment-discovery-research, movie-tv-research	focused	false
GET	/rottentomatoes/critics/authors	Rotten Tomatoes	rottentomatoes-critics-authors	rottentomatoes_critics_authors	rottentomatoes_critics_authors	entertainment-discovery-research, movie-tv-research	focused	false
GET	/rottentomatoes/editorial/content	Rotten Tomatoes	rottentomatoes-editorial-content	rottentomatoes_editorial_content	rottentomatoes_editorial_content	entertainment-discovery-research, movie-tv-research	focused	false
GET	/rottentomatoes/editorial/detail	Rotten Tomatoes	rottentomatoes-editorial-detail	rottentomatoes_editorial_detail	rottentomatoes_editorial_detail	entertainment-discovery-research, movie-tv-research	focused	false
GET	/rottentomatoes/editorial/search	Rotten Tomatoes	rottentomatoes-editorial-search	rottentomatoes_editorial_search	rottentomatoes_editorial_search	entertainment-discovery-research, movie-tv-research	focused	false
GET	/rottentomatoes/editorial/section	Rotten Tomatoes	rottentomatoes-editorial-section	rottentomatoes_editorial_section	rottentomatoes_editorial_section	entertainment-discovery-research, movie-tv-research	focused	false
GET	/rottentomatoes/editorial/taxonomies	Rotten Tomatoes	rottentomatoes-editorial-taxonomies	rottentomatoes_editorial_taxonomies	rottentomatoes_editorial_taxonomies	entertainment-discovery-research, movie-tv-research	focused	false
GET	/rottentomatoes/editorial/terms	Rotten Tomatoes	rottentomatoes-editorial-terms	rottentomatoes_editorial_terms	rottentomatoes_editorial_terms	entertainment-discovery-research, movie-tv-research	focused	false
GET	/rottentomatoes/editorial/types	Rotten Tomatoes	rottentomatoes-editorial-types	rottentomatoes_editorial_types	rottentomatoes_editorial_types	entertainment-discovery-research, movie-tv-research	focused	false
GET	/rottentomatoes/episode	Rotten Tomatoes	rottentomatoes-episode	rottentomatoes_episode	rottentomatoes_episode	entertainment-discovery-research, movie-tv-research	focused	false
GET	/rottentomatoes/movie	Rotten Tomatoes	rottentomatoes-movie	rottentomatoes_movie	rottentomatoes_movie	entertainment-discovery-research, movie-tv-research	focused	false
GET	/rottentomatoes/movie/reviews	Rotten Tomatoes	rottentomatoes-movie-reviews	rottentomatoes_movie_reviews	rottentomatoes_movie_reviews	entertainment-discovery-research, movie-tv-research	focused	false
GET	/rottentomatoes/person	Rotten Tomatoes	rottentomatoes-person	rottentomatoes_person	rottentomatoes_person	entertainment-discovery-research, movie-tv-research	focused	false
GET	/rottentomatoes/search	Rotten Tomatoes	rottentomatoes-search	rottentomatoes_search	rottentomatoes_search	entertainment-discovery-research, movie-tv-research	focused	false
GET	/rottentomatoes/season	Rotten Tomatoes	rottentomatoes-season	rottentomatoes_season	rottentomatoes_season	entertainment-discovery-research, movie-tv-research	focused	false
GET	/rottentomatoes/series	Rotten Tomatoes	rottentomatoes-series	rottentomatoes_series	rottentomatoes_series	entertainment-discovery-research, movie-tv-research	focused	false
GET	/rottentomatoes/sitemap/urls	Rotten Tomatoes	rottentomatoes-sitemap-urls	rottentomatoes_sitemap_urls	rottentomatoes_sitemap_urls	entertainment-discovery-research, movie-tv-research	focused	false
GET	/rottentomatoes/sitemaps	Rotten Tomatoes	rottentomatoes-sitemaps	rottentomatoes_sitemaps	rottentomatoes_sitemaps	entertainment-discovery-research, movie-tv-research	focused	false
GET	/rover/search	Rover	rover-sitter-search	rover_sitter_search	rover_sitter_search	pet-services-research	focused	false
GET	/rover/sitter/{slug}	Rover	rover-sitter-profile	rover_sitter_profile	rover_sitter_profile	pet-services-research	focused	false
GET	/rover/trainer-search	Rover	rover-trainer-search	rover_trainer_search	rover_trainer_search	pet-services-research	focused	false
GET	/rover/trainer/{slug}	Rover	rover-trainer-profile	rover_trainer_profile	rover_trainer_profile	pet-services-research	focused	false
GET	/rte/article	RTÉ News	rte-article	rte_article	rte_article	news-media-research	focused	false
GET	/rte/author	RTÉ News	rte-author	rte_author	rte_author	news-media-research	focused	false
GET	/rte/headlines	RTÉ News	rte-headlines	rte_headlines	rte_headlines	news-media-research	focused	false
GET	/rte/news	RTÉ News	rte-news	rte_news	rte_news	news-media-research	focused	false
GET	/rte/sections	RTÉ News	rte-sections	rte_sections	rte_sections	news-media-research	focused	false
GET	/salon/article	Salon	salon-article	salon_article	salon_article	news-media-research	focused	false
GET	/salon/author	Salon	salon-author	salon_author	salon_author	news-media-research	focused	false
GET	/salon/headlines	Salon	salon-headlines	salon_headlines	salon_headlines	news-media-research	focused	false
GET	/salon/news	Salon	salon-news	salon_news	salon_news	news-media-research	focused	false
GET	/salon/sections	Salon	salon-sections	salon_sections	salon_sections	news-media-research	focused	false
GET	/samsclub/category	Sam's Club	samsclub-category	samsclub_category	samsclub_category	product-price-research, samsclub-research	focused	false
GET	/samsclub/content/{id}	Sam's Club	samsclub-content	samsclub_content	samsclub_content	product-price-research, samsclub-research	focused	false
GET	/samsclub/departments	Sam's Club	samsclub-departments	samsclub_departments	samsclub_departments	product-price-research, samsclub-research	focused	false
GET	/samsclub/product/{id}	Sam's Club	samsclub-product	samsclub_product	samsclub_product	product-price-research, samsclub-research	focused	false
GET	/samsclub/product/{id}/related	Sam's Club	samsclub-product-related	samsclub_product_related	samsclub_product_related	product-price-research, samsclub-research	focused	false
GET	/sbsnews/article	SBS News	sbsnews-article	sbsnews_article	sbsnews_article	news-media-research	focused	false
GET	/sbsnews/author	SBS News	sbsnews-author	sbsnews_author	sbsnews_author	news-media-research	focused	false
GET	/sbsnews/headlines	SBS News	sbsnews-headlines	sbsnews_headlines	sbsnews_headlines	news-media-research	focused	false
GET	/sbsnews/news	SBS News	sbsnews-news	sbsnews_news	sbsnews_news	news-media-research	focused	false
GET	/sbsnews/sections	SBS News	sbsnews-sections	sbsnews_sections	sbsnews_sections	news-media-research	focused	false
GET	/sciencealert/article	ScienceAlert	sciencealert-article	sciencealert_article	sciencealert_article	news-media-research	focused	false
GET	/sciencealert/author	ScienceAlert	sciencealert-author	sciencealert_author	sciencealert_author	news-media-research	focused	false
GET	/sciencealert/headlines	ScienceAlert	sciencealert-headlines	sciencealert_headlines	sciencealert_headlines	news-media-research	focused	false
GET	/sciencealert/news	ScienceAlert	sciencealert-news	sciencealert_news	sciencealert_news	news-media-research	focused	false
GET	/sciencealert/sections	ScienceAlert	sciencealert-sections	sciencealert_sections	sciencealert_sections	news-media-research	focused	false
GET	/scmp/article	SCMP	scmp-article	scmp_article	scmp_article	news-media-research	focused	false
GET	/scmp/author	SCMP	scmp-author	scmp_author	scmp_author	news-media-research	focused	false
GET	/scmp/headlines	SCMP	scmp-headlines	scmp_headlines	scmp_headlines	news-media-research	focused	false
GET	/scmp/sections	SCMP	scmp-sections	scmp_sections	scmp_sections	news-media-research	focused	false
GET	/screenrant/article	ScreenRant	screenrant-article	screenrant_article	screenrant_article	news-media-research	focused	false
GET	/screenrant/author	ScreenRant	screenrant-author	screenrant_author	screenrant_author	news-media-research	focused	false
GET	/screenrant/headlines	ScreenRant	screenrant-headlines	screenrant_headlines	screenrant_headlines	news-media-research	focused	false
GET	/screenrant/news	ScreenRant	screenrant-news	screenrant_news	screenrant_news	news-media-research	focused	false
GET	/screenrant/sections	ScreenRant	screenrant-sections	screenrant_sections	screenrant_sections	news-media-research	focused	false
GET	/seatgeek/categories	SeatGeek	seatgeek-categories	seatgeek_categories	seatgeek_categories	live-events-ticketing-research	focused	false
GET	/seatgeek/cities	SeatGeek	seatgeek-cities	seatgeek_cities	seatgeek_cities	live-events-ticketing-research	focused	false
GET	/seatgeek/event	SeatGeek	seatgeek-event	seatgeek_event	seatgeek_event	live-events-ticketing-research	focused	false
GET	/seatgeek/events-by-category	SeatGeek	seatgeek-events-by-category	seatgeek_events_by_category	seatgeek_events_by_category	live-events-ticketing-research	focused	false
GET	/seatgeek/events-near	SeatGeek	seatgeek-events-near	seatgeek_events_near	seatgeek_events_near	live-events-ticketing-research	focused	false
GET	/seatgeek/performer	SeatGeek	seatgeek-performer	seatgeek_performer	seatgeek_performer	live-events-ticketing-research	focused	false
GET	/seatgeek/performer-events	SeatGeek	seatgeek-performer-events	seatgeek_performer_events	seatgeek_performer_events	live-events-ticketing-research	focused	false
GET	/seatgeek/search	SeatGeek	seatgeek-search	seatgeek_search	seatgeek_search	live-events-ticketing-research	focused	false
GET	/seatgeek/trending	SeatGeek	seatgeek-trending	seatgeek_trending	seatgeek_trending	live-events-ticketing-research	focused	false
GET	/seatgeek/venue	SeatGeek	seatgeek-venue	seatgeek_venue	seatgeek_venue	live-events-ticketing-research	focused	false
GET	/seatgeek/venue-events	SeatGeek	seatgeek-venue-events	seatgeek_venue_events	seatgeek_venue_events	live-events-ticketing-research	focused	false
GET	/seattletimes/article	Seattle Times	seattletimes-article	seattletimes_article	seattletimes_article	news-media-research	focused	false
GET	/seattletimes/author	Seattle Times	seattletimes-author	seattletimes_author	seattletimes_author	news-media-research	focused	false
GET	/seattletimes/headlines	Seattle Times	seattletimes-headlines	seattletimes_headlines	seattletimes_headlines	news-media-research	focused	false
GET	/seattletimes/news	Seattle Times	seattletimes-news	seattletimes_news	seattletimes_news	news-media-research	focused	false
GET	/seattletimes/sections	Seattle Times	seattletimes-sections	seattletimes_sections	seattletimes_sections	news-media-research	focused	false
GET	/sec/company/intelligence	SEC EDGAR	sec-company-intelligence	sec_company_intelligence	sec_company_intelligence	finance-markets-research, sec-filings-research	focused	false
GET	/sec/company/search	SEC EDGAR	sec-company-search	sec_company_search	sec_company_search	earnings-event-research, finance-markets-research, sec-filings-research	focused	false
GET	/sec/company/submissions	SEC EDGAR	sec-company-submissions	sec_company_submissions	sec_company_submissions	earnings-event-research, finance-markets-research, sec-filings-research	focused	false
GET	/sec/filing	SEC EDGAR	sec-filing	sec_filing	sec_filing	finance-markets-research, sec-filings-research	focused	false
GET	/sec/filing/sections	SEC EDGAR	sec-filing-sections	sec_filing_sections	sec_filing_sections	earnings-event-research, finance-markets-research, sec-filings-research	focused	false
GET	/sec/financials	SEC EDGAR	sec-financials	sec_financials	sec_financials	earnings-event-research, finance-markets-research, sec-filings-research	focused	false
GET	/sec/frames	SEC EDGAR	sec-frames	sec_frames	sec_frames	finance-markets-research, sec-filings-research	focused	false
GET	/sec/full-text-search	SEC EDGAR	sec-full-text-search	sec_full_text_search	sec_full_text_search	finance-markets-research, sec-filings-research	focused	false
GET	/sec/insider	SEC EDGAR	sec-insider	sec_insider	sec_insider	finance-markets-research, sec-filings-research	focused	false
GET	/sec/institutional-holdings	SEC EDGAR	sec-institutional-holdings	sec_institutional_holdings	sec_institutional_holdings	finance-markets-research, sec-filings-research	focused	false
GET	/sephora/brands	Sephora	sephora-brands	sephora_brands	sephora_brands	product-price-research	focused	false
GET	/sephora/categories	Sephora	sephora-categories	sephora_categories	sephora_categories	product-price-research	focused	false
GET	/sephora/category	Sephora	sephora-category	sephora_category	sephora_category	product-price-research	focused	false
GET	/sephora/product	Sephora	sephora-product	sephora_product	sephora_product	product-price-research	focused	false
GET	/sephora/product/questions	Sephora	sephora-product-questions	sephora_product_questions	sephora_product_questions	product-price-research	focused	false
GET	/sephora/product/reviews	Sephora	sephora-product-reviews	sephora_product_reviews	sephora_product_reviews	product-price-research	focused	false
GET	/sephora/search	Sephora	sephora-search	sephora_search	sephora_search	product-price-research	focused	false
GET	/sephora/stores	Sephora	sephora-stores	sephora_stores	sephora_stores	product-price-research	focused	false
GET	/sephora/suggest	Sephora	sephora-suggest	sephora_suggest	sephora_suggest	product-price-research	focused	false
GET	/sevennewsau/article	7NEWS Australia	sevennewsau-article	sevennewsau_article	sevennewsau_article	news-media-research	focused	false
GET	/sevennewsau/author	7NEWS Australia	sevennewsau-author	sevennewsau_author	sevennewsau_author	news-media-research	focused	false
GET	/sevennewsau/headlines	7NEWS Australia	sevennewsau-headlines	sevennewsau_headlines	sevennewsau_headlines	news-media-research	focused	false
GET	/sevennewsau/news	7NEWS Australia	sevennewsau-news	sevennewsau_news	sevennewsau_news	news-media-research	focused	false
GET	/sevennewsau/sections	7NEWS Australia	sevennewsau-sections	sevennewsau_sections	sevennewsau_sections	news-media-research	focused	false
GET	/sfgate/article	SFGate	sfgate-article	sfgate_article	sfgate_article	news-media-research	focused	false
GET	/sfgate/author	SFGate	sfgate-author	sfgate_author	sfgate_author	news-media-research	focused	false
GET	/sfgate/headlines	SFGate	sfgate-headlines	sfgate_headlines	sfgate_headlines	news-media-research	focused	false
GET	/sfgate/news	SFGate	sfgate-news	sfgate_news	sfgate_news	news-media-research	focused	false
GET	/sfgate/sections	SFGate	sfgate-sections	sfgate_sections	sfgate_sections	news-media-research	focused	false
GET	/shakeshack/locations	Shake Shack	shakeshack-locations	shakeshack_locations	shakeshack_locations	restaurant-food-delivery-research	focused	false
GET	/shakeshack/menu	Shake Shack	shakeshack-menu	shakeshack_menu	shakeshack_menu	restaurant-food-delivery-research	focused	false
GET	/shakeshack/nearby	Shake Shack	shakeshack-nearby	shakeshack_nearby	shakeshack_nearby	restaurant-food-delivery-research	focused	false
GET	/shakeshack/store	Shake Shack	shakeshack-store	shakeshack_store	shakeshack_store	restaurant-food-delivery-research	focused	false
GET	/shein/category/filters	SHEIN	shein-category-filters	shein_category_filters	shein_category_filters	product-price-research	focused	false
GET	/shein/category/goods	SHEIN	shein-category-goods	shein_category_goods	shein_category_goods	product-price-research	focused	false
GET	/shein/category/nav	SHEIN	shein-category-nav	shein_category_nav	shein_category_nav	product-price-research	focused	false
POST	/shein/products/aggregation-filters	SHEIN	shein-products-aggregation-filters	shein_products_aggregation_filters	shein_products_aggregation_filters	product-price-research	focused	false
GET	/shein/products/detail	SHEIN	shein-products-detail	shein_products_detail	shein_products_detail	product-price-research	focused	false
POST	/shein/products/search	SHEIN	shein-products-search	shein_products_search	shein_products_search	product-price-research	focused	false
POST	/shein/search/autocomplete	SHEIN	shein-search-autocomplete	shein_search_autocomplete	shein_search_autocomplete	product-price-research	focused	false
POST	/shein/search/keywords	SHEIN	shein-search-keywords	shein_search_keywords	shein_search_keywords	product-price-research	focused	false
GET	/shop-app/analysis	Shop.app	shop-app-analysis	shop_app_analysis	shop_app_analysis	product-price-research, shop-app-research	focused	false
GET	/shop-app/categories	Shop.app	shop-app-categories	shop_app_categories	shop_app_categories	product-price-research, shop-app-research	focused	false
GET	/shop-app/products/{id}	Shop.app	shop-app-product	shop_app_product	shop_app_product	product-price-research, shop-app-research	focused	false
GET	/shop-app/products/{id}/related	Shop.app	shop-app-product-related	shop_app_product_related	shop_app_product_related	product-price-research, shop-app-research	focused	false
GET	/shop-app/products/{id}/reviews	Shop.app	shop-app-product-reviews	shop_app_product_reviews	shop_app_product_reviews	product-price-research, shop-app-research	focused	false
GET	/shop-app/products/{id}/shop	Shop.app	shop-app-product-shop	shop_app_product_shop	shop_app_product_shop	product-price-research, shop-app-research	focused	false
GET	/shop-app/products/{id}/variant	Shop.app	shop-app-product-variant	shop_app_product_variant	shop_app_product_variant	product-price-research, shop-app-research	focused	false
GET	/shop-app/products/{id}/variants	Shop.app	shop-app-product-variants	shop_app_product_variants	shop_app_product_variants	product-price-research, shop-app-research	focused	false
GET	/shop-app/search	Shop.app	shop-app-search	shop_app_search	shop_app_search	product-price-research, shop-app-research	focused	false
GET	/shop-app/shops/{handle}	Shop.app	shop-app-shop	shop_app_shop	shop_app_shop	product-price-research, shop-app-research	focused	false
GET	/shop-app/shops/{handle}/collections/{collection_id}/products	Shop.app	shop-app-collection-products	shop_app_collection_products	shop_app_collection_products	product-price-research, shop-app-research	focused	false
GET	/shop-app/shops/{handle}/locations	Shop.app	shop-app-shop-locations	shop_app_shop_locations	shop_app_shop_locations	product-price-research, shop-app-research	focused	false
GET	/shop-app/shops/{handle}/products	Shop.app	shop-app-shop-products	shop_app_shop_products	shop_app_shop_products	product-price-research, shop-app-research	focused	false
GET	/shop-app/shops/{handle}/reviews	Shop.app	shop-app-shop-reviews	shop_app_shop_reviews	shop_app_shop_reviews	product-price-research, shop-app-research	focused	false
GET	/shop-app/shops/{handle}/typeahead	Shop.app	shop-app-shop-typeahead	shop_app_shop_typeahead	shop_app_shop_typeahead	product-price-research, shop-app-research	focused	false
GET	/shop-app/suggestions	Shop.app	shop-app-suggestions	shop_app_suggestions	shop_app_suggestions	product-price-research, shop-app-research	focused	false
GET	/shopify/collections	Shopify	shopify-collections	shopify_collections	shopify_collections	product-price-research, retail-assortment-gap-analysis, shopify-research	focused	false
GET	/shopify/collections/{handle}/products	Shopify	shopify-collection-products	shopify_collection_products	shopify_collection_products	product-price-research, retail-assortment-gap-analysis, shopify-research	focused	false
GET	/shopify/pages	Shopify	shopify-pages	shopify_pages	shopify_pages	product-price-research, shopify-research	focused	false
GET	/shopify/pages/{handle}	Shopify	shopify-page	shopify_page	shopify_page	product-price-research, shopify-research	focused	false
GET	/shopify/products	Shopify	shopify-products	shopify_products	shopify_products	product-price-research, retail-assortment-gap-analysis, shopify-research	focused	false
GET	/shopify/products/{handle}	Shopify	shopify-product	shopify_product	shopify_product	product-price-research, retail-assortment-gap-analysis, shopify-research	focused	false
GET	/shopify/products/{handle}/recommendations	Shopify	shopify-product-recommendations	shopify_product_recommendations	shopify_product_recommendations	product-price-research, shopify-research	focused	false
GET	/shopify/search/suggest	Shopify	shopify-search-suggest	shopify_search_suggest	shopify_search_suggest	product-price-research, shopify-research	focused	false
GET	/shopify/sitemap/urls	Shopify	shopify-sitemap-urls	shopify_sitemap_urls	shopify_sitemap_urls	product-price-research, shopify-research	focused	false
GET	/shopify/sitemaps	Shopify	shopify-sitemaps	shopify_sitemaps	shopify_sitemaps	product-price-research, shopify-research	focused	false
GET	/shopify/store	Shopify	shopify-store	shopify_store	shopify_store	product-price-research, retail-assortment-gap-analysis, shopify-research	focused	false
GET	/similarweb/search	SimilarWeb	similarweb-search	similarweb_search	similarweb_search	competitor-intelligence, web-utilities-research	focused	false
GET	/similarweb/web/{domain}	SimilarWeb	similarweb-web	similarweb_web	similarweb_web	competitor-intelligence, web-utilities-research	focused	false
GET	/skims/collections	SKIMS	skims-collections	skims_collections	skims_collections	shopify-research	focused	false
GET	/skims/collections/{handle}/products	SKIMS	skims-collection-products	skims_collection_products	skims_collection_products	shopify-research	focused	false
GET	/skims/pages	SKIMS	skims-pages	skims_pages	skims_pages	shopify-research	focused	false
GET	/skims/pages/{handle}	SKIMS	skims-page	skims_page	skims_page	shopify-research	focused	false
GET	/skims/products	SKIMS	skims-products	skims_products	skims_products	shopify-research	focused	false
GET	/skims/products/{handle}	SKIMS	skims-product	skims_product	skims_product	shopify-research	focused	false
GET	/skims/products/{handle}/recommendations	SKIMS	skims-product-recommendations	skims_product_recommendations	skims_product_recommendations	shopify-research	focused	false
GET	/skims/search/suggest	SKIMS	skims-search-suggest	skims_search_suggest	skims_search_suggest	shopify-research	focused	false
GET	/skims/sitemap/urls	SKIMS	skims-sitemap-urls	skims_sitemap_urls	skims_sitemap_urls	shopify-research	focused	false
GET	/skims/sitemaps	SKIMS	skims-sitemaps	skims_sitemaps	skims_sitemaps	shopify-research	focused	false
GET	/skims/store	SKIMS	skims-store	skims_store	skims_store	shopify-research	focused	false
GET	/skynews/article	Sky News	skynews-article	skynews_article	skynews_article	news-media-research	focused	false
GET	/skynews/author	Sky News	skynews-author	skynews_author	skynews_author	news-media-research	focused	false
GET	/skynews/headlines	Sky News	skynews-headlines	skynews_headlines	skynews_headlines	news-media-research	focused	false
GET	/skynews/news	Sky News	skynews-news	skynews_news	skynews_news	news-media-research	focused	false
GET	/skynews/sections	Sky News	skynews-sections	skynews_sections	skynews_sections	news-media-research	focused	false
GET	/skynews/video	Sky News	skynews-video	skynews_video	skynews_video	news-media-research	focused	false
GET	/skynews/videos	Sky News	skynews-videos	skynews_videos	skynews_videos	news-media-research	focused	false
GET	/skysports/article	Sky Sports	skysports-article	skysports_article	skysports_article	news-media-research	focused	false
GET	/skysports/author	Sky Sports	skysports-author	skysports_author	skysports_author	news-media-research	focused	false
GET	/skysports/headlines	Sky Sports	skysports-headlines	skysports_headlines	skysports_headlines	news-media-research	focused	false
GET	/skysports/news	Sky Sports	skysports-news	skysports_news	skysports_news	news-media-research	focused	false
GET	/skysports/sections	Sky Sports	skysports-sections	skysports_sections	skysports_sections	news-media-research	focused	false
GET	/slate/article	Slate	slate-article	slate_article	slate_article	news-media-research	focused	false
GET	/slate/categories	Slate	slate-categories	slate_categories	slate_categories	news-media-research	focused	false
GET	/slate/headlines	Slate	slate-headlines	slate_headlines	slate_headlines	news-media-research	focused	false
GET	/slickdeals/categories	Slickdeals	slickdeals-categories	slickdeals_categories	slickdeals_categories	deal-discovery-research	focused	false
GET	/slickdeals/category	Slickdeals	slickdeals-category	slickdeals_category	slickdeals_category	deal-discovery-research	focused	false
GET	/slickdeals/comments	Slickdeals	slickdeals-comments	slickdeals_comments	slickdeals_comments	deal-discovery-research	focused	false
GET	/slickdeals/deal	Slickdeals	slickdeals-deal	slickdeals_deal	slickdeals_deal	deal-discovery-research	focused	false
GET	/slickdeals/deal-types	Slickdeals	slickdeals-deal-types	slickdeals_deal_types	slickdeals_deal_types	deal-discovery-research	focused	false
GET	/slickdeals/forums	Slickdeals	slickdeals-forums	slickdeals_forums	slickdeals_forums	deal-discovery-research	focused	false
GET	/slickdeals/frontpage	Slickdeals	slickdeals-frontpage	slickdeals_frontpage	slickdeals_frontpage	deal-discovery-research	focused	false
GET	/slickdeals/primary-categories	Slickdeals	slickdeals-primary-categories	slickdeals_primary_categories	slickdeals_primary_categories	deal-discovery-research	focused	false
GET	/slickdeals/primary-category	Slickdeals	slickdeals-primary-category	slickdeals_primary_category	slickdeals_primary_category	deal-discovery-research	focused	false
GET	/slickdeals/search	Slickdeals	slickdeals-search	slickdeals_search	slickdeals_search	deal-discovery-research	focused	false
GET	/slickdeals/search/advanced	Slickdeals	slickdeals-search-advanced	slickdeals_search_advanced	slickdeals_search_advanced	deal-discovery-research	focused	false
GET	/sloanreview/article	MIT Sloan Management Review	sloanreview-article	sloanreview_article	sloanreview_article	news-media-research	focused	false
GET	/sloanreview/articles	MIT Sloan Management Review	sloanreview-articles	sloanreview_articles	sloanreview_articles	news-media-research	focused	false
GET	/sloanreview/categories	MIT Sloan Management Review	sloanreview-categories	sloanreview_categories	sloanreview_categories	news-media-research	focused	false
GET	/sloanreview/headlines	MIT Sloan Management Review	sloanreview-headlines	sloanreview_headlines	sloanreview_headlines	news-media-research	focused	false
GET	/sloanreview/topic	MIT Sloan Management Review	sloanreview-topic	sloanreview_topic	sloanreview_topic	news-media-research	focused	false
GET	/smh/article	The Sydney Morning Herald	smh-article	smh_article	smh_article	news-media-research	focused	false
GET	/smh/author	The Sydney Morning Herald	smh-author	smh_author	smh_author	news-media-research	focused	false
GET	/smh/headlines	The Sydney Morning Herald	smh-headlines	smh_headlines	smh_headlines	news-media-research	focused	false
GET	/smh/news	The Sydney Morning Herald	smh-news	smh_news	smh_news	news-media-research	focused	false
GET	/smh/sections	The Sydney Morning Herald	smh-sections	smh_sections	smh_sections	news-media-research	focused	false
GET	/sofascore/event	SofaScore	sofascore-event	sofascore_event	sofascore_event	sports-betting-research, sports-scores-research	focused	false
GET	/sofascore/event-h2h	SofaScore	sofascore-event-h2h	sofascore_event_h2h	sofascore_event_h2h	sports-betting-research, sports-scores-research	focused	false
GET	/sofascore/event-incidents	SofaScore	sofascore-event-incidents	sofascore_event_incidents	sofascore_event_incidents	sports-betting-research, sports-scores-research	focused	false
GET	/sofascore/event-lineups	SofaScore	sofascore-event-lineups	sofascore_event_lineups	sofascore_event_lineups	sports-betting-research, sports-scores-research	focused	false
GET	/sofascore/event-odds	SofaScore	sofascore-event-odds	sofascore_event_odds	sofascore_event_odds	sports-betting-research, sports-scores-research	focused	false
GET	/sofascore/event-statistics	SofaScore	sofascore-event-statistics	sofascore_event_statistics	sofascore_event_statistics	sports-betting-research, sports-scores-research	focused	false
GET	/sofascore/live-events	SofaScore	sofascore-live-events	sofascore_live_events	sofascore_live_events	sports-betting-research, sports-scores-research	focused	false
GET	/sofascore/player	SofaScore	sofascore-player	sofascore_player	sofascore_player	sports-betting-research, sports-scores-research	focused	false
GET	/sofascore/round-events	SofaScore	sofascore-round-events	sofascore_round_events	sofascore_round_events	sports-betting-research, sports-scores-research	focused	false
GET	/sofascore/search	SofaScore	sofascore-search	sofascore_search	sofascore_search	sports-betting-research, sports-scores-research	focused	false
GET	/sofascore/standings	SofaScore	sofascore-standings	sofascore_standings	sofascore_standings	sports-betting-research, sports-scores-research	focused	false
GET	/sofascore/team	SofaScore	sofascore-team	sofascore_team	sofascore_team	sports-betting-research, sports-scores-research	focused	false
GET	/sofascore/team-events	SofaScore	sofascore-team-events	sofascore_team_events	sofascore_team_events	sports-betting-research, sports-scores-research	focused	false
GET	/sofascore/team-players	SofaScore	sofascore-team-players	sofascore_team_players	sofascore_team_players	sports-betting-research, sports-scores-research	focused	false
GET	/sofascore/tournament-seasons	SofaScore	sofascore-tournament-seasons	sofascore_tournament_seasons	sofascore_tournament_seasons	sports-betting-research, sports-scores-research	focused	false
GET	/sonic/availability	Sonic	sonic-availability	sonic_availability	sonic_availability	restaurant-food-delivery-research	focused	false
GET	/sonic/categories	Sonic	sonic-categories	sonic_categories	sonic_categories	restaurant-food-delivery-research	focused	false
GET	/sonic/deals	Sonic	sonic-deals	sonic_deals	sonic_deals	restaurant-food-delivery-research	focused	false
GET	/sonic/directory	Sonic	sonic-directory	sonic_directory	sonic_directory	restaurant-food-delivery-research	focused	false
GET	/sonic/item	Sonic	sonic-item	sonic_item	sonic_item	restaurant-food-delivery-research	focused	false
GET	/sonic/location-suggest	Sonic	sonic-location-suggest	sonic_location_suggest	sonic_location_suggest	restaurant-food-delivery-research	focused	false
GET	/sonic/locations	Sonic	sonic-locations	sonic_locations	sonic_locations	restaurant-food-delivery-research	focused	false
GET	/sonic/menu	Sonic	sonic-menu	sonic_menu	sonic_menu	restaurant-food-delivery-research	focused	false
GET	/sonic/nearby	Sonic	sonic-nearby	sonic_nearby	sonic_nearby	restaurant-food-delivery-research	focused	false
GET	/sonic/nutrition-documents	Sonic	sonic-nutrition-documents	sonic_nutrition_documents	sonic_nutrition_documents	restaurant-food-delivery-research	focused	false
GET	/sonic/sitemap	Sonic	sonic-sitemap	sonic_sitemap	sonic_sitemap	restaurant-food-delivery-research	focused	false
GET	/sonic/store	Sonic	sonic-store	sonic_store	sonic_store	restaurant-food-delivery-research	focused	false
GET	/soundcloud/playlist	SoundCloud	soundcloud-playlist	soundcloud_playlist	soundcloud_playlist	music-podcast-research	focused	false
GET	/soundcloud/profile	SoundCloud	soundcloud-profile	soundcloud_profile	soundcloud_profile	music-podcast-research	focused	false
GET	/soundcloud/search	SoundCloud	soundcloud-search	soundcloud_search	soundcloud_search	music-podcast-research	focused	false
GET	/soundcloud/track	SoundCloud	soundcloud-track	soundcloud_track	soundcloud_track	music-podcast-research	focused	false
GET	/soundcloud/user-tracks	SoundCloud	soundcloud-user-tracks	soundcloud_user_tracks	soundcloud_user_tracks	music-podcast-research	focused	false
GET	/space/article	Space	space-article	space_article	space_article	news-media-research	focused	false
GET	/space/author	Space	space-author	space_author	space_author	news-media-research	focused	false
GET	/space/headlines	Space	space-headlines	space_headlines	space_headlines	news-media-research	focused	false
GET	/space/news	Space	space-news	space_news	space_news	news-media-research	focused	false
GET	/space/sections	Space	space-sections	space_sections	space_sections	news-media-research	focused	false
GET	/sparkfun/categories	SparkFun	sparkfun-categories	sparkfun_categories	sparkfun_categories	product-price-research	focused	false
GET	/sparkfun/category	SparkFun	sparkfun-category	sparkfun_category	sparkfun_category	product-price-research	focused	false
GET	/sparkfun/product	SparkFun	sparkfun-product	sparkfun_product	sparkfun_product	product-price-research	focused	false
GET	/sparkfun/search	SparkFun	sparkfun-search	sparkfun_search	sparkfun_search	product-price-research	focused	false
GET	/sportingnews/article	Sporting News	sportingnews-article	sportingnews_article	sportingnews_article	news-media-research	focused	false
GET	/sportingnews/author	Sporting News	sportingnews-author	sportingnews_author	sportingnews_author	news-media-research	focused	false
GET	/sportingnews/headlines	Sporting News	sportingnews-headlines	sportingnews_headlines	sportingnews_headlines	news-media-research	focused	false
GET	/sportingnews/news	Sporting News	sportingnews-news	sportingnews_news	sportingnews_news	news-media-research	focused	false
GET	/sportingnews/sections	Sporting News	sportingnews-sections	sportingnews_sections	sportingnews_sections	news-media-research	focused	false
GET	/sportskeeda/article	Sportskeeda	sportskeeda-article	sportskeeda_article	sportskeeda_article	sports-scores-research	focused	false
GET	/sportskeeda/author	Sportskeeda	sportskeeda-author	sportskeeda_author	sportskeeda_author	sports-scores-research	focused	false
GET	/sportskeeda/college-basketball-schedule	Sportskeeda	sportskeeda-college-basketball-schedule	sportskeeda_college_basketball_schedule	sportskeeda_college_basketball_schedule	sports-scores-research	focused	false
GET	/sportskeeda/college-basketball-schedule-options	Sportskeeda	sportskeeda-college-basketball-schedule-options	sportskeeda_college_basketball_schedule_options	sportskeeda_college_basketball_schedule_options	sports-scores-research	focused	false
GET	/sportskeeda/cricket-commentary	Sportskeeda	sportskeeda-cricket-commentary	sportskeeda_cricket_commentary	sportskeeda_cricket_commentary	sports-scores-research	focused	false
GET	/sportskeeda/cricket-match	Sportskeeda	sportskeeda-cricket-match	sportskeeda_cricket_match	sportskeeda_cricket_match	sports-scores-research	focused	false
GET	/sportskeeda/depth-chart	Sportskeeda	sportskeeda-depth-chart	sportskeeda_depth_chart	sportskeeda_depth_chart	sports-scores-research	focused	false
GET	/sportskeeda/draft-picks	Sportskeeda	sportskeeda-draft-picks	sportskeeda_draft_picks	sportskeeda_draft_picks	sports-scores-research	focused	false
GET	/sportskeeda/draft-picks-options	Sportskeeda	sportskeeda-draft-picks-options	sportskeeda_draft_picks_options	sportskeeda_draft_picks_options	sports-scores-research	focused	false
GET	/sportskeeda/event-calendar	Sportskeeda	sportskeeda-event-calendar	sportskeeda_event_calendar	sportskeeda_event_calendar	sports-scores-research	focused	false
GET	/sportskeeda/event-calendar-options	Sportskeeda	sportskeeda-event-calendar-options	sportskeeda_event_calendar_options	sportskeeda_event_calendar_options	sports-scores-research	focused	false
GET	/sportskeeda/feed	Sportskeeda	sportskeeda-feed	sportskeeda_feed	sportskeeda_feed	sports-scores-research	focused	false
GET	/sportskeeda/football-data	Sportskeeda	sportskeeda-football-data	sportskeeda_football_data	sportskeeda_football_data	sports-scores-research	focused	false
GET	/sportskeeda/football-options	Sportskeeda	sportskeeda-football-options	sportskeeda_football_options	sportskeeda_football_options	sports-scores-research	focused	false
GET	/sportskeeda/guessing-game	Sportskeeda	sportskeeda-guessing-game	sportskeeda_guessing_game	sportskeeda_guessing_game	sports-scores-research	focused	false
GET	/sportskeeda/guessing-game-entities	Sportskeeda	sportskeeda-guessing-game-entities	sportskeeda_guessing_game_entities	sportskeeda_guessing_game_entities	sports-scores-research	focused	false
GET	/sportskeeda/guessing-games	Sportskeeda	sportskeeda-guessing-games	sportskeeda_guessing_games	sportskeeda_guessing_games	sports-scores-research	focused	false
GET	/sportskeeda/nba-queries	Sportskeeda	sportskeeda-nba-queries	sportskeeda_nba_queries	sportskeeda_nba_queries	sports-scores-research	focused	false
GET	/sportskeeda/news	Sportskeeda	sportskeeda-news	sportskeeda_news	sportskeeda_news	sports-scores-research	focused	false
GET	/sportskeeda/page-data	Sportskeeda	sportskeeda-page-data	sportskeeda_page_data	sportskeeda_page_data	sports-scores-research	focused	false
GET	/sportskeeda/page-options	Sportskeeda	sportskeeda-page-options	sportskeeda_page_options	sportskeeda_page_options	sports-scores-research	focused	false
GET	/sportskeeda/player-stats	Sportskeeda	sportskeeda-player-stats	sportskeeda_player_stats	sportskeeda_player_stats	sports-scores-research	focused	false
GET	/sportskeeda/profile	Sportskeeda	sportskeeda-profile	sportskeeda_profile	sportskeeda_profile	sports-scores-research	focused	false
GET	/sportskeeda/quiz	Sportskeeda	sportskeeda-quiz	sportskeeda_quiz	sportskeeda_quiz	sports-scores-research	focused	false
GET	/sportskeeda/quiz-categories	Sportskeeda	sportskeeda-quiz-categories	sportskeeda_quiz_categories	sportskeeda_quiz_categories	sports-scores-research	focused	false
GET	/sportskeeda/quizzes	Sportskeeda	sportskeeda-quizzes	sportskeeda_quizzes	sportskeeda_quizzes	sports-scores-research	focused	false
GET	/sportskeeda/salary-cap	Sportskeeda	sportskeeda-salary-cap	sportskeeda_salary_cap	sportskeeda_salary_cap	sports-scores-research	focused	false
GET	/sportskeeda/schedule	Sportskeeda	sportskeeda-schedule	sportskeeda_schedule	sportskeeda_schedule	sports-scores-research	focused	false
GET	/sportskeeda/sections	Sportskeeda	sportskeeda-sections	sportskeeda_sections	sportskeeda_sections	sports-scores-research	focused	false
GET	/sportskeeda/sitemap-items	Sportskeeda	sportskeeda-sitemap-items	sportskeeda_sitemap_items	sportskeeda_sitemap_items	sports-scores-research	focused	false
GET	/sportskeeda/sitemaps	Sportskeeda	sportskeeda-sitemaps	sportskeeda_sitemaps	sportskeeda_sitemaps	sports-scores-research	focused	false
GET	/sportskeeda/standings	Sportskeeda	sportskeeda-standings	sportskeeda_standings	sportskeeda_standings	sports-scores-research	focused	false
GET	/sportskeeda/standings-options	Sportskeeda	sportskeeda-standings-options	sportskeeda_standings_options	sportskeeda_standings_options	sports-scores-research	focused	false
GET	/sportskeeda/taxonomy-search	Sportskeeda	sportskeeda-taxonomy-search	sportskeeda_taxonomy_search	sportskeeda_taxonomy_search	sports-scores-research	focused	false
GET	/sportskeeda/topic	Sportskeeda	sportskeeda-topic	sportskeeda_topic	sportskeeda_topic	sports-scores-research	focused	false
GET	/sportskeeda/trade-values	Sportskeeda	sportskeeda-trade-values	sportskeeda_trade_values	sportskeeda_trade_values	sports-scores-research	focused	false
GET	/sportskeeda/transactions	Sportskeeda	sportskeeda-transactions	sportskeeda_transactions	sportskeeda_transactions	sports-scores-research	focused	false
GET	/sportskeeda/transactions-options	Sportskeeda	sportskeeda-transactions-options	sportskeeda_transactions_options	sportskeeda_transactions_options	sports-scores-research	focused	false
GET	/sportskeeda/video	Sportskeeda	sportskeeda-video	sportskeeda_video	sportskeeda_video	sports-scores-research	focused	false
GET	/sportskeeda/videos	Sportskeeda	sportskeeda-videos	sportskeeda_videos	sportskeeda_videos	sports-scores-research	focused	false
GET	/sportskeeda/wiki-activity	Sportskeeda	sportskeeda-wiki-activity	sportskeeda_wiki_activity	sportskeeda_wiki_activity	sports-scores-research	focused	false
GET	/sportskeeda/wiki-article	Sportskeeda	sportskeeda-wiki-article	sportskeeda_wiki_article	sportskeeda_wiki_article	sports-scores-research	focused	false
GET	/sportskeeda/wiki-categories	Sportskeeda	sportskeeda-wiki-categories	sportskeeda_wiki_categories	sportskeeda_wiki_categories	sports-scores-research	focused	false
GET	/sportskeeda/wiki-contributors	Sportskeeda	sportskeeda-wiki-contributors	sportskeeda_wiki_contributors	sportskeeda_wiki_contributors	sports-scores-research	focused	false
GET	/sportskeeda/wiki-issues	Sportskeeda	sportskeeda-wiki-issues	sportskeeda_wiki_issues	sportskeeda_wiki_issues	sports-scores-research	focused	false
GET	/sportskeeda/wiki-options	Sportskeeda	sportskeeda-wiki-options	sportskeeda_wiki_options	sportskeeda_wiki_options	sports-scores-research	focused	false
GET	/sportskeeda/wiki-pages	Sportskeeda	sportskeeda-wiki-pages	sportskeeda_wiki_pages	sportskeeda_wiki_pages	sports-scores-research	focused	false
GET	/sportskeeda/wiki-summary	Sportskeeda	sportskeeda-wiki-summary	sportskeeda_wiki_summary	sportskeeda_wiki_summary	sports-scores-research	focused	false
GET	/spotify-podcasts/categories	SpotifyPodcasts	spotify-podcasts-categories	spotify_podcasts_categories	spotify_podcasts_categories	music-podcast-research, podcast-discovery-research	focused	false
GET	/spotify-podcasts/charts	SpotifyPodcasts	spotify-podcasts-charts	spotify_podcasts_charts	spotify_podcasts_charts	music-podcast-research, podcast-discovery-research	focused	false
GET	/spotify-podcasts/episode	SpotifyPodcasts	spotify-podcasts-episode	spotify_podcasts_episode	spotify_podcasts_episode	music-podcast-research, podcast-discovery-research, podcast-guest-research	focused	false
GET	/spotify-podcasts/home	SpotifyPodcasts	spotify-podcasts-home	spotify_podcasts_home	spotify_podcasts_home	music-podcast-research, podcast-discovery-research	focused	false
GET	/spotify-podcasts/search	SpotifyPodcasts	spotify-podcasts-search	spotify_podcasts_search	spotify_podcasts_search	music-podcast-research, podcast-discovery-research, podcast-guest-research	focused	false
GET	/spotify-podcasts/show	SpotifyPodcasts	spotify-podcasts-show	spotify_podcasts_show	spotify_podcasts_show	music-podcast-research, podcast-discovery-research, podcast-guest-research	focused	false
GET	/spotify-podcasts/show/episodes	SpotifyPodcasts	spotify-podcasts-show-episodes	spotify_podcasts_show_episodes	spotify_podcasts_show_episodes	music-podcast-research, podcast-discovery-research, podcast-guest-research	focused	false
GET	/spotify-podcasts/show/recommendations	SpotifyPodcasts	spotify-podcasts-show-recommendations	spotify_podcasts_show_recommendations	spotify_podcasts_show_recommendations	music-podcast-research, podcast-discovery-research	focused	false
GET	/spotify/album	Spotify	spotify-album	spotify_album	spotify_album	music-podcast-research	focused	false
GET	/spotify/album/tracks	Spotify	spotify-album-tracks	spotify_album_tracks	spotify_album_tracks	music-podcast-research	focused	false
GET	/spotify/albums/search	Spotify	spotify-albums-search	spotify_albums_search	spotify_albums_search	music-podcast-research	focused	false
GET	/spotify/artist	Spotify	spotify-artist	spotify_artist	spotify_artist	music-podcast-research	focused	false
GET	/spotify/artist/albums	Spotify	spotify-artist-albums	spotify_artist_albums	spotify_artist_albums	music-podcast-research	focused	false
GET	/spotify/artist/playlists	Spotify	spotify-artist-playlists	spotify_artist_playlists	spotify_artist_playlists	music-podcast-research	focused	false
GET	/spotify/artist/related	Spotify	spotify-artist-related	spotify_artist_related	spotify_artist_related	music-podcast-research	focused	false
GET	/spotify/artists/search	Spotify	spotify-artists-search	spotify_artists_search	spotify_artists_search	music-podcast-research	focused	false
GET	/spotify/audiobook	Spotify	spotify-audiobook	spotify_audiobook	spotify_audiobook	music-podcast-research	focused	false
GET	/spotify/audiobook/chapters	Spotify	spotify-audiobook-chapters	spotify_audiobook_chapters	spotify_audiobook_chapters	music-podcast-research	focused	false
GET	/spotify/audiobooks/search	Spotify	spotify-audiobooks-search	spotify_audiobooks_search	spotify_audiobooks_search	music-podcast-research	focused	false
GET	/spotify/chapter	Spotify	spotify-chapter	spotify_chapter	spotify_chapter	music-podcast-research	focused	false
GET	/spotify/episodes/search	Spotify	spotify-episodes-search	spotify_episodes_search	spotify_episodes_search	music-podcast-research	focused	false
GET	/spotify/featured-charts-by-country	Spotify	spotify-featured-charts-by-country	spotify_featured_charts_by_country	spotify_featured_charts_by_country	music-podcast-research	focused	false
GET	/spotify/genre	Spotify	spotify-genre	spotify_genre	spotify_genre	music-podcast-research	focused	false
GET	/spotify/home	Spotify	spotify-home	spotify_home	spotify_home	music-podcast-research	focused	false
GET	/spotify/playlist	Spotify	spotify-playlist	spotify_playlist	spotify_playlist	music-podcast-research	focused	false
GET	/spotify/playlists/search	Spotify	spotify-playlists-search	spotify_playlists_search	spotify_playlists_search	music-podcast-research	focused	false
GET	/spotify/popular-by-country	Spotify	spotify-popular-by-country	spotify_popular_by_country	spotify_popular_by_country	music-podcast-research	focused	false
GET	/spotify/profile	Spotify	spotify-profile	spotify_profile	spotify_profile	music-podcast-research	focused	false
GET	/spotify/profile/followers	Spotify	spotify-profile-followers	spotify_profile_followers	spotify_profile_followers	music-podcast-research	focused	false
GET	/spotify/profile/playlists	Spotify	spotify-profile-playlists	spotify_profile_playlists	spotify_profile_playlists	music-podcast-research	focused	false
GET	/spotify/profiles/search	Spotify	spotify-profiles-search	spotify_profiles_search	spotify_profiles_search	music-podcast-research	focused	false
GET	/spotify/search	Spotify	spotify-search	spotify_search	spotify_search	music-podcast-research	focused	false
GET	/spotify/section	Spotify	spotify-section	spotify_section	spotify_section	music-podcast-research	focused	false
GET	/spotify/shows/search	Spotify	spotify-shows-search	spotify_shows_search	spotify_shows_search	music-podcast-research	focused	false
GET	/spotify/track	Spotify	spotify-track	spotify_track	spotify_track	music-podcast-research	focused	false
GET	/spotify/track/recommended	Spotify	spotify-track-recommended	spotify_track_recommended	spotify_track_recommended	music-podcast-research	focused	false
GET	/spotify/track/similar-albums	Spotify	spotify-track-similar-albums	spotify_track_similar_albums	spotify_track_similar_albums	music-podcast-research	focused	false
GET	/spotify/tracks/search	Spotify	spotify-tracks-search	spotify_tracks_search	spotify_tracks_search	music-podcast-research	focused	false
GET	/standard/article	Evening Standard	standard-article	standard_article	standard_article	news-media-research	focused	false
GET	/standard/author	Evening Standard	standard-author	standard_author	standard_author	news-media-research	focused	false
GET	/standard/headlines	Evening Standard	standard-headlines	standard_headlines	standard_headlines	news-media-research	focused	false
GET	/standard/news	Evening Standard	standard-news	standard_news	standard_news	news-media-research	focused	false
GET	/standard/sections	Evening Standard	standard-sections	standard_sections	standard_sections	news-media-research	focused	false
GET	/starbucks/menu	Starbucks	starbucks-menu	starbucks_menu	starbucks_menu	restaurant-food-delivery-research	focused	false
GET	/starbucks/nearest-store	Starbucks	starbucks-nearest-store	starbucks_nearest_store	starbucks_nearest_store	restaurant-food-delivery-research	focused	false
GET	/starbucks/product/{product_number}/{form}	Starbucks	starbucks-product	starbucks_product	starbucks_product	restaurant-food-delivery-research	focused	false
POST	/starbucks/product/{product_number}/{form}/nutrition	Starbucks	starbucks-nutrition	starbucks_nutrition	starbucks_nutrition	restaurant-food-delivery-research	focused	false
GET	/starbucks/stores	Starbucks	starbucks-stores	starbucks_stores	starbucks_stores	restaurant-food-delivery-research	focused	false
GET	/startribune/news	Minnesota Star Tribune	startribune-news	startribune_news	startribune_news	news-media-research	focused	false
GET	/steam/achievements	Steam	steam-achievements	steam_achievements	steam_achievements	gaming-research	focused	false
GET	/steam/app	Steam	steam-app	steam_app	steam_app	gaming-research, steam-market-opportunity-research	focused	false
GET	/steam/category/{slug}	Steam	steam-category	steam_category	steam_category	gaming-research, steam-market-opportunity-research	focused	false
GET	/steam/charts/concurrent	Steam	steam-charts-concurrent	steam_charts_concurrent	steam_charts_concurrent	gaming-research	focused	false
GET	/steam/charts/most-played	Steam	steam-charts-most-played	steam_charts_most_played	steam_charts_most_played	gaming-research	focused	false
GET	/steam/charts/top-releases	Steam	steam-charts-top-releases	steam_charts_top_releases	steam_charts_top_releases	gaming-research	focused	false
GET	/steam/community-recommendations	Steam	steam-community-recommendations	steam_community_recommendations	steam_community_recommendations	gaming-research	focused	false
GET	/steam/featured	Steam	steam-featured	steam_featured	steam_featured	gaming-research	focused	false
GET	/steam/featured-categories	Steam	steam-featured-categories	steam_featured_categories	steam_featured_categories	gaming-research	focused	false
GET	/steam/items	Steam	steam-items	steam_items	steam_items	gaming-research, steam-market-opportunity-research	focused	false
GET	/steam/news	Steam	steam-news	steam_news	steam_news	gaming-research, steam-market-opportunity-research	focused	false
GET	/steam/package	Steam	steam-package	steam_package	steam_package	gaming-research	focused	false
GET	/steam/players	Steam	steam-players	steam_players	steam_players	gaming-research, steam-market-opportunity-research	focused	false
GET	/steam/reviews	Steam	steam-reviews	steam_reviews	steam_reviews	gaming-research, steam-market-opportunity-research	focused	false
GET	/steam/reviews/histogram	Steam	steam-reviews-histogram	steam_reviews_histogram	steam_reviews_histogram	gaming-research, steam-market-opportunity-research	focused	false
GET	/steam/search	Steam	steam-search	steam_search	steam_search	gaming-research, steam-market-opportunity-research	focused	false
GET	/steam/search/results	Steam	steam-search-results	steam_search_results	steam_search_results	gaming-research, steam-market-opportunity-research	focused	false
GET	/steam/steamspy	Steam	steam-steamspy	steam_steamspy	steam_steamspy	gaming-research, steam-market-opportunity-research	focused	false
GET	/steam/tags	Steam	steam-tags	steam_tags	steam_tags	gaming-research, steam-market-opportunity-research	focused	false
GET	/steam/tags/list	Steam	steam-tags-list	steam_tags_list	steam_tags_list	gaming-research, steam-market-opportunity-research	focused	false
GET	/steam/top-sellers	Steam	steam-top-sellers	steam_top_sellers	steam_top_sellers	gaming-research	focused	false
GET	/stevemadden/collections	Steve Madden	stevemadden-collections	stevemadden_collections	stevemadden_collections	shopify-research	focused	false
GET	/stevemadden/collections/{handle}/products	Steve Madden	stevemadden-collection-products	stevemadden_collection_products	stevemadden_collection_products	shopify-research	focused	false
GET	/stevemadden/pages	Steve Madden	stevemadden-pages	stevemadden_pages	stevemadden_pages	shopify-research	focused	false
GET	/stevemadden/pages/{handle}	Steve Madden	stevemadden-page	stevemadden_page	stevemadden_page	shopify-research	focused	false
GET	/stevemadden/products	Steve Madden	stevemadden-products	stevemadden_products	stevemadden_products	shopify-research	focused	false
GET	/stevemadden/products/{handle}	Steve Madden	stevemadden-product	stevemadden_product	stevemadden_product	shopify-research	focused	false
GET	/stevemadden/products/{handle}/recommendations	Steve Madden	stevemadden-product-recommendations	stevemadden_product_recommendations	stevemadden_product_recommendations	shopify-research	focused	false
GET	/stevemadden/search/suggest	Steve Madden	stevemadden-search-suggest	stevemadden_search_suggest	stevemadden_search_suggest	shopify-research	focused	false
GET	/stevemadden/sitemap/urls	Steve Madden	stevemadden-sitemap-urls	stevemadden_sitemap_urls	stevemadden_sitemap_urls	shopify-research	focused	false
GET	/stevemadden/sitemaps	Steve Madden	stevemadden-sitemaps	stevemadden_sitemaps	stevemadden_sitemaps	shopify-research	focused	false
GET	/stevemadden/store	Steve Madden	stevemadden-store	stevemadden_store	stevemadden_store	shopify-research	focused	false
GET	/stockx/brands	StockX	stockx-brands	stockx_brands	stockx_brands	luxury-resale-research, resale-secondhand-research	focused	false
GET	/stockx/categories	StockX	stockx-categories	stockx_categories	stockx_categories	luxury-resale-research, resale-secondhand-research	focused	false
GET	/stockx/product/{slug}	StockX	stockx-product	stockx_product	stockx_product	luxury-resale-research, resale-secondhand-research	focused	false
GET	/stockx/releases	StockX	stockx-releases	stockx_releases	stockx_releases	luxury-resale-research, resale-secondhand-research	focused	false
GET	/stockx/search	StockX	stockx-search	stockx_search	stockx_search	luxury-resale-research, resale-secondhand-research	focused	false
GET	/straitstimes/article	The Straits Times	straitstimes-article	straitstimes_article	straitstimes_article	news-media-research	focused	false
GET	/straitstimes/author	The Straits Times	straitstimes-author	straitstimes_author	straitstimes_author	news-media-research	focused	false
GET	/straitstimes/headlines	The Straits Times	straitstimes-headlines	straitstimes_headlines	straitstimes_headlines	news-media-research	focused	false
GET	/straitstimes/news	The Straits Times	straitstimes-news	straitstimes_news	straitstimes_news	news-media-research	focused	false
GET	/straitstimes/sections	The Straits Times	straitstimes-sections	straitstimes_sections	straitstimes_sections	news-media-research	focused	false
GET	/strava/challenges	Strava	strava-challenges	strava_challenges	strava_challenges	sports-scores-research	focused	false
GET	/strava/clubs/{id}	Strava	strava-club	strava_club	strava_club	sports-scores-research	focused	false
GET	/strava/routes	Strava	strava-routes	strava_routes	strava_routes	sports-scores-research	focused	false
GET	/strava/routes/detail	Strava	strava-route-detail	strava_route_detail	strava_route_detail	sports-scores-research	focused	false
GET	/streeteasy/areas	StreetEasy	streeteasy-areas	streeteasy_areas	streeteasy_areas	rental-housing-research	focused	false
GET	/streeteasy/buildings/{slug}	StreetEasy	streeteasy-building	streeteasy_building	streeteasy_building	rental-housing-research	focused	false
GET	/streeteasy/market-data/catalog	StreetEasy	streeteasy-market-data-catalog	streeteasy_market_data_catalog	streeteasy_market_data_catalog	rental-housing-research	focused	false
GET	/streeteasy/market-data/indices	StreetEasy	streeteasy-market-indices	streeteasy_market_indices	streeteasy_market_indices	rental-housing-research	focused	false
GET	/streeteasy/market-data/inventory	StreetEasy	streeteasy-market-inventory	streeteasy_market_inventory	streeteasy_market_inventory	rental-housing-research	focused	false
GET	/streeteasy/market-data/series	StreetEasy	streeteasy-market-data-series	streeteasy_market_data_series	streeteasy_market_data_series	rental-housing-research	focused	false
GET	/streeteasy/quick-search	StreetEasy	streeteasy-quick-search	streeteasy_quick_search	streeteasy_quick_search	rental-housing-research	focused	false
GET	/streeteasy/rentals/search	StreetEasy	streeteasy-rentals-search	streeteasy_rentals_search	streeteasy_rentals_search	rental-housing-research	focused	false
GET	/streeteasy/sales/search	StreetEasy	streeteasy-sales-search	streeteasy_sales_search	streeteasy_sales_search	rental-housing-research	focused	false
GET	/streeteasy/schools/{slug}	StreetEasy	streeteasy-school	streeteasy_school	streeteasy_school	rental-housing-research	focused	false
GET	/streeteasy/units/{building_slug}/{unit}	StreetEasy	streeteasy-unit	streeteasy_unit	streeteasy_unit	rental-housing-research	focused	false
GET	/stubhub/carousel	StubHub	stubhub-carousel	stubhub_carousel	stubhub_carousel	live-events-ticketing-research	focused	false
GET	/stubhub/categories	StubHub	stubhub-categories	stubhub_categories	stubhub_categories	live-events-ticketing-research	focused	false
GET	/stubhub/category-events	StubHub	stubhub-category-events	stubhub_category_events	stubhub_category_events	live-events-ticketing-research	focused	false
GET	/stubhub/explore	StubHub	stubhub-explore	stubhub_explore	stubhub_explore	live-events-ticketing-research	focused	false
GET	/stubhub/navigation-categories	StubHub	stubhub-navigation-categories	stubhub_navigation_categories	stubhub_navigation_categories	live-events-ticketing-research	focused	false
GET	/stubhub/performer-events	StubHub	stubhub-performer-events	stubhub_performer_events	stubhub_performer_events	live-events-ticketing-research	focused	false
GET	/stubhub/search	StubHub	stubhub-search	stubhub_search	stubhub_search	live-events-ticketing-research	focused	false
GET	/stubhub/suggested-searches	StubHub	stubhub-suggested-searches	stubhub_suggested_searches	stubhub_suggested_searches	live-events-ticketing-research	focused	false
GET	/stubhub/trending	StubHub	stubhub-trending	stubhub_trending	stubhub_trending	live-events-ticketing-research	focused	false
GET	/stubhub/trending-events	StubHub	stubhub-trending-events	stubhub_trending_events	stubhub_trending_events	live-events-ticketing-research	focused	false
GET	/stubhub/venue-events	StubHub	stubhub-venue-events	stubhub_venue_events	stubhub_venue_events	live-events-ticketing-research	focused	false
GET	/stuff/article	Stuff	stuff-article	stuff_article	stuff_article	news-media-research	focused	false
GET	/stuff/author	Stuff	stuff-author	stuff_author	stuff_author	news-media-research	focused	false
GET	/stuff/headlines	Stuff	stuff-headlines	stuff_headlines	stuff_headlines	news-media-research	focused	false
GET	/stuff/news	Stuff	stuff-news	stuff_news	stuff_news	news-media-research	focused	false
GET	/stuff/sections	Stuff	stuff-sections	stuff_sections	stuff_sections	news-media-research	focused	false
GET	/substack/categories	Substack	substack-categories	substack_categories	substack_categories	influencer-discovery, substack-research	focused	false
GET	/substack/category	Substack	substack-category	substack_category	substack_category	substack-research	focused	false
GET	/substack/explore	Substack	substack-explore	substack_explore	substack_explore	substack-research	focused	false
GET	/substack/leaderboard	Substack	substack-leaderboard	substack_leaderboard	substack_leaderboard	influencer-discovery, substack-research	focused	false
GET	/substack/note	Substack	substack-note	substack_note	substack_note	substack-research	focused	false
GET	/substack/note/replies	Substack	substack-note-replies	substack_note_replies	substack_note_replies	substack-research	focused	false
GET	/substack/note/restacks	Substack	substack-note-restacks	substack_note_restacks	substack_note_restacks	substack-research	focused	false
GET	/substack/notes	Substack	substack-notes	substack_notes	substack_notes	substack-research	focused	false
GET	/substack/notes/tabs	Substack	substack-notes-tabs	substack_notes_tabs	substack_notes_tabs	substack-research	focused	false
GET	/substack/post	Substack	substack-post	substack_post	substack_post	influencer-discovery, substack-research	focused	false
GET	/substack/publication	Substack	substack-publication	substack_publication	substack_publication	influencer-discovery, substack-research	focused	false
GET	/substack/publication/contributors	Substack	substack-publication-contributors	substack_publication_contributors	substack_publication_contributors	substack-research	focused	false
GET	/substack/publication/posts	Substack	substack-publication-posts	substack_publication_posts	substack_publication_posts	influencer-discovery, substack-research	focused	false
GET	/substack/publication/recommendations	Substack	substack-publication-recommendations	substack_publication_recommendations	substack_publication_recommendations	influencer-discovery, substack-research	focused	false
GET	/substack/search	Substack	substack-search	substack_search	substack_search	influencer-discovery, substack-research	focused	false
GET	/substack/user	Substack	substack-user	substack_user	substack_user	influencer-discovery, substack-research	focused	false
GET	/substack/user/activity	Substack	substack-user-activity	substack_user_activity	substack_user_activity	influencer-discovery, substack-research	focused	false
GET	/substack/user/connections	Substack	substack-user-connections	substack_user_connections	substack_user_connections	substack-research	focused	false
GET	/substack/user/search	Substack	substack-user-search	substack_user_search	substack_user_search	influencer-discovery, substack-research	focused	false
GET	/subway/available-times	Subway	subway-available-times	subway_available_times	subway_available_times	restaurant-food-delivery-research	focused	false
GET	/subway/combos	Subway	subway-combos	subway_combos	subway_combos	restaurant-food-delivery-research	focused	false
GET	/subway/menu	Subway	subway-menu	subway_menu	subway_menu	restaurant-food-delivery-research	focused	false
GET	/subway/nearby	Subway	subway-nearby	subway_nearby	subway_nearby	restaurant-food-delivery-research	focused	false
GET	/subway/sitemap	Subway	subway-sitemap	subway_sitemap	subway_sitemap	restaurant-food-delivery-research	focused	false
GET	/subway/store	Subway	subway-store	subway_store	subway_store	restaurant-food-delivery-research	focused	false
GET	/sun/article	The Sun	sun-article	sun_article	sun_article	news-media-research	focused	false
GET	/sun/author	The Sun	sun-author	sun_author	sun_author	news-media-research	focused	false
GET	/sun/headlines	The Sun	sun-headlines	sun_headlines	sun_headlines	news-media-research	focused	false
GET	/sun/news	The Sun	sun-news	sun_news	sun_news	news-media-research	focused	false
GET	/sun/sections	The Sun	sun-sections	sun_sections	sun_sections	news-media-research	focused	false
GET	/swiggy/collections	Swiggy	swiggy-collections	swiggy_collections	swiggy_collections	restaurant-food-delivery-research	focused	false
GET	/swiggy/restaurant	Swiggy	swiggy-restaurant	swiggy_restaurant	swiggy_restaurant	restaurant-food-delivery-research	focused	false
GET	/swiggy/restaurant/menu	Swiggy	swiggy-restaurant-menu	swiggy_restaurant_menu	swiggy_restaurant_menu	restaurant-food-delivery-research	focused	false
GET	/swiggy/search	Swiggy	swiggy-search	swiggy_search	swiggy_search	restaurant-food-delivery-research	focused	false
GET	/taco-bell/app-menu	TacoBell	taco-bell-app-menu	taco_bell_app_menu	taco_bell_app_menu	restaurant-food-delivery-research	focused	false
GET	/taco-bell/categories	TacoBell	taco-bell-categories	taco_bell_categories	taco_bell_categories	restaurant-food-delivery-research	focused	false
GET	/taco-bell/menu	TacoBell	taco-bell-menu	taco_bell_menu	taco_bell_menu	restaurant-food-delivery-research	focused	false
GET	/taco-bell/nutrition	TacoBell	taco-bell-nutrition	taco_bell_nutrition	taco_bell_nutrition	restaurant-food-delivery-research	focused	false
GET	/taco-bell/product	TacoBell	taco-bell-product	taco_bell_product	taco_bell_product	restaurant-food-delivery-research	focused	false
GET	/taco-bell/store	TacoBell	taco-bell-store	taco_bell_store	taco_bell_store	restaurant-food-delivery-research	focused	false
GET	/taco-bell/store-menu	TacoBell	taco-bell-store-menu	taco_bell_store_menu	taco_bell_store_menu	restaurant-food-delivery-research	focused	false
GET	/taco-bell/stores	TacoBell	taco-bell-stores	taco_bell_stores	taco_bell_stores	restaurant-food-delivery-research	focused	false
GET	/target/categories	Target	target-categories	target_categories	target_categories	product-price-research, retail-assortment-gap-analysis, target-research	focused	false
GET	/target/category-products	Target	target-category-products	target_category_products	target_category_products	product-price-research, retail-assortment-gap-analysis, target-research	focused	false
GET	/target/filter-options	Target	target-filter-options	target_filter_options	target_filter_options	product-price-research, target-research	focused	false
GET	/target/product	Target	target-product	target_product	target_product	product-price-research, retail-assortment-gap-analysis, target-research	focused	false
GET	/target/questions	Target	target-questions	target_questions	target_questions	product-price-research, target-research	focused	false
GET	/target/reviews	Target	target-reviews	target_reviews	target_reviews	product-price-research, target-research	focused	false
GET	/target/search	Target	target-search	target_search	target_search	product-price-research, target-research	focused	false
GET	/target/stores	Target	target-stores	target_stores	target_stores	product-price-research, target-research	focused	false
GET	/techcrunch/article	TechCrunch	techcrunch-article	techcrunch_article	techcrunch_article	news-media-research	focused	false
GET	/techcrunch/author	TechCrunch	techcrunch-author	techcrunch_author	techcrunch_author	news-media-research	focused	false
GET	/techcrunch/headlines	TechCrunch	techcrunch-headlines	techcrunch_headlines	techcrunch_headlines	news-media-research	focused	false
GET	/techcrunch/news	TechCrunch	techcrunch-news	techcrunch_news	techcrunch_news	news-media-research	focused	false
GET	/techcrunch/sections	TechCrunch	techcrunch-sections	techcrunch_sections	techcrunch_sections	news-media-research	focused	false
GET	/techradar/article	TechRadar	techradar-article	techradar_article	techradar_article	news-media-research	focused	false
GET	/techradar/author	TechRadar	techradar-author	techradar_author	techradar_author	news-media-research	focused	false
GET	/techradar/headlines	TechRadar	techradar-headlines	techradar_headlines	techradar_headlines	news-media-research	focused	false
GET	/techradar/news	TechRadar	techradar-news	techradar_news	techradar_news	news-media-research	focused	false
GET	/techradar/sections	TechRadar	techradar-sections	techradar_sections	techradar_sections	news-media-research	focused	false
GET	/telegraph/article	The Telegraph	telegraph-article	telegraph_article	telegraph_article	news-media-research	focused	false
GET	/telegraph/author	The Telegraph	telegraph-author	telegraph_author	telegraph_author	news-media-research	focused	false
GET	/telegraph/headlines	The Telegraph	telegraph-headlines	telegraph_headlines	telegraph_headlines	news-media-research	focused	false
GET	/telegraph/news	The Telegraph	telegraph-news	telegraph_news	telegraph_news	news-media-research	focused	false
GET	/telegraph/sections	The Telegraph	telegraph-sections	telegraph_sections	telegraph_sections	news-media-research	focused	false
GET	/tes/jobs/detail	Tes	tes-job-detail	tes_job_detail	tes_job_detail	job-market-research	focused	false
GET	/tes/jobs/employer	Tes	tes-job-employer	tes_job_employer	tes_job_employer	job-market-research	focused	false
GET	/tes/jobs/search	Tes	tes-job-search	tes_job_search	tes_job_search	job-market-research	focused	false
GET	/tes/resources/detail	Tes	tes-resource-detail	tes_resource_detail	tes_resource_detail	job-market-research	focused	false
GET	/tes/resources/search	Tes	tes-resource-search	tes_resource_search	tes_resource_search	job-market-research	focused	false
GET	/tes/resources/shop	Tes	tes-resource-shop	tes_resource_shop	tes_resource_shop	job-market-research	focused	false
GET	/tes/schools/search	Tes	tes-school-search	tes_school_search	tes_school_search	job-market-research	focused	false
GET	/tesla-jobs/job	Tesla Jobs	tesla-jobs-job	tesla_jobs_job	tesla_jobs_job	job-market-research, tesla-jobs-research	focused	false
GET	/tesla-jobs/list	Tesla Jobs	tesla-jobs-list	tesla_jobs_list	tesla_jobs_list	job-market-research, tesla-jobs-research	focused	false
GET	/theage/article	The Age	theage-article	theage_article	theage_article	news-media-research	focused	false
GET	/theage/author	The Age	theage-author	theage_author	theage_author	news-media-research	focused	false
GET	/theage/headlines	The Age	theage-headlines	theage_headlines	theage_headlines	news-media-research	focused	false
GET	/theage/news	The Age	theage-news	theage_news	theage_news	news-media-research	focused	false
GET	/theage/sections	The Age	theage-sections	theage_sections	theage_sections	news-media-research	focused	false
GET	/theatlantic/article	The Atlantic	theatlantic-article	theatlantic_article	theatlantic_article	news-media-research	focused	false
GET	/theatlantic/author	The Atlantic	theatlantic-author	theatlantic_author	theatlantic_author	news-media-research	focused	false
GET	/theatlantic/headlines	The Atlantic	theatlantic-headlines	theatlantic_headlines	theatlantic_headlines	news-media-research	focused	false
GET	/theatlantic/sections	The Atlantic	theatlantic-sections	theatlantic_sections	theatlantic_sections	news-media-research	focused	false
GET	/theblaze/article	TheBlaze	theblaze-article	theblaze_article	theblaze_article	news-media-research	focused	false
GET	/theblaze/author	TheBlaze	theblaze-author	theblaze_author	theblaze_author	news-media-research	focused	false
GET	/theblaze/headlines	TheBlaze	theblaze-headlines	theblaze_headlines	theblaze_headlines	news-media-research	focused	false
GET	/theblaze/news	TheBlaze	theblaze-news	theblaze_news	theblaze_news	news-media-research	focused	false
GET	/theblaze/sections	TheBlaze	theblaze-sections	theblaze_sections	theblaze_sections	news-media-research	focused	false
GET	/thebodyshop/collections	The Body Shop	thebodyshop-collections	thebodyshop_collections	thebodyshop_collections	shopify-research	focused	false
GET	/thebodyshop/collections/{handle}/products	The Body Shop	thebodyshop-collection-products	thebodyshop_collection_products	thebodyshop_collection_products	shopify-research	focused	false
GET	/thebodyshop/pages	The Body Shop	thebodyshop-pages	thebodyshop_pages	thebodyshop_pages	shopify-research	focused	false
GET	/thebodyshop/pages/{handle}	The Body Shop	thebodyshop-page	thebodyshop_page	thebodyshop_page	shopify-research	focused	false
GET	/thebodyshop/products	The Body Shop	thebodyshop-products	thebodyshop_products	thebodyshop_products	shopify-research	focused	false
GET	/thebodyshop/products/{handle}	The Body Shop	thebodyshop-product	thebodyshop_product	thebodyshop_product	shopify-research	focused	false
GET	/thebodyshop/products/{handle}/recommendations	The Body Shop	thebodyshop-product-recommendations	thebodyshop_product_recommendations	thebodyshop_product_recommendations	shopify-research	focused	false
GET	/thebodyshop/search/suggest	The Body Shop	thebodyshop-search-suggest	thebodyshop_search_suggest	thebodyshop_search_suggest	shopify-research	focused	false
GET	/thebodyshop/sitemap/urls	The Body Shop	thebodyshop-sitemap-urls	thebodyshop_sitemap_urls	thebodyshop_sitemap_urls	shopify-research	focused	false
GET	/thebodyshop/sitemaps	The Body Shop	thebodyshop-sitemaps	thebodyshop_sitemaps	thebodyshop_sitemaps	shopify-research	focused	false
GET	/thebodyshop/store	The Body Shop	thebodyshop-store	thebodyshop_store	thebodyshop_store	shopify-research	focused	false
GET	/thedailybeast/article	The Daily Beast	thedailybeast-article	thedailybeast_article	thedailybeast_article	news-media-research	focused	false
GET	/thedailybeast/author	The Daily Beast	thedailybeast-author	thedailybeast_author	thedailybeast_author	news-media-research	focused	false
GET	/thedailybeast/headlines	The Daily Beast	thedailybeast-headlines	thedailybeast_headlines	thedailybeast_headlines	news-media-research	focused	false
GET	/thedailybeast/news	The Daily Beast	thedailybeast-news	thedailybeast_news	thedailybeast_news	news-media-research	focused	false
GET	/thedailybeast/sections	The Daily Beast	thedailybeast-sections	thedailybeast_sections	thedailybeast_sections	news-media-research	focused	false
GET	/thehill/article	The Hill	thehill-article	thehill_article	thehill_article	news-media-research	focused	false
GET	/thehill/author	The Hill	thehill-author	thehill_author	thehill_author	news-media-research	focused	false
GET	/thehill/headlines	The Hill	thehill-headlines	thehill_headlines	thehill_headlines	news-media-research	focused	false
GET	/thehill/news	The Hill	thehill-news	thehill_news	thehill_news	news-media-research	focused	false
GET	/thehill/sections	The Hill	thehill-sections	thehill_sections	thehill_sections	news-media-research	focused	false
GET	/thehindu/article	The Hindu	thehindu-article	thehindu_article	thehindu_article	news-media-research	focused	false
GET	/thehindu/author	The Hindu	thehindu-author	thehindu_author	thehindu_author	news-media-research	focused	false
GET	/thehindu/headlines	The Hindu	thehindu-headlines	thehindu_headlines	thehindu_headlines	news-media-research	focused	false
GET	/thehindu/news	The Hindu	thehindu-news	thehindu_news	thehindu_news	news-media-research	focused	false
GET	/thehindu/sections	The Hindu	thehindu-sections	thehindu_sections	thehindu_sections	news-media-research	focused	false
GET	/thejournal/article	TheJournal.ie	thejournal-article	thejournal_article	thejournal_article	news-media-research	focused	false
GET	/thejournal/author	TheJournal.ie	thejournal-author	thejournal_author	thejournal_author	news-media-research	focused	false
GET	/thejournal/headlines	TheJournal.ie	thejournal-headlines	thejournal_headlines	thejournal_headlines	news-media-research	focused	false
GET	/thejournal/news	TheJournal.ie	thejournal-news	thejournal_news	thejournal_news	news-media-research	focused	false
GET	/thejournal/sections	TheJournal.ie	thejournal-sections	thejournal_sections	thejournal_sections	news-media-research	focused	false
GET	/thenextweb/article	The Next Web	thenextweb-article	thenextweb_article	thenextweb_article	news-media-research	focused	false
GET	/thenextweb/author	The Next Web	thenextweb-author	thenextweb_author	thenextweb_author	news-media-research	focused	false
GET	/thenextweb/headlines	The Next Web	thenextweb-headlines	thenextweb_headlines	thenextweb_headlines	news-media-research	focused	false
GET	/thenextweb/news	The Next Web	thenextweb-news	thenextweb_news	thenextweb_news	news-media-research	focused	false
GET	/thenextweb/sections	The Next Web	thenextweb-sections	thenextweb_sections	thenextweb_sections	news-media-research	focused	false
GET	/therealreal/autocomplete	The RealReal	therealreal-autocomplete	therealreal_autocomplete	therealreal_autocomplete	luxury-resale-research	focused	false
GET	/therealreal/categories	The RealReal	therealreal-categories	therealreal_categories	therealreal_categories	luxury-resale-research	focused	false
GET	/therealreal/category	The RealReal	therealreal-category	therealreal_category	therealreal_category	luxury-resale-research	focused	false
GET	/therealreal/collection	The RealReal	therealreal-collection	therealreal_collection	therealreal_collection	luxury-resale-research	focused	false
GET	/therealreal/collections	The RealReal	therealreal-collections	therealreal_collections	therealreal_collections	luxury-resale-research	focused	false
GET	/therealreal/conditions	The RealReal	therealreal-conditions	therealreal_conditions	therealreal_conditions	luxury-resale-research	focused	false
GET	/therealreal/designer	The RealReal	therealreal-designer	therealreal_designer	therealreal_designer	luxury-resale-research	focused	false
GET	/therealreal/designers	The RealReal	therealreal-designers	therealreal_designers	therealreal_designers	luxury-resale-research	focused	false
GET	/therealreal/listing	The RealReal	therealreal-listing	therealreal_listing	therealreal_listing	luxury-resale-research	focused	false
GET	/therealreal/search	The RealReal	therealreal-search	therealreal_search	therealreal_search	luxury-resale-research	focused	false
GET	/therealreal/similar	The RealReal	therealreal-similar	therealreal_similar	therealreal_similar	luxury-resale-research	focused	false
GET	/thestarmy/article	The Star Malaysia	thestarmy-article	thestarmy_article	thestarmy_article	news-media-research	focused	false
GET	/thestarmy/author	The Star Malaysia	thestarmy-author	thestarmy_author	thestarmy_author	news-media-research	focused	false
GET	/thestarmy/headlines	The Star Malaysia	thestarmy-headlines	thestarmy_headlines	thestarmy_headlines	news-media-research	focused	false
GET	/thestarmy/news	The Star Malaysia	thestarmy-news	thestarmy_news	thestarmy_news	news-media-research	focused	false
GET	/thestarmy/sections	The Star Malaysia	thestarmy-sections	thestarmy_sections	thestarmy_sections	news-media-research	focused	false
GET	/theverge/article	The Verge	theverge-article	theverge_article	theverge_article	news-media-research	focused	false
GET	/theverge/author	The Verge	theverge-author	theverge_author	theverge_author	news-media-research	focused	false
GET	/theverge/headlines	The Verge	theverge-headlines	theverge_headlines	theverge_headlines	news-media-research	focused	false
GET	/theverge/news	The Verge	theverge-news	theverge_news	theverge_news	news-media-research	focused	false
GET	/theverge/sections	The Verge	theverge-sections	theverge_sections	theverge_sections	news-media-research	focused	false
GET	/thisismoney/article	This Is Money	thisismoney-article	thisismoney_article	thisismoney_article	news-media-research	focused	false
GET	/thisismoney/author	This Is Money	thisismoney-author	thisismoney_author	thisismoney_author	news-media-research	focused	false
GET	/thisismoney/headlines	This Is Money	thisismoney-headlines	thisismoney_headlines	thisismoney_headlines	news-media-research	focused	false
GET	/thisismoney/news	This Is Money	thisismoney-news	thisismoney_news	thisismoney_news	news-media-research	focused	false
GET	/thisismoney/sections	This Is Money	thisismoney-sections	thisismoney_sections	thisismoney_sections	news-media-research	focused	false
GET	/threads/post/{username}/{code}	Threads	threads-post	threads_post	threads_post	social-media-research, threads-research	focused	false
GET	/threads/post/{username}/{code}/replies	Threads	threads-post-replies	threads_post_replies	threads_post_replies	social-media-research, threads-research	focused	false
GET	/threads/profile/{username}	Threads	threads-profile	threads_profile	threads_profile	social-media-research, threads-research	focused	false
GET	/threads/profile/{username}/posts	Threads	threads-profile-posts	threads_profile_posts	threads_profile_posts	social-media-research, threads-research	focused	false
GET	/threads/search	Threads	threads-search	threads_search	threads_search	social-media-research, threads-research	focused	false
GET	/ticketmaster/attraction	Ticketmaster	ticketmaster-attraction	ticketmaster_attraction	ticketmaster_attraction	event-venue-research, travel-hotel-research	focused	false
GET	/ticketmaster/attraction-events	Ticketmaster	ticketmaster-attraction-events	ticketmaster_attraction_events	ticketmaster_attraction_events	event-venue-research, travel-hotel-research	focused	false
GET	/ticketmaster/attraction-related	Ticketmaster	ticketmaster-attraction-related	ticketmaster_attraction_related	ticketmaster_attraction_related	travel-hotel-research	focused	false
GET	/ticketmaster/attraction-reviews	Ticketmaster	ticketmaster-attraction-reviews	ticketmaster_attraction_reviews	ticketmaster_attraction_reviews	travel-hotel-research	focused	false
GET	/ticketmaster/discover-categories	Ticketmaster	ticketmaster-discover-categories	ticketmaster_discover_categories	ticketmaster_discover_categories	event-venue-research, travel-hotel-research	focused	false
GET	/ticketmaster/discover-category-events	Ticketmaster	ticketmaster-discover-category-events	ticketmaster_discover_category_events	ticketmaster_discover_category_events	event-venue-research, travel-hotel-research	focused	false
GET	/ticketmaster/discover-cities	Ticketmaster	ticketmaster-discover-cities	ticketmaster_discover_cities	ticketmaster_discover_cities	event-venue-research, travel-hotel-research	focused	false
GET	/ticketmaster/discover-city-events	Ticketmaster	ticketmaster-discover-city-events	ticketmaster_discover_city_events	ticketmaster_discover_city_events	event-venue-research, travel-hotel-research	focused	false
GET	/ticketmaster/event	Ticketmaster	ticketmaster-event	ticketmaster_event	ticketmaster_event	event-venue-research, travel-hotel-research	focused	false
GET	/ticketmaster/search-events	Ticketmaster	ticketmaster-search-events	ticketmaster_search_events	ticketmaster_search_events	event-venue-research, travel-hotel-research	focused	false
GET	/ticketmaster/suggest	Ticketmaster	ticketmaster-suggest	ticketmaster_suggest	ticketmaster_suggest	event-venue-research, travel-hotel-research	focused	false
GET	/ticketmaster/trending-attractions	Ticketmaster	ticketmaster-trending-attractions	ticketmaster_trending_attractions	ticketmaster_trending_attractions	travel-hotel-research	focused	false
GET	/ticketmaster/venue	Ticketmaster	ticketmaster-venue	ticketmaster_venue	ticketmaster_venue	event-venue-research, travel-hotel-research	focused	false
GET	/ticketmaster/venue-enhanced-details	Ticketmaster	ticketmaster-venue-enhanced-details	ticketmaster_venue_enhanced_details	ticketmaster_venue_enhanced_details	travel-hotel-research	focused	false
GET	/ticketmaster/venue-events	Ticketmaster	ticketmaster-venue-events	ticketmaster_venue_events	ticketmaster_venue_events	event-venue-research, travel-hotel-research	focused	false
GET	/ticketweb/event	TicketWeb	ticketweb-event	ticketweb_event	ticketweb_event	event-venue-research, travel-hotel-research	focused	false
GET	/ticketweb/search	TicketWeb	ticketweb-search	ticketweb_search	ticketweb_search	event-venue-research, travel-hotel-research	focused	false
GET	/ticketweb/venue	TicketWeb	ticketweb-venue	ticketweb_venue	ticketweb_venue	event-venue-research, travel-hotel-research	focused	false
GET	/tiffany/categories	Tiffany & Co.	tiffany-categories	tiffany_categories	tiffany_categories	luxury-resale-research	focused	false
GET	/tiffany/category	Tiffany & Co.	tiffany-category	tiffany_category	tiffany_category	luxury-resale-research	focused	false
GET	/tiffany/content-search	Tiffany & Co.	tiffany-content-search	tiffany_content_search	tiffany_content_search	luxury-resale-research	focused	false
GET	/tiffany/filters	Tiffany & Co.	tiffany-filters	tiffany_filters	tiffany_filters	luxury-resale-research	focused	false
GET	/tiffany/product	Tiffany & Co.	tiffany-product	tiffany_product	tiffany_product	luxury-resale-research	focused	false
GET	/tiffany/search	Tiffany & Co.	tiffany-search	tiffany_search	tiffany_search	luxury-resale-research	focused	false
GET	/tiffany/stores	Tiffany & Co.	tiffany-stores	tiffany_stores	tiffany_stores	luxury-resale-research	focused	false
GET	/tiffany/suggest	Tiffany & Co.	tiffany-suggest	tiffany_suggest	tiffany_suggest	luxury-resale-research	focused	false
GET	/tiktok/category	TikTok	tiktok-category	tiktok_category	tiktok_category	social-media-research, tiktok-research, tiktok-trend-research	focused	false
GET	/tiktok/comments	TikTok	tiktok-video-comments	tiktok_comments	tiktok_comments	social-media-research, tiktok-creator-research, tiktok-research	focused	false
GET	/tiktok/creative-center/hashtags	TikTok	tiktok-creative-center-hashtags	tiktok_creative_center_hashtags	tiktok_creative_center_hashtags	social-media-research, tiktok-research, tiktok-trend-research	focused	false
GET	/tiktok/creative-center/videos	TikTok	tiktok-creative-center-videos	tiktok_creative_center_videos	tiktok_creative_center_videos	social-media-research, tiktok-research, tiktok-trend-research	focused	false
GET	/tiktok/explore/{id}	TikTok	tiktok-explore	tiktok_explore	tiktok_explore	social-media-research, tiktok-research, tiktok-trend-research	focused	false
GET	/tiktok/hashtag/{name}	TikTok	tiktok-challenge	tiktok_challenge	tiktok_challenge	social-media-research, tiktok-research, tiktok-trend-research	focused	false
GET	/tiktok/hashtags	TikTok	tiktok-challenge-list	tiktok_challenge_list	tiktok_challenge_list	social-media-research, tiktok-research, tiktok-trend-research	focused	false
GET	/tiktok/popular-trend/country-industry-meta	TikTok	tiktok-popular-trend-country-industry-meta	tiktok_popular_trend_country_industry_meta	tiktok_popular_trend_country_industry_meta	social-media-research, tiktok-research, tiktok-trend-research	focused	false
GET	/tiktok/popular-trend/creator	TikTok	tiktok-popular-trend-creator				outside-exported-mcp	true
GET	/tiktok/popular-trend/video	TikTok	tiktok-popular-trend-video				outside-exported-mcp	true
GET	/tiktok/post/{id}	TikTok	tiktok-post	tiktok_post	tiktok_post	influencer-discovery, social-media-research, tiktok-creator-research, tiktok-research, tiktok-trend-research	focused	false
GET	/tiktok/posts	TikTok	tiktok-profile-post	tiktok_posts	tiktok_posts	influencer-discovery, social-media-research, tiktok-creator-research, tiktok-research	focused	false
GET	/tiktok/profile/{handler}	TikTok	tiktok-profile	tiktok_profile	tiktok_profile	influencer-discovery, social-media-research, tiktok-creator-research, tiktok-research	focused	false
GET	/tiktok/search	TikTok	tiktok-search	tiktok_search	tiktok_search	social-media-research, tiktok-research, tiktok-trend-research	focused	false
GET	/tiktok/search/hashtag	TikTok	tiktok-search-hashtag	tiktok_search_hashtag	tiktok_search_hashtag	social-media-research, tiktok-research, tiktok-trend-research	focused	false
GET	/tiktok/search/user	TikTok	tiktok-search-user	tiktok_search_user	tiktok_search_user	influencer-discovery, social-media-research, tiktok-creator-research, tiktok-research	focused	false
GET	/tiktok/top-ads/analysis	TikTok	tiktok-top-ads-analysis	tiktok_top_ads_analysis	tiktok_top_ads_analysis	social-media-research, tiktok-ad-research, tiktok-research	focused	false
GET	/tiktok/top-ads/detail	TikTok	tiktok-top-ads-detail	tiktok_top_ads_detail	tiktok_top_ads_detail	social-media-research, tiktok-ad-research, tiktok-research	focused	false
GET	/tiktok/top-ads/filters	TikTok	tiktok-top-ads-filters	tiktok_top_ads_filters	tiktok_top_ads_filters	social-media-research, tiktok-ad-research, tiktok-research	focused	false
GET	/tiktok/top-ads/list	TikTok	tiktok-top-ads-list	tiktok_top_ads_list	tiktok_top_ads_list	social-media-research, tiktok-ad-research, tiktok-research	focused	false
GET	/tiktok/top-ads/location-info	TikTok	tiktok-top-ads-location-info	tiktok_top_ads_location_info	tiktok_top_ads_location_info	social-media-research, tiktok-ad-research, tiktok-research	focused	false
GET	/tiktok/top-ads/locations	TikTok	tiktok-top-ads-locations	tiktok_top_ads_locations	tiktok_top_ads_locations	social-media-research, tiktok-ad-research, tiktok-research	focused	false
GET	/tiktok/top-ads/recommend	TikTok	tiktok-top-ads-recommend	tiktok_top_ads_recommend	tiktok_top_ads_recommend	social-media-research, tiktok-ad-research, tiktok-research	focused	false
GET	/tiktok/top-ads/safety	TikTok	tiktok-top-ads-safety	tiktok_top_ads_safety	tiktok_top_ads_safety	social-media-research, tiktok-ad-research, tiktok-research	focused	false
GET	/tiktok/top-ads/spotlight	TikTok	tiktok-top-ads-spotlight	tiktok_top_ads_spotlight	tiktok_top_ads_spotlight	social-media-research, tiktok-ad-research, tiktok-research	focused	false
GET	/tiktok/top-ads/suggestions	TikTok	tiktok-top-ads-suggestions	tiktok_top_ads_suggestions	tiktok_top_ads_suggestions	social-media-research, tiktok-ad-research, tiktok-research	focused	false
GET	/tiktok/trending	TikTok	tiktok-trending	tiktok_trending	tiktok_trending	social-media-research, tiktok-research, tiktok-trend-research	focused	false
GET	/time/article	TIME	time-article	time_article	time_article	news-media-research	focused	false
GET	/time/author	TIME	time-author	time_author	time_author	news-media-research	focused	false
GET	/time/headlines	TIME	time-headlines	time_headlines	time_headlines	news-media-research	focused	false
GET	/time/news	TIME	time-news	time_news	time_news	news-media-research	focused	false
GET	/time/sections	TIME	time-sections	time_sections	time_sections	news-media-research	focused	false
GET	/timeslive/article	TimesLIVE	timeslive-article	timeslive_article	timeslive_article	news-media-research	focused	false
GET	/timeslive/headlines	TimesLIVE	timeslive-headlines	timeslive_headlines	timeslive_headlines	news-media-research	focused	false
GET	/timeslive/news	TimesLIVE	timeslive-news	timeslive_news	timeslive_news	news-media-research	focused	false
GET	/timeslive/sections	TimesLIVE	timeslive-sections	timeslive_sections	timeslive_sections	news-media-research	focused	false
GET	/timesofindia/article	Times of India	timesofindia-article	timesofindia_article	timesofindia_article	news-media-research	focused	false
GET	/timesofindia/author	Times of India	timesofindia-author	timesofindia_author	timesofindia_author	news-media-research	focused	false
GET	/timesofindia/headlines	Times of India	timesofindia-headlines	timesofindia_headlines	timesofindia_headlines	news-media-research	focused	false
GET	/timesofindia/news	Times of India	timesofindia-news	timesofindia_news	timesofindia_news	news-media-research	focused	false
GET	/timesofindia/sections	Times of India	timesofindia-sections	timesofindia_sections	timesofindia_sections	news-media-research	focused	false
GET	/timesofisrael/article	Times of Israel	timesofisrael-article	timesofisrael_article	timesofisrael_article	news-media-research	focused	false
GET	/timesofisrael/author	Times of Israel	timesofisrael-author	timesofisrael_author	timesofisrael_author	news-media-research	focused	false
GET	/timesofisrael/headlines	Times of Israel	timesofisrael-headlines	timesofisrael_headlines	timesofisrael_headlines	news-media-research	focused	false
GET	/timesofisrael/news	Times of Israel	timesofisrael-news	timesofisrael_news	timesofisrael_news	news-media-research	focused	false
GET	/timesofisrael/sections	Times of Israel	timesofisrael-sections	timesofisrael_sections	timesofisrael_sections	news-media-research	focused	false
GET	/tmdb/collection/{id}	TMDB	tmdb-collection	tmdb_collection	tmdb_collection	entertainment-discovery-research, movie-tv-research	focused	false
GET	/tmdb/genres	TMDB	tmdb-genres	tmdb_genres	tmdb_genres	entertainment-discovery-research, movie-tv-research	focused	false
GET	/tmdb/movie/{id}	TMDB	tmdb-movie	tmdb_movie	tmdb_movie	entertainment-discovery-research, movie-tv-research	focused	false
GET	/tmdb/movie/list	TMDB	tmdb-movie-list	tmdb_movie_list	tmdb_movie_list	entertainment-discovery-research, movie-tv-research	focused	false
GET	/tmdb/person/{id}	TMDB	tmdb-person	tmdb_person	tmdb_person	entertainment-discovery-research, movie-tv-research	focused	false
GET	/tmdb/person/list	TMDB	tmdb-person-list	tmdb_person_list	tmdb_person_list	entertainment-discovery-research, movie-tv-research	focused	false
GET	/tmdb/search	TMDB	tmdb-search	tmdb_search	tmdb_search	entertainment-discovery-research, movie-tv-research	focused	false
GET	/tmdb/tv/{id}	TMDB	tmdb-tv	tmdb_tv	tmdb_tv	entertainment-discovery-research, movie-tv-research	focused	false
GET	/tmdb/tv/list	TMDB	tmdb-tv-list	tmdb_tv_list	tmdb_tv_list	entertainment-discovery-research, movie-tv-research	focused	false
GET	/tmz/article	TMZ	tmz-article	tmz_article	tmz_article	news-media-research	focused	false
GET	/tmz/author	TMZ	tmz-author	tmz_author	tmz_author	news-media-research	focused	false
GET	/tmz/headlines	TMZ	tmz-headlines	tmz_headlines	tmz_headlines	news-media-research	focused	false
GET	/tmz/news	TMZ	tmz-news	tmz_news	tmz_news	news-media-research	focused	false
GET	/tmz/sections	TMZ	tmz-sections	tmz_sections	tmz_sections	news-media-research	focused	false
GET	/tokopedia/autocomplete	Tokopedia	tokopedia-autocomplete	tokopedia_autocomplete	tokopedia_autocomplete	product-price-research	focused	false
GET	/tokopedia/category	Tokopedia	tokopedia-category	tokopedia_category	tokopedia_category	product-price-research	focused	false
GET	/tokopedia/home	Tokopedia	tokopedia-home	tokopedia_home	tokopedia_home	product-price-research	focused	false
GET	/tokopedia/home/tabs	Tokopedia	tokopedia-home-tabs	tokopedia_home_tabs	tokopedia_home_tabs	product-price-research	focused	false
GET	/tokopedia/product	Tokopedia	tokopedia-product	tokopedia_product	tokopedia_product	product-price-research	focused	false
GET	/tokopedia/product/review-filters	Tokopedia	tokopedia-product-review-filters	tokopedia_product_review_filters	tokopedia_product_review_filters	product-price-research	focused	false
GET	/tokopedia/search	Tokopedia	tokopedia-search	tokopedia_search	tokopedia_search	product-price-research	focused	false
GET	/tokopedia/search/filters	Tokopedia	tokopedia-search-filters	tokopedia_search_filters	tokopedia_search_filters	product-price-research	focused	false
GET	/tomsguide/article	Tom's Guide	tomsguide-article	tomsguide_article	tomsguide_article	news-media-research	focused	false
GET	/tomsguide/author	Tom's Guide	tomsguide-author	tomsguide_author	tomsguide_author	news-media-research	focused	false
GET	/tomsguide/headlines	Tom's Guide	tomsguide-headlines	tomsguide_headlines	tomsguide_headlines	news-media-research	focused	false
GET	/tomsguide/news	Tom's Guide	tomsguide-news	tomsguide_news	tomsguide_news	news-media-research	focused	false
GET	/tomsguide/sections	Tom's Guide	tomsguide-sections	tomsguide_sections	tomsguide_sections	news-media-research	focused	false
GET	/tomshardware/article	Tom's Hardware	tomshardware-article	tomshardware_article	tomshardware_article	news-media-research	focused	false
GET	/tomshardware/author	Tom's Hardware	tomshardware-author	tomshardware_author	tomshardware_author	news-media-research	focused	false
GET	/tomshardware/headlines	Tom's Hardware	tomshardware-headlines	tomshardware_headlines	tomshardware_headlines	news-media-research	focused	false
GET	/tomshardware/news	Tom's Hardware	tomshardware-news	tomshardware_news	tomshardware_news	news-media-research	focused	false
GET	/tomshardware/sections	Tom's Hardware	tomshardware-sections	tomshardware_sections	tomshardware_sections	news-media-research	focused	false
GET	/torontostar/article	Toronto Star	torontostar-article	torontostar_article	torontostar_article	news-media-research	focused	false
GET	/torontostar/author	Toronto Star	torontostar-author	torontostar_author	torontostar_author	news-media-research	focused	false
GET	/torontostar/headlines	Toronto Star	torontostar-headlines	torontostar_headlines	torontostar_headlines	news-media-research	focused	false
GET	/torontostar/news	Toronto Star	torontostar-news	torontostar_news	torontostar_news	news-media-research	focused	false
GET	/torontostar/sections	Toronto Star	torontostar-sections	torontostar_sections	torontostar_sections	news-media-research	focused	false
GET	/townhall/article	Townhall	townhall-article	townhall_article	townhall_article	news-media-research	focused	false
GET	/townhall/author	Townhall	townhall-author	townhall_author	townhall_author	news-media-research	focused	false
GET	/townhall/headlines	Townhall	townhall-headlines	townhall_headlines	townhall_headlines	news-media-research	focused	false
GET	/townhall/news	Townhall	townhall-news	townhall_news	townhall_news	news-media-research	focused	false
GET	/townhall/sections	Townhall	townhall-sections	townhall_sections	townhall_sections	news-media-research	focused	false
GET	/tripadvisor/autocomplete	TripAdvisor	tripadvisor-autocomplete	tripadvisor_autocomplete	tripadvisor_autocomplete	travel-hotel-research	focused	false
GET	/tripadvisor/enums	TripAdvisor	tripadvisor-enums	tripadvisor_enums	tripadvisor_enums	travel-hotel-research	focused	false
GET	/tripadvisor/hotels	TripAdvisor	tripadvisor-hotels	tripadvisor_hotels	tripadvisor_hotels	travel-hotel-research	focused	false
GET	/tripadvisor/place	TripAdvisor	tripadvisor-place	tripadvisor_place	tripadvisor_place	travel-hotel-research	focused	false
GET	/tripadvisor/reviews	TripAdvisor	tripadvisor-reviews	tripadvisor_reviews	tripadvisor_reviews	travel-hotel-research	focused	false
GET	/tripadvisor/search	TripAdvisor	tripadvisor-search	tripadvisor_search	tripadvisor_search	travel-hotel-research	focused	false
GET	/tripcom/hotels/{id}	Trip.com	tripcom-hotel-detail	tripcom_hotel_detail	tripcom_hotel_detail	travel-accommodation-research, travel-hotel-research	focused	false
GET	/tripcom/hotels/search	Trip.com	tripcom-hotels-search	tripcom_hotels_search	tripcom_hotels_search	travel-accommodation-research, travel-hotel-research	focused	false
GET	/trustmrr/acquire	TrustMRR	trustmrr-acquire	trustmrr_acquire	trustmrr_acquire	business-review-trust-research, startup-acquisition-research, startup-launch-research	focused	false
GET	/trustmrr/categories	TrustMRR	trustmrr-categories	trustmrr_categories	trustmrr_categories	business-review-trust-research, startup-acquisition-research, startup-launch-research	focused	false
GET	/trustmrr/category/{slug}	TrustMRR	trustmrr-category	trustmrr_category	trustmrr_category	business-review-trust-research, startup-acquisition-research, startup-launch-research	focused	false
GET	/trustmrr/leaderboard	TrustMRR	trustmrr-leaderboard	trustmrr_leaderboard	trustmrr_leaderboard	business-review-trust-research, startup-acquisition-research, startup-launch-research	focused	false
GET	/trustmrr/marketplace	TrustMRR	trustmrr-marketplace	trustmrr_marketplace	trustmrr_marketplace	business-review-trust-research, startup-acquisition-research, startup-launch-research	focused	false
GET	/trustmrr/startup/{slug}	TrustMRR	trustmrr-startup	trustmrr_startup	trustmrr_startup	business-review-trust-research, startup-acquisition-research, startup-launch-research	focused	false
GET	/trustmrr/startups	TrustMRR	trustmrr-startups	trustmrr_startups	trustmrr_startups	business-review-trust-research, startup-acquisition-research, startup-launch-research	focused	false
GET	/trustpilot/business-units/search	Trustpilot	trustpilot-business-search	trustpilot_business_search	trustpilot_business_search	business-review-trust-research, competitor-intelligence, customer-feedback-analysis, local-business-reputation-research	focused	false
GET	/trustpilot/business/{slug}	Trustpilot	trustpilot-business	trustpilot_business	trustpilot_business	business-review-trust-research, competitor-intelligence, customer-feedback-analysis, local-business-reputation-research	focused	false
GET	/trustpilot/business/{slug}/related	Trustpilot	trustpilot-business-related	trustpilot_business_related	trustpilot_business_related	business-review-trust-research, local-business-reputation-research	focused	false
GET	/trustpilot/business/{slug}/reviews	Trustpilot	trustpilot-business-reviews	trustpilot_business_reviews	trustpilot_business_reviews	business-review-trust-research, competitor-intelligence, customer-feedback-analysis, local-business-reputation-research	focused	false
GET	/trustpilot/categories	Trustpilot	trustpilot-categories	trustpilot_categories	trustpilot_categories	business-review-trust-research, local-business-reputation-research	focused	false
GET	/trustpilot/categories/search	Trustpilot	trustpilot-category-search	trustpilot_category_search	trustpilot_category_search	business-review-trust-research, local-business-reputation-research	focused	false
GET	/trustpilot/category/{slug}	Trustpilot	trustpilot-category	trustpilot_category	trustpilot_category	business-review-trust-research, local-business-reputation-research	focused	false
GET	/twitch/channel	Twitch	twitch-channel	twitch_channel	twitch_channel	twitch-research	focused	false
GET	/twitch/clips	Twitch	twitch-clips	twitch_clips	twitch_clips	twitch-research	focused	false
GET	/twitch/schedule	Twitch	twitch-schedule	twitch_schedule	twitch_schedule	twitch-research	focused	false
GET	/twitch/search	Twitch	twitch-search	twitch_search	twitch_search	twitch-research	focused	false
GET	/twitch/streams	Twitch	twitch-streams	twitch_streams	twitch_streams	twitch-research	focused	false
GET	/twitch/team	Twitch	twitch-team	twitch_team	twitch_team	twitch-research	focused	false
GET	/twitch/top-games	Twitch	twitch-top-games	twitch_top_games	twitch_top_games	twitch-research	focused	false
GET	/twitch/videos	Twitch	twitch-videos	twitch_videos	twitch_videos	twitch-research	focused	false
GET	/twitch/vod-comments	Twitch	twitch-vod-comments	twitch_vod_comments	twitch_vod_comments	twitch-research	focused	false
GET	/ubereats/feed	UberEats	ubereats-feed	ubereats_feed	ubereats_feed	restaurant-food-delivery-research	focused	false
GET	/ubereats/search	UberEats	ubereats-search	ubereats_search	ubereats_search	restaurant-food-delivery-research, restaurant-menu-benchmarking	focused	false
GET	/ubereats/store/{store_id}	UberEats	ubereats-store	ubereats_store	ubereats_store	restaurant-food-delivery-research, restaurant-menu-benchmarking	focused	false
GET	/ubereats/store/{store_id}/menu	UberEats	ubereats-store-menu	ubereats_store_menu	ubereats_store_menu	restaurant-food-delivery-research, restaurant-menu-benchmarking	focused	false
GET	/ubereats/store/{store_id}/reviews	UberEats	ubereats-store-reviews	ubereats_store_reviews	ubereats_store_reviews	restaurant-food-delivery-research	focused	false
GET	/ulta/categories	Ulta Beauty	ulta-categories	ulta_categories	ulta_categories	product-price-research, ulta-research	focused	false
GET	/ulta/category	Ulta Beauty	ulta-category	ulta_category	ulta_category	product-price-research, ulta-research	focused	false
GET	/ulta/product/{productId}	Ulta Beauty	ulta-product	ulta_product	ulta_product	product-price-research, ulta-research	focused	false
GET	/ulta/product/questions	Ulta Beauty	ulta-product-questions	ulta_product_questions	ulta_product_questions	product-price-research, ulta-research	focused	false
GET	/ulta/product/reviews	Ulta Beauty	ulta-product-reviews	ulta_product_reviews	ulta_product_reviews	product-price-research, ulta-research	focused	false
GET	/ulta/search	Ulta Beauty	ulta-search	ulta_search	ulta_search	product-price-research, ulta-research	focused	false
GET	/ulta/stores	Ulta Beauty	ulta-stores	ulta_stores	ulta_stores	product-price-research, ulta-research	focused	false
GET	/ulta/suggest	Ulta Beauty	ulta-suggest	ulta_suggest	ulta_suggest	product-price-research, ulta-research	focused	false
GET	/upwork/freelancer/{id}	Upwork	upwork-freelancer	upwork_freelancer	upwork_freelancer	job-market-research, upwork-research	focused	false
GET	/upwork/job/{id}	Upwork	upwork-job	upwork_job	upwork_job	job-market-research, upwork-research	focused	false
GET	/upwork/search	Upwork	upwork-search	upwork_search	upwork_search	job-market-research, upwork-research	focused	false
GET	/usage/me/endpoints	Usage	usage-me-endpoints	usage_endpoints	usage_endpoints		account-only	false
GET	/usage/me/overview	Usage	usage-me-overview	usage_overview	usage_overview		account-only	false
GET	/usage/me/recent-ips	Usage	usage-me-recent-ips	usage_recent_ips	usage_recent_ips		account-only	false
GET	/usage/me/timeseries	Usage	usage-me-timeseries	usage_timeseries	usage_timeseries		account-only	false
GET	/usage/platform-adjacency	Usage	usage-platform-adjacency	usage_platform_adjacency	usage_platform_adjacency		account-only	false
GET	/usatoday/article	USA Today	usatoday-article	usatoday_article	usatoday_article	news-media-research	focused	false
GET	/usatoday/author	USA Today	usatoday-author	usatoday_author	usatoday_author	news-media-research	focused	false
GET	/usatoday/headlines	USA Today	usatoday-headlines	usatoday_headlines	usatoday_headlines	news-media-research	focused	false
GET	/usatoday/news	USA Today	usatoday-news	usatoday_news	usatoday_news	news-media-research	focused	false
GET	/usatoday/sections	USA Today	usatoday-sections	usatoday_sections	usatoday_sections	news-media-research	focused	false
GET	/user/me	User	user-me				outside-exported-mcp	false
GET	/user/me/api-keys	User	user-me-api-keys				outside-exported-mcp	false
POST	/user/me/api-keys/{id}/reveal	User	user-me-api-keys-reveal				outside-exported-mcp	false
POST	/user/me/api-keys/rotate	User	user-me-api-keys-rotate				outside-exported-mcp	false
POST	/user/me/browser-language	User	user-me-browser-language				outside-exported-mcp	false
DELETE	/user/me/deletion-request	Account Deletion	account-deletion-cancel				outside-exported-mcp	false
GET	/user/me/deletion-request	Account Deletion	account-deletion-my-request				outside-exported-mcp	false
POST	/user/me/deletion-request	Account Deletion	account-deletion-request				outside-exported-mcp	false
GET	/usmagazine/article	Us Weekly	usmagazine-article	usmagazine_article	usmagazine_article	news-media-research	focused	false
GET	/usmagazine/author	Us Weekly	usmagazine-author	usmagazine_author	usmagazine_author	news-media-research	focused	false
GET	/usmagazine/headlines	Us Weekly	usmagazine-headlines	usmagazine_headlines	usmagazine_headlines	news-media-research	focused	false
GET	/usmagazine/news	Us Weekly	usmagazine-news	usmagazine_news	usmagazine_news	news-media-research	focused	false
GET	/usmagazine/sections	Us Weekly	usmagazine-sections	usmagazine_sections	usmagazine_sections	news-media-research	focused	false
GET	/usptoppubs/detail	USPTO Patent Public Search	usptoppubs-detail	usptoppubs_detail	usptoppubs_detail	patents-research	focused	false
GET	/usptoppubs/search	USPTO Patent Public Search	usptoppubs-search	usptoppubs_search	usptoppubs_search	patents-research	focused	false
GET	/vanguardng/article	Vanguard	vanguardng-article	vanguardng_article	vanguardng_article	news-media-research	focused	false
GET	/vanguardng/author	Vanguard	vanguardng-author	vanguardng_author	vanguardng_author	news-media-research	focused	false
GET	/vanguardng/headlines	Vanguard	vanguardng-headlines	vanguardng_headlines	vanguardng_headlines	news-media-research	focused	false
GET	/vanguardng/news	Vanguard	vanguardng-news	vanguardng_news	vanguardng_news	news-media-research	focused	false
GET	/vanguardng/sections	Vanguard	vanguardng-sections	vanguardng_sections	vanguardng_sections	news-media-research	focused	false
GET	/vanityfair/article	Vanity Fair	vanityfair-article	vanityfair_article	vanityfair_article	news-media-research	focused	false
GET	/vanityfair/author	Vanity Fair	vanityfair-author	vanityfair_author	vanityfair_author	news-media-research	focused	false
GET	/vanityfair/headlines	Vanity Fair	vanityfair-headlines	vanityfair_headlines	vanityfair_headlines	news-media-research	focused	false
GET	/vanityfair/news	Vanity Fair	vanityfair-news	vanityfair_news	vanityfair_news	news-media-research	focused	false
GET	/vanityfair/sections	Vanity Fair	vanityfair-sections	vanityfair_sections	vanityfair_sections	news-media-research	focused	false
GET	/variety/article	Variety	variety-article	variety_article	variety_article	news-media-research	focused	false
GET	/variety/author	Variety	variety-author	variety_author	variety_author	news-media-research	focused	false
GET	/variety/headlines	Variety	variety-headlines	variety_headlines	variety_headlines	news-media-research	focused	false
GET	/variety/news	Variety	variety-news	variety_news	variety_news	news-media-research	focused	false
GET	/variety/sections	Variety	variety-sections	variety_sections	variety_sections	news-media-research	focused	false
GET	/vestiaire/brands	Vestiaire	vestiaire-brands	vestiaire_brands	vestiaire_brands	luxury-resale-research	focused	false
GET	/vestiaire/categories	Vestiaire	vestiaire-categories	vestiaire_categories	vestiaire_categories	luxury-resale-research	focused	false
GET	/vestiaire/conditions	Vestiaire	vestiaire-conditions	vestiaire_conditions	vestiaire_conditions	luxury-resale-research	focused	false
GET	/vestiaire/product	Vestiaire	vestiaire-product	vestiaire_product	vestiaire_product	luxury-resale-research	focused	false
GET	/vestiaire/search	Vestiaire	vestiaire-search	vestiaire_search	vestiaire_search	luxury-resale-research	focused	false
GET	/vestiaire/search-sellers	Vestiaire	vestiaire-search-sellers	vestiaire_search_sellers	vestiaire_search_sellers	luxury-resale-research	focused	false
GET	/vestiaire/seller	Vestiaire	vestiaire-seller	vestiaire_seller	vestiaire_seller	luxury-resale-research	focused	false
GET	/vestiaire/suggest	Vestiaire	vestiaire-suggest	vestiaire_suggest	vestiaire_suggest	luxury-resale-research	focused	false
GET	/vice/article	VICE	vice-article	vice_article	vice_article	news-media-research	focused	false
GET	/vice/author	VICE	vice-author	vice_author	vice_author	news-media-research	focused	false
GET	/vice/headlines	VICE	vice-headlines	vice_headlines	vice_headlines	news-media-research	focused	false
GET	/vice/news	VICE	vice-news	vice_news	vice_news	news-media-research	focused	false
GET	/vice/sections	VICE	vice-sections	vice_sections	vice_sections	news-media-research	focused	false
GET	/vinted/brand	Vinted	vinted-brand	vinted_brand	vinted_brand	resale-secondhand-research	focused	false
GET	/vinted/brands	Vinted	vinted-brands	vinted_brands	vinted_brands	resale-secondhand-research	focused	false
GET	/vinted/catalog	Vinted	vinted-catalog	vinted_catalog	vinted_catalog	resale-secondhand-research	focused	false
GET	/vinted/categories	Vinted	vinted-categories	vinted_categories	vinted_categories	resale-secondhand-research	focused	false
GET	/vinted/category	Vinted	vinted-category	vinted_category	vinted_category	resale-secondhand-research	focused	false
GET	/vinted/item	Vinted	vinted-item	vinted_item	vinted_item	resale-secondhand-research	focused	false
GET	/vinted/member	Vinted	vinted-member	vinted_member	vinted_member	resale-secondhand-research	focused	false
GET	/vox/article	Vox	vox-article	vox_article	vox_article	news-media-research	focused	false
GET	/vox/author	Vox	vox-author	vox_author	vox_author	news-media-research	focused	false
GET	/vox/headlines	Vox	vox-headlines	vox_headlines	vox_headlines	news-media-research	focused	false
GET	/vox/news	Vox	vox-news	vox_news	vox_news	news-media-research	focused	false
GET	/vox/sections	Vox	vox-sections	vox_sections	vox_sections	news-media-research	focused	false
GET	/vrbo/locations/search	Vrbo	vrbo-location-suggestions	vrbo_locations_search	vrbo_locations_search	travel-accommodation-research	focused	false
GET	/vrbo/properties/{property_id}	Vrbo	vrbo-property	vrbo_property	vrbo_property	travel-accommodation-research	focused	false
GET	/vrbo/properties/{property_id}/rate-calendar	Vrbo	vrbo-rate-calendar	vrbo_properties_rate_calendar	vrbo_properties_rate_calendar	travel-accommodation-research	focused	false
GET	/vrbo/properties/{property_id}/reviews	Vrbo	vrbo-property-reviews	vrbo_properties_reviews	vrbo_properties_reviews	travel-accommodation-research	focused	false
POST	/vrbo/search	Vrbo	vrbo-search	vrbo_search	vrbo_search	travel-accommodation-research	focused	false
GET	/vrbo/travel-pages	Vrbo	vrbo-travel-pages	vrbo_travel_pages	vrbo_travel_pages	travel-accommodation-research	focused	false
GET	/vrbo/travel-pages/{slug}	Vrbo	vrbo-travel-page-detail	vrbo_travel_page_detail	vrbo_travel_page_detail	travel-accommodation-research	focused	false
GET	/walesonline/article	WalesOnline	walesonline-article	walesonline_article	walesonline_article	news-media-research	focused	false
GET	/walesonline/author	WalesOnline	walesonline-author	walesonline_author	walesonline_author	news-media-research	focused	false
GET	/walesonline/headlines	WalesOnline	walesonline-headlines	walesonline_headlines	walesonline_headlines	news-media-research	focused	false
GET	/walesonline/news	WalesOnline	walesonline-news	walesonline_news	walesonline_news	news-media-research	focused	false
GET	/walesonline/sections	WalesOnline	walesonline-sections	walesonline_sections	walesonline_sections	news-media-research	focused	false
GET	/walgreens/stores	Walgreens	walgreens-stores	walgreens_stores	walgreens_stores	product-price-research	focused	false
GET	/walmart/product/{item_id}	Walmart	walmart-product	walmart_product	walmart_product	product-price-research, walmart-research	focused	false
GET	/walmart/product/{item_id}/reviews	Walmart	walmart-product-reviews	walmart_product_reviews	walmart_product_reviews	product-price-research, walmart-research	focused	false
GET	/walmart/search	Walmart	walmart-search	walmart_search	walmart_search	product-price-research, walmart-research	focused	false
GET	/wapo/article	Washington Post	wapo-article	wapo_article	wapo_article	news-media-research	focused	false
GET	/wapo/author	Washington Post	wapo-author	wapo_author	wapo_author	news-media-research	focused	false
GET	/wapo/headlines	Washington Post	wapo-headlines	wapo_headlines	wapo_headlines	news-media-research	focused	false
GET	/wapo/news	Washington Post	wapo-news	wapo_news	wapo_news	news-media-research	focused	false
GET	/wapo/sections	Washington Post	wapo-sections	wapo_sections	wapo_sections	news-media-research	focused	false
GET	/wayfair/categories	Wayfair	wayfair-categories	wayfair_categories	wayfair_categories	product-price-research, wayfair-research	focused	false
GET	/wayfair/category	Wayfair	wayfair-category	wayfair_category	wayfair_category	product-price-research, wayfair-research	focused	false
GET	/wayfair/product/{id}	Wayfair	wayfair-product	wayfair_product	wayfair_product	product-price-research, wayfair-research	focused	false
GET	/wccftech/article	Wccftech	wccftech-article	wccftech_article	wccftech_article	news-media-research	focused	false
GET	/wccftech/author	Wccftech	wccftech-author	wccftech_author	wccftech_author	news-media-research	focused	false
GET	/wccftech/headlines	Wccftech	wccftech-headlines	wccftech_headlines	wccftech_headlines	news-media-research	focused	false
GET	/wccftech/news	Wccftech	wccftech-news	wccftech_news	wccftech_news	news-media-research	focused	false
GET	/wccftech/sections	Wccftech	wccftech-sections	wccftech_sections	wccftech_sections	news-media-research	focused	false
POST	/web/	Web	web-parse				outside-exported-mcp	true
POST	/web/scrape	Web	web-scrape	web_scrape	web_scrape	competitor-intelligence, crowdfunding-campaign-research, journalist-media-research, local-business-prospecting, podcast-guest-research, sec-filings-research, software-vendor-shortlisting, startup-acquisition-research, supplier-sourcing-research, techstack-prospecting, web-utilities-research	focused	false
POST	/web/techstack	Web	web-techstack	web_techstack	web_techstack	techstack-prospecting, web-utilities-research	focused	false
GET	/wendys/categories	Wendys	wendys-categories	wendys_categories	wendys_categories	restaurant-food-delivery-research	focused	false
GET	/wendys/directory	Wendys	wendys-directory	wendys_directory	wendys_directory	restaurant-food-delivery-research	focused	false
GET	/wendys/item	Wendys	wendys-item	wendys_item	wendys_item	restaurant-food-delivery-research	focused	false
GET	/wendys/menu	Wendys	wendys-menu	wendys_menu	wendys_menu	restaurant-food-delivery-research	focused	false
GET	/wendys/nearby	Wendys	wendys-nearby	wendys_nearby	wendys_nearby	restaurant-food-delivery-research	focused	false
GET	/wendys/nutrition	Wendys	wendys-nutrition	wendys_nutrition	wendys_nutrition	restaurant-food-delivery-research	focused	false
GET	/wendys/restaurant	Wendys	wendys-restaurant	wendys_restaurant	wendys_restaurant	restaurant-food-delivery-research	focused	false
GET	/wendys/store	Wendys	wendys-store	wendys_store	wendys_store	restaurant-food-delivery-research	focused	false
GET	/wendys/store-menu	Wendys	wendys-store-menu	wendys_store_menu	wendys_store_menu	restaurant-food-delivery-research	focused	false
GET	/wendys/time-slots	Wendys	wendys-time-slots	wendys_time_slots	wendys_time_slots	restaurant-food-delivery-research	focused	false
GET	/whataburger/sitemap	Whataburger	whataburger-sitemap	whataburger_sitemap	whataburger_sitemap	restaurant-food-delivery-research	focused	false
GET	/whataburger/store	Whataburger	whataburger-store	whataburger_store	whataburger_store	restaurant-food-delivery-research	focused	false
GET	/whatnot/browse	Whatnot	whatnot-browse	whatnot_browse	whatnot_browse	resale-secondhand-research	focused	false
GET	/whatnot/categories	Whatnot	whatnot-categories	whatnot_categories	whatnot_categories	resale-secondhand-research	focused	false
GET	/whatnot/live/{id}	Whatnot	whatnot-live	whatnot_live	whatnot_live	resale-secondhand-research	focused	false
GET	/whatnot/seller/{username}	Whatnot	whatnot-seller	whatnot_seller	whatnot_seller	resale-secondhand-research	focused	false
GET	/wingstop/delivery-store	Wingstop	wingstop-delivery-store	wingstop_delivery_store	wingstop_delivery_store	restaurant-food-delivery-research	focused	false
GET	/wingstop/directory	Wingstop	wingstop-directory	wingstop_directory	wingstop_directory	restaurant-food-delivery-research	focused	false
GET	/wingstop/flavors	Wingstop	wingstop-flavors	wingstop_flavors	wingstop_flavors	restaurant-food-delivery-research	focused	false
GET	/wingstop/menu	Wingstop	wingstop-menu	wingstop_menu	wingstop_menu	restaurant-food-delivery-research	focused	false
GET	/wingstop/nearby	Wingstop	wingstop-nearby	wingstop_nearby	wingstop_nearby	restaurant-food-delivery-research	focused	false
GET	/wingstop/store	Wingstop	wingstop-store	wingstop_store	wingstop_store	restaurant-food-delivery-research	focused	false
GET	/wired/article	WIRED	wired-article	wired_article	wired_article	news-media-research	focused	false
GET	/wired/author	WIRED	wired-author	wired_author	wired_author	news-media-research	focused	false
GET	/wired/headlines	WIRED	wired-headlines	wired_headlines	wired_headlines	news-media-research	focused	false
GET	/wired/news	WIRED	wired-news	wired_news	wired_news	news-media-research	focused	false
GET	/wired/sections	WIRED	wired-sections	wired_sections	wired_sections	news-media-research	focused	false
GET	/wish/categories	Wish	wish-categories	wish_categories	wish_categories	product-price-research, wish-research	focused	false
GET	/wish/product/{id}	Wish	wish-product	wish_product	wish_product	product-price-research, wish-research	focused	false
GET	/wish/product/{id}/related	Wish	wish-product-related	wish_product_related	wish_product_related	product-price-research, wish-research	focused	false
GET	/wish/product/{id}/reviews	Wish	wish-product-reviews	wish_product_reviews	wish_product_reviews	product-price-research, wish-research	focused	false
GET	/wish/search	Wish	wish-search	wish_search	wish_search	product-price-research, wish-research	focused	false
GET	/wish/suggest	Wish	wish-suggest	wish_suggest	wish_suggest	product-price-research, wish-research	focused	false
GET	/wolt/cities	Wolt	wolt-cities	wolt_cities	wolt_cities	restaurant-food-delivery-research	focused	false
GET	/wolt/collections	Wolt	wolt-collections	wolt_collections	wolt_collections	restaurant-food-delivery-research	focused	false
GET	/wolt/restaurant	Wolt	wolt-restaurant	wolt_restaurant	wolt_restaurant	restaurant-food-delivery-research	focused	false
GET	/wolt/restaurant/availability	Wolt	wolt-restaurant-availability	wolt_restaurant_availability	wolt_restaurant_availability	restaurant-food-delivery-research	focused	false
GET	/wolt/restaurant/menu	Wolt	wolt-restaurant-menu	wolt_restaurant_menu	wolt_restaurant_menu	restaurant-food-delivery-research	focused	false
GET	/wolt/restaurant/menu/search	Wolt	wolt-restaurant-menu-search	wolt_restaurant_menu_search	wolt_restaurant_menu_search	restaurant-food-delivery-research	focused	false
GET	/wolt/search	Wolt	wolt-search	wolt_search	wolt_search	restaurant-food-delivery-research	focused	false
GET	/wolt/search/filters	Wolt	wolt-search-filters	wolt_search_filters	wolt_search_filters	restaurant-food-delivery-research	focused	false
GET	/wsj/article	Wall Street Journal	wsj-article	wsj_article	wsj_article	news-media-research	focused	false
GET	/wsj/author	Wall Street Journal	wsj-author	wsj_author	wsj_author	news-media-research	focused	false
GET	/x/post/{id}	X	x-post	x_post	x_post	social-media-research, x-research	focused	false
GET	/x/profile/{username}	X	x-profile	x_profile	x_profile	social-media-research, x-research	focused	false
GET	/x/profile/{username}/posts	X	x-profile-posts	x_profile_posts	x_profile_posts	social-media-research, x-research	focused	false
GET	/xbox/browse	Xbox	xbox-browse	xbox_browse	xbox_browse	xbox-research	focused	false
GET	/xbox/collection	Xbox	xbox-collection	xbox_collection	xbox_collection	xbox-research	focused	false
GET	/xbox/game	Xbox	xbox-game	xbox_game	xbox_game	xbox-research	focused	false
GET	/xbox/reviews	Xbox	xbox-reviews	xbox_reviews	xbox_reviews	xbox-research	focused	false
GET	/xbox/search	Xbox	xbox-search	xbox_search	xbox_search	xbox-research	focused	false
GET	/xda/article	XDA	xda-article	xda_article	xda_article	news-media-research	focused	false
GET	/xda/author	XDA	xda-author	xda_author	xda_author	news-media-research	focused	false
GET	/xda/headlines	XDA	xda-headlines	xda_headlines	xda_headlines	news-media-research	focused	false
GET	/xda/news	XDA	xda-news	xda_news	xda_news	news-media-research	focused	false
GET	/xda/sections	XDA	xda-sections	xda_sections	xda_sections	news-media-research	focused	false
GET	/yahoo-autos/article	Yahoo Autos	yahoo-autos-article	yahoo_autos_article	yahoo_autos_article	yahoo-network-research	focused	false
GET	/yahoo-autos/category	Yahoo Autos	yahoo-autos-category	yahoo_autos_category	yahoo_autos_category	yahoo-network-research	focused	false
GET	/yahoo-autos/home	Yahoo Autos	yahoo-autos-home	yahoo_autos_home	yahoo_autos_home	yahoo-network-research	focused	false
GET	/yahoo-entertainment/article	Yahoo Entertainment	yahoo-entertainment-article	yahoo_entertainment_article	yahoo_entertainment_article	yahoo-network-research	focused	false
GET	/yahoo-entertainment/category	Yahoo Entertainment	yahoo-entertainment-category	yahoo_entertainment_category	yahoo_entertainment_category	yahoo-network-research	focused	false
GET	/yahoo-entertainment/home	Yahoo Entertainment	yahoo-entertainment-home	yahoo_entertainment_home	yahoo_entertainment_home	yahoo-network-research	focused	false
GET	/yahoo-finance/calendars	Yahoo Finance	yahoo-finance-calendars	yahoo_finance_calendars	yahoo_finance_calendars	finance-markets-research	focused	false
GET	/yahoo-finance/calendars/{type}	Yahoo Finance	yahoo-finance-calendar	yahoo_finance_calendar_results	yahoo_finance_calendar_results	earnings-event-research, finance-markets-research	focused	false
POST	/yahoo-finance/download	Yahoo Finance	yahoo-finance-download	yahoo_finance_download	yahoo_finance_download	finance-markets-research	focused	false
GET	/yahoo-finance/industries	Yahoo Finance	yahoo-finance-industries	yahoo_finance_industries	yahoo_finance_industries	finance-markets-research	focused	false
GET	/yahoo-finance/industries/{key}	Yahoo Finance	yahoo-finance-industry	yahoo_finance_industry	yahoo_finance_industry	finance-markets-research	focused	false
GET	/yahoo-finance/lookup	Yahoo Finance	yahoo-finance-lookup	yahoo_finance_lookup	yahoo_finance_lookup	finance-markets-research	focused	false
GET	/yahoo-finance/market/{market}/status	Yahoo Finance	yahoo-finance-market-status	yahoo_finance_market_status	yahoo_finance_market_status	finance-markets-research	focused	false
GET	/yahoo-finance/market/{market}/summary	Yahoo Finance	yahoo-finance-market-summary	yahoo_finance_market_summary	yahoo_finance_market_summary	finance-markets-research	focused	false
POST	/yahoo-finance/screener	Yahoo Finance	yahoo-finance-screener-custom	yahoo_finance_screener_custom	yahoo_finance_screener_custom	finance-markets-research	focused	false
GET	/yahoo-finance/screener/{id}	Yahoo Finance	yahoo-finance-screener	yahoo_finance_screener	yahoo_finance_screener	finance-markets-research	focused	false
GET	/yahoo-finance/screeners	Yahoo Finance	yahoo-finance-screeners	yahoo_finance_screeners	yahoo_finance_screeners	finance-markets-research	focused	false
GET	/yahoo-finance/search	Yahoo Finance	yahoo-finance-search	yahoo_finance_search	yahoo_finance_search	earnings-event-research, finance-markets-research	focused	false
GET	/yahoo-finance/sectors	Yahoo Finance	yahoo-finance-sectors	yahoo_finance_sectors	yahoo_finance_sectors	finance-markets-research	focused	false
GET	/yahoo-finance/sectors/{key}	Yahoo Finance	yahoo-finance-sector	yahoo_finance_sector	yahoo_finance_sector	finance-markets-research	focused	false
GET	/yahoo-finance/ticker/{symbol}/actions	Yahoo Finance	yahoo-finance-ticker-actions	yahoo_finance_ticker_actions	yahoo_finance_ticker_actions	finance-markets-research	focused	false
GET	/yahoo-finance/ticker/{symbol}/analysts	Yahoo Finance	yahoo-finance-ticker-analysts	yahoo_finance_ticker_analysts	yahoo_finance_ticker_analysts	finance-markets-research	focused	false
GET	/yahoo-finance/ticker/{symbol}/calendar	Yahoo Finance	yahoo-finance-ticker-calendar	yahoo_finance_ticker_calendar	yahoo_finance_ticker_calendar	earnings-event-research, finance-markets-research	focused	false
GET	/yahoo-finance/ticker/{symbol}/capital-gains	Yahoo Finance	yahoo-finance-ticker-capital-gains	yahoo_finance_ticker_capital_gains	yahoo_finance_ticker_capital_gains	finance-markets-research	focused	false
GET	/yahoo-finance/ticker/{symbol}/dividends	Yahoo Finance	yahoo-finance-ticker-dividends	yahoo_finance_ticker_dividends	yahoo_finance_ticker_dividends	finance-markets-research	focused	false
GET	/yahoo-finance/ticker/{symbol}/earnings	Yahoo Finance	yahoo-finance-ticker-earnings	yahoo_finance_ticker_earnings	yahoo_finance_ticker_earnings	earnings-event-research, finance-markets-research	focused	false
GET	/yahoo-finance/ticker/{symbol}/earnings-dates	Yahoo Finance	yahoo-finance-ticker-earnings-dates	yahoo_finance_ticker_earnings_dates	yahoo_finance_ticker_earnings_dates	earnings-event-research, finance-markets-research	focused	false
GET	/yahoo-finance/ticker/{symbol}/financials	Yahoo Finance	yahoo-finance-ticker-financials	yahoo_finance_ticker_financials	yahoo_finance_ticker_financials	finance-markets-research	focused	false
GET	/yahoo-finance/ticker/{symbol}/funds	Yahoo Finance	yahoo-finance-ticker-funds	yahoo_finance_ticker_funds	yahoo_finance_ticker_funds	finance-markets-research	focused	false
GET	/yahoo-finance/ticker/{symbol}/history	Yahoo Finance	yahoo-finance-ticker-history	yahoo_finance_ticker_history	yahoo_finance_ticker_history	earnings-event-research, finance-markets-research	focused	false
GET	/yahoo-finance/ticker/{symbol}/history-metadata	Yahoo Finance	yahoo-finance-ticker-history-metadata	yahoo_finance_ticker_history_metadata	yahoo_finance_ticker_history_metadata	finance-markets-research	focused	false
GET	/yahoo-finance/ticker/{symbol}/holders	Yahoo Finance	yahoo-finance-ticker-holders	yahoo_finance_ticker_holders	yahoo_finance_ticker_holders	finance-markets-research	focused	false
GET	/yahoo-finance/ticker/{symbol}/info	Yahoo Finance	yahoo-finance-ticker-info	yahoo_finance_ticker_info	yahoo_finance_ticker_info	finance-markets-research	focused	false
GET	/yahoo-finance/ticker/{symbol}/isin	Yahoo Finance	yahoo-finance-ticker-isin	yahoo_finance_ticker_isin	yahoo_finance_ticker_isin	finance-markets-research	focused	false
GET	/yahoo-finance/ticker/{symbol}/news	Yahoo Finance	yahoo-finance-ticker-news	yahoo_finance_ticker_news	yahoo_finance_ticker_news	finance-markets-research	focused	false
GET	/yahoo-finance/ticker/{symbol}/options	Yahoo Finance	yahoo-finance-ticker-options	yahoo_finance_ticker_options	yahoo_finance_ticker_options	finance-markets-research	focused	false
GET	/yahoo-finance/ticker/{symbol}/options/{expiration}	Yahoo Finance	yahoo-finance-ticker-options-expiration	yahoo_finance_ticker_options_expiration	yahoo_finance_ticker_options_expiration	finance-markets-research	focused	false
GET	/yahoo-finance/ticker/{symbol}/quote	Yahoo Finance	yahoo-finance-ticker-quote	yahoo_finance_ticker_quote	yahoo_finance_ticker_quote	finance-markets-research	focused	false
GET	/yahoo-finance/ticker/{symbol}/sec-filings	Yahoo Finance	yahoo-finance-ticker-sec-filings	yahoo_finance_ticker_sec_filings	yahoo_finance_ticker_sec_filings	finance-markets-research	focused	false
GET	/yahoo-finance/ticker/{symbol}/shares	Yahoo Finance	yahoo-finance-ticker-shares	yahoo_finance_ticker_shares	yahoo_finance_ticker_shares	finance-markets-research	focused	false
GET	/yahoo-finance/ticker/{symbol}/shares-full	Yahoo Finance	yahoo-finance-ticker-shares-full	yahoo_finance_ticker_shares_full	yahoo_finance_ticker_shares_full	finance-markets-research	focused	false
GET	/yahoo-finance/ticker/{symbol}/splits	Yahoo Finance	yahoo-finance-ticker-splits	yahoo_finance_ticker_splits	yahoo_finance_ticker_splits	finance-markets-research	focused	false
GET	/yahoo-finance/ticker/{symbol}/sustainability	Yahoo Finance	yahoo-finance-ticker-sustainability	yahoo_finance_ticker_sustainability	yahoo_finance_ticker_sustainability	finance-markets-research	focused	false
GET	/yahoo-finance/ticker/{symbol}/valuation	Yahoo Finance	yahoo-finance-ticker-valuation	yahoo_finance_ticker_valuation	yahoo_finance_ticker_valuation	finance-markets-research	focused	false
GET	/yahoo-finance/trending/{region}	Yahoo Finance	yahoo-finance-trending	yahoo_finance_trending	yahoo_finance_trending	finance-markets-research	focused	false
GET	/yahoo-health/article	Yahoo Health	yahoo-health-article	yahoo_health_article	yahoo_health_article	yahoo-network-research	focused	false
GET	/yahoo-health/category	Yahoo Health	yahoo-health-category	yahoo_health_category	yahoo_health_category	yahoo-network-research	focused	false
GET	/yahoo-health/home	Yahoo Health	yahoo-health-home	yahoo_health_home	yahoo_health_home	yahoo-network-research	focused	false
GET	/yahoo-life/article	Yahoo Life	yahoo-life-article	yahoo_life_article	yahoo_life_article	yahoo-network-research	focused	false
GET	/yahoo-life/home	Yahoo Life	yahoo-life-home	yahoo_life_home	yahoo_life_home	yahoo-network-research	focused	false
GET	/yahoo-news/article	Yahoo News	yahoo-news-article	yahoo_news_article	yahoo_news_article	news-briefing-research, yahoo-network-research	focused	false
GET	/yahoo-news/category	Yahoo News	yahoo-news-category	yahoo_news_category	yahoo_news_category	news-briefing-research, yahoo-network-research	focused	false
GET	/yahoo-news/comments	Yahoo News	yahoo-news-comments	yahoo_news_comments	yahoo_news_comments	news-briefing-research, yahoo-network-research	focused	false
GET	/yahoo-news/comments/replies	Yahoo News	yahoo-news-comment-replies	yahoo_news_comment_replies	yahoo_news_comment_replies	news-briefing-research, yahoo-network-research	focused	false
GET	/yahoo-news/home	Yahoo News	yahoo-news-home	yahoo_news_home	yahoo_news_home	news-briefing-research, yahoo-network-research	focused	false
GET	/yahoo-news/related	Yahoo News	yahoo-news-related	yahoo_news_related	yahoo_news_related	news-briefing-research, yahoo-network-research	focused	false
GET	/yahoo-news/suggest	Yahoo News	yahoo-news-suggest	yahoo_news_suggest	yahoo_news_suggest	news-briefing-research, yahoo-network-research	focused	false
GET	/yahoo-search/images	Yahoo Search	yahoo-search-images	yahoo_search_images	yahoo_search_images	serp-keyword-research	focused	false
GET	/yahoo-search/local	Yahoo Search	yahoo-search-local	yahoo_search_local	yahoo_search_local	serp-keyword-research	focused	false
GET	/yahoo-search/news	Yahoo Search	yahoo-search-news	yahoo_search_news	yahoo_search_news	serp-keyword-research	focused	false
GET	/yahoo-search/search	Yahoo Search	yahoo-search	yahoo_search	yahoo_search	serp-keyword-research	focused	false
GET	/yahoo-search/suggest	Yahoo Search	yahoo-search-suggest	yahoo_search_suggest	yahoo_search_suggest	serp-keyword-research	focused	false
GET	/yahoo-search/videos	Yahoo Search	yahoo-search-videos	yahoo_search_videos	yahoo_search_videos	serp-keyword-research	focused	false
GET	/yahoo-shopping/article	Yahoo Shopping	yahoo-shopping-article	yahoo_shopping_article	yahoo_shopping_article	yahoo-network-research	focused	false
GET	/yahoo-shopping/category	Yahoo Shopping	yahoo-shopping-category	yahoo_shopping_category	yahoo_shopping_category	yahoo-network-research	focused	false
GET	/yahoo-shopping/home	Yahoo Shopping	yahoo-shopping-home	yahoo_shopping_home	yahoo_shopping_home	yahoo-network-research	focused	false
GET	/yahoo-shopping/shopping-list	Yahoo Shopping	yahoo-shopping-shopping-list	yahoo_shopping_shopping_list	yahoo_shopping_shopping_list	yahoo-network-research	focused	false
GET	/yahoo-shopping/shopping-lists	Yahoo Shopping	yahoo-shopping-shopping-lists	yahoo_shopping_shopping_lists	yahoo_shopping_shopping_lists	yahoo-network-research	focused	false
GET	/yahoo-shopping/store	Yahoo Shopping	yahoo-shopping-store	yahoo_shopping_store	yahoo_shopping_store	yahoo-network-research	focused	false
GET	/yahoo-shopping/stores	Yahoo Shopping	yahoo-shopping-stores	yahoo_shopping_stores	yahoo_shopping_stores	yahoo-network-research	focused	false
GET	/yahoo-sports/game	Yahoo Sports	yahoo-sports-game	yahoo_sports_game	yahoo_sports_game	yahoo-network-research	focused	false
GET	/yahoo-sports/golf-leaderboard	Yahoo Sports	yahoo-sports-golf-leaderboard	yahoo_sports_golf_leaderboard	yahoo_sports_golf_leaderboard	yahoo-network-research	focused	false
GET	/yahoo-sports/golf-schedule	Yahoo Sports	yahoo-sports-golf-schedule	yahoo_sports_golf_schedule	yahoo_sports_golf_schedule	yahoo-network-research	focused	false
GET	/yahoo-sports/mma-fight-card	Yahoo Sports	yahoo-sports-mma-fight-card	yahoo_sports_mma_fight_card	yahoo_sports_mma_fight_card	yahoo-network-research	focused	false
GET	/yahoo-sports/mma-schedule	Yahoo Sports	yahoo-sports-mma-schedule	yahoo_sports_mma_schedule	yahoo_sports_mma_schedule	yahoo-network-research	focused	false
GET	/yahoo-sports/motorsports-race	Yahoo Sports	yahoo-sports-motorsports-race	yahoo_sports_motorsports_race	yahoo_sports_motorsports_race	yahoo-network-research	focused	false
GET	/yahoo-sports/motorsports-schedule	Yahoo Sports	yahoo-sports-motorsports-schedule	yahoo_sports_motorsports_schedule	yahoo_sports_motorsports_schedule	yahoo-network-research	focused	false
GET	/yahoo-sports/news	Yahoo Sports	yahoo-sports-news	yahoo_sports_news	yahoo_sports_news	yahoo-network-research	focused	false
GET	/yahoo-sports/olympics-medals	Yahoo Sports	yahoo-sports-olympics-medals	yahoo_sports_olympics_medals	yahoo_sports_olympics_medals	yahoo-network-research	focused	false
GET	/yahoo-sports/player	Yahoo Sports	yahoo-sports-player	yahoo_sports_player	yahoo_sports_player	yahoo-network-research	focused	false
GET	/yahoo-sports/scoreboard	Yahoo Sports	yahoo-sports-scoreboard	yahoo_sports_scoreboard	yahoo_sports_scoreboard	yahoo-network-research	focused	false
GET	/yahoo-sports/standings	Yahoo Sports	yahoo-sports-standings	yahoo_sports_standings	yahoo_sports_standings	yahoo-network-research	focused	false
GET	/yahoo-sports/team	Yahoo Sports	yahoo-sports-team	yahoo_sports_team	yahoo_sports_team	yahoo-network-research	focused	false
GET	/yahoo-sports/team-roster	Yahoo Sports	yahoo-sports-team-roster	yahoo_sports_team_roster	yahoo_sports_team_roster	yahoo-network-research	focused	false
GET	/yahoo-sports/team-schedule	Yahoo Sports	yahoo-sports-team-schedule	yahoo_sports_team_schedule	yahoo_sports_team_schedule	yahoo-network-research	focused	false
GET	/yahoo-sports/tennis-rankings	Yahoo Sports	yahoo-sports-tennis-rankings	yahoo_sports_tennis_rankings	yahoo_sports_tennis_rankings	yahoo-network-research	focused	false
GET	/yahoo-sports/tennis-schedule	Yahoo Sports	yahoo-sports-tennis-schedule	yahoo_sports_tennis_schedule	yahoo_sports_tennis_schedule	yahoo-network-research	focused	false
GET	/yahoo-sports/tennis-scoreboard	Yahoo Sports	yahoo-sports-tennis-scoreboard	yahoo_sports_tennis_scoreboard	yahoo_sports_tennis_scoreboard	yahoo-network-research	focused	false
GET	/yahoo-tech/article	Yahoo Tech	yahoo-tech-article	yahoo_tech_article	yahoo_tech_article	yahoo-network-research	focused	false
GET	/yahoo-tech/category	Yahoo Tech	yahoo-tech-category	yahoo_tech_category	yahoo_tech_category	yahoo-network-research	focused	false
GET	/yahoo-tech/home	Yahoo Tech	yahoo-tech-home	yahoo_tech_home	yahoo_tech_home	yahoo-network-research	focused	false
GET	/yardbarker/article	Yardbarker	yardbarker-article	yardbarker_article	yardbarker_article	news-media-research	focused	false
GET	/yardbarker/author	Yardbarker	yardbarker-author	yardbarker_author	yardbarker_author	news-media-research	focused	false
GET	/yardbarker/headlines	Yardbarker	yardbarker-headlines	yardbarker_headlines	yardbarker_headlines	news-media-research	focused	false
GET	/yardbarker/news	Yardbarker	yardbarker-news	yardbarker_news	yardbarker_news	news-media-research	focused	false
GET	/yardbarker/sections	Yardbarker	yardbarker-sections	yardbarker_sections	yardbarker_sections	news-media-research	focused	false
GET	/yelp/business/{id}	Yelp	yelp-business	yelp_business	yelp_business	local-business-prospecting, local-business-reputation-research, local-competitive-landscape, restaurant-food-delivery-research	focused	false
GET	/yelp/business/{id}/menu	Yelp	yelp-business-menu	yelp_business_menu	yelp_business_menu	local-business-reputation-research, restaurant-food-delivery-research	focused	false
GET	/yelp/business/{id}/photos	Yelp	yelp-business-photos	yelp_business_photos	yelp_business_photos	local-business-reputation-research, restaurant-food-delivery-research	focused	false
GET	/yelp/business/{id}/reviews	Yelp	yelp-business-reviews	yelp_business_reviews	yelp_business_reviews	local-business-reputation-research, restaurant-food-delivery-research	focused	false
GET	/yelp/business/{id}/reviews/highlights	Yelp	yelp-business-review-highlights	yelp_business_review_highlights	yelp_business_review_highlights	local-business-reputation-research, restaurant-food-delivery-research	focused	false
GET	/yelp/business/{id}/reviews/search	Yelp	yelp-business-reviews-search	yelp_business_reviews_search	yelp_business_reviews_search	local-business-reputation-research, restaurant-food-delivery-research	focused	false
GET	/yelp/geocode	Yelp	yelp-geocode	yelp_geocode	yelp_geocode	local-business-reputation-research, restaurant-food-delivery-research	focused	false
GET	/yelp/search	Yelp	yelp-search	yelp_search	yelp_search	local-business-prospecting, local-business-reputation-research, local-competitive-landscape, restaurant-food-delivery-research	focused	false
GET	/yoox/categories	YOOX	yoox-categories	yoox_categories	yoox_categories	luxury-resale-research	focused	false
GET	/yoox/designers	YOOX	yoox-designers	yoox_designers	yoox_designers	luxury-resale-research	focused	false
GET	/yoox/product	YOOX	yoox-product	yoox_product	yoox_product	luxury-resale-research	focused	false
GET	/yoox/search	YOOX	yoox-search	yoox_search	yoox_search	luxury-resale-research	focused	false
GET	/youtube/captions/{id}	YouTube	youtube-captions	youtube_captions	youtube_captions	youtube-research	focused	false
GET	/youtube/channel/{id}/playlists	YouTube	youtube-channel-playlists	youtube_channel_playlists	youtube_channel_playlists	youtube-research	focused	false
GET	/youtube/channel/{id}/search	YouTube	youtube-channel-search	youtube_channel_search	youtube_channel_search	youtube-research	focused	false
GET	/youtube/channel/{id}/shorts	YouTube	youtube-channel-shorts	youtube_channel_shorts	youtube_channel_shorts	youtube-research	focused	false
GET	/youtube/channel/{id}/videos	YouTube	youtube-channel-videos	youtube_channel_videos	youtube_channel_videos	influencer-discovery, youtube-research	focused	false
GET	/youtube/comments/{id}	YouTube	youtube-comments	youtube_comments	youtube_comments	youtube-research	focused	false
GET	/youtube/playlist/{id}	YouTube	youtube-playlist	youtube_playlist	youtube_playlist	youtube-research	focused	false
GET	/youtube/profile/{id}	YouTube	youtube-profile	youtube_profile	youtube_profile	influencer-discovery, youtube-research	focused	false
GET	/youtube/search	YouTube	youtube-search	youtube_search	youtube_search	influencer-discovery, youtube-research	focused	false
GET	/youtube/tag/{tag}	YouTube	youtube-tag	youtube_tag	youtube_tag	youtube-research	focused	false
GET	/youtube/transcript/{id}	YouTube	youtube-transcript	youtube_transcript	youtube_transcript	youtube-research	focused	false
GET	/youtube/transcript/{id}/languages	YouTube	youtube-transcript-languages	youtube_transcript_languages	youtube_transcript_languages	youtube-research	focused	false
GET	/youtube/video/{id}	YouTube	youtube-video	youtube_video	youtube_video	influencer-discovery, youtube-research	focused	false
GET	/zalando/categories	Zalando	zalando-categories	zalando_categories	zalando_categories	product-price-research, zalando-research	focused	false
GET	/zalando/category	Zalando	zalando-category	zalando_category	zalando_category	product-price-research, zalando-research	focused	false
GET	/zalando/markets	Zalando	zalando-markets	zalando_markets	zalando_markets	product-price-research, zalando-research	focused	false
GET	/zalando/product	Zalando	zalando-product	zalando_product	zalando_product	product-price-research, zalando-research	focused	false
GET	/zalando/search	Zalando	zalando-search	zalando_search	zalando_search	product-price-research, zalando-research	focused	false
GET	/zalando/suggest	Zalando	zalando-suggest	zalando_suggest	zalando_suggest	product-price-research, zalando-research	focused	false
GET	/zappos/brand	Zappos	zappos-brand	zappos_brand	zappos_brand	product-price-research, zappos-research	focused	false
GET	/zappos/brands	Zappos	zappos-brands	zappos_brands	zappos_brands	product-price-research, zappos-research	focused	false
GET	/zappos/product/{productId}	Zappos	zappos-product	zappos_product	zappos_product	product-price-research, zappos-research	focused	false
GET	/zappos/search	Zappos	zappos-search	zappos_search	zappos_search	product-price-research, zappos-research	focused	false
GET	/zappos/suggest	Zappos	zappos-suggest	zappos_suggest	zappos_suggest	product-price-research, zappos-research	focused	false
GET	/zara/categories	Zara	zara-categories	zara_categories	zara_categories	product-price-research, zara-research	focused	false
GET	/zara/category/{categoryId}/products	Zara	zara-category-products	zara_category_products	zara_category_products	product-price-research, zara-research	focused	false
GET	/zara/product/{productId}	Zara	zara-product	zara_product	zara_product	product-price-research, zara-research	focused	false
GET	/zara/search	Zara	zara-search	zara_search	zara_search	product-price-research, zara-research	focused	false
GET	/zara/stores	Zara	zara-stores	zara_stores	zara_stores	product-price-research, zara-research	focused	false
GET	/zara/suggest	Zara	zara-suggest	zara_suggest	zara_suggest	product-price-research, zara-research	focused	false
GET	/zaxbys/menu	Zaxbys	zaxbys-menu	zaxbys_menu	zaxbys_menu	restaurant-food-delivery-research	focused	false
GET	/zaxbys/nearby	Zaxbys	zaxbys-nearby	zaxbys_nearby	zaxbys_nearby	restaurant-food-delivery-research	focused	false
GET	/zaxbys/store	Zaxbys	zaxbys-store	zaxbys_store	zaxbys_store	restaurant-food-delivery-research	focused	false
GET	/zdnet/article	ZDNet	zdnet-article	zdnet_article	zdnet_article	news-media-research	focused	false
GET	/zdnet/author	ZDNet	zdnet-author	zdnet_author	zdnet_author	news-media-research	focused	false
GET	/zdnet/headlines	ZDNet	zdnet-headlines	zdnet_headlines	zdnet_headlines	news-media-research	focused	false
GET	/zdnet/news	ZDNet	zdnet-news	zdnet_news	zdnet_news	news-media-research	focused	false
GET	/zdnet/sections	ZDNet	zdnet-sections	zdnet_sections	zdnet_sections	news-media-research	focused	false
GET	/zillow/autocomplete	Zillow	zillow-autocomplete	zillow_autocomplete	zillow_autocomplete	real-estate-autos-research	focused	false
GET	/zillow/property/{zpid}	Zillow	zillow-property	zillow_property	zillow_property	real-estate-autos-research	focused	false
GET	/zillow/search	Zillow	zillow-search	zillow_search	zillow_search	real-estate-autos-research	focused	false
GET	/zomato/cities	Zomato	zomato-cities	zomato_cities	zomato_cities	restaurant-food-delivery-research	focused	false
GET	/zomato/collection	Zomato	zomato-collection	zomato_collection	zomato_collection	restaurant-food-delivery-research	focused	false
GET	/zomato/collections	Zomato	zomato-collections	zomato_collections	zomato_collections	restaurant-food-delivery-research	focused	false
GET	/zomato/restaurant	Zomato	zomato-restaurant	zomato_restaurant	zomato_restaurant	restaurant-food-delivery-research	focused	false
GET	/zomato/restaurant/menu	Zomato	zomato-restaurant-menu	zomato_restaurant_menu	zomato_restaurant_menu	restaurant-food-delivery-research	focused	false
GET	/zomato/search	Zomato	zomato-search	zomato_search	zomato_search	restaurant-food-delivery-research	focused	false
